app_id,game_name,month,avg_players,peak_players
1245620,Elden Ring,May 2026,30726.75,48039.0
1245620,Elden Ring,April 2026,30199.07,51362.0
1245620,Elden Ring,March 2026,27300.24,52254.0
1245620,Elden Ring,February 2026,28365.08,46513.0
1245620,Elden Ring,January 2026,35660.76,56891.0
1245620,Elden Ring,December 2025,27400.47,53064.0
1245620,Elden Ring,November 2025,21927.02,36017.0
1245620,Elden Ring,October 2025,19687.39,34896.0
1245620,Elden Ring,September 2025,21685.38,40335.0
1245620,Elden Ring,August 2025,30037.68,50646.0
1245620,Elden Ring,July 2025,37735.8,61614.0
1245620,Elden Ring,June 2025,35448.0,57823.0
1245620,Elden Ring,May 2025,33344.75,55927.0
1245620,Elden Ring,April 2025,35063.01,62189.0
1245620,Elden Ring,March 2025,40065.85,74406.0
1245620,Elden Ring,February 2025,42583.1,69179.0
1245620,Elden Ring,January 2025,49013.49,83919.0
1245620,Elden Ring,December 2024,36631.95,78593.0
1245620,Elden Ring,November 2024,27544.73,46103.0
1245620,Elden Ring,October 2024,32692.51,61587.0
1245620,Elden Ring,September 2024,43414.05,74818.0
1245620,Elden Ring,August 2024,80731.49,162341.0
1245620,Elden Ring,July 2024,209287.73,431218.0
1245620,Elden Ring,June 2024,219194.74,780786.0
1245620,Elden Ring,May 2024,44657.44,82749.0
1245620,Elden Ring,April 2024,41731.46,76642.0
1245620,Elden Ring,March 2024,62147.08,111914.0
1245620,Elden Ring,February 2024,48618.88,108636.0
1245620,Elden Ring,January 2024,54179.83,99007.0
1245620,Elden Ring,December 2023,33432.32,88401.0
1245620,Elden Ring,November 2023,26967.01,51640.0
1245620,Elden Ring,October 2023,32574.61,67367.0
1245620,Elden Ring,September 2023,21544.89,37349.0
1245620,Elden Ring,August 2023,27705.6,45933.0
1245620,Elden Ring,July 2023,35293.65,56698.0
1245620,Elden Ring,June 2023,20992.34,34628.0
1245620,Elden Ring,May 2023,25426.56,43846.0
1245620,Elden Ring,April 2023,33295.98,59357.0
1245620,Elden Ring,March 2023,43807.61,74718.0
1245620,Elden Ring,February 2023,50443.25,81740.0
1245620,Elden Ring,January 2023,67885.47,106913.0
1245620,Elden Ring,December 2022,40312.34,85651.0
1245620,Elden Ring,November 2022,23942.12,36112.0
1245620,Elden Ring,October 2022,24608.97,39776.0
1245620,Elden Ring,September 2022,27756.87,45238.0
1245620,Elden Ring,August 2022,31075.95,47252.0
1245620,Elden Ring,July 2022,35632.79,52347.0
1245620,Elden Ring,June 2022,50150.34,88390.0
1245620,Elden Ring,May 2022,90047.14,192569.0
1245620,Elden Ring,April 2022,211468.89,457067.0
1245620,Elden Ring,March 2022,522066.37,952523.0
1086940,Baldur's Gate 3,May 2026,41482.14,71430.0
1086940,Baldur's Gate 3,April 2026,40040.91,73878.0
1086940,Baldur's Gate 3,March 2026,44383.0,85713.0
1086940,Baldur's Gate 3,February 2026,51140.2,100711.0
1086940,Baldur's Gate 3,January 2026,67683.87,126670.0
1086940,Baldur's Gate 3,December 2025,52246.15,107963.0
1086940,Baldur's Gate 3,November 2025,45399.02,79547.0
1086940,Baldur's Gate 3,October 2025,46881.08,87229.0
1086940,Baldur's Gate 3,September 2025,48175.53,89267.0
1086940,Baldur's Gate 3,August 2025,53730.03,94332.0
1086940,Baldur's Gate 3,July 2025,51305.96,89719.0
1086940,Baldur's Gate 3,June 2025,54291.78,105828.0
1086940,Baldur's Gate 3,May 2025,72840.76,140690.0
1086940,Baldur's Gate 3,April 2025,71448.86,168862.0
1086940,Baldur's Gate 3,March 2025,50333.03,91942.0
1086940,Baldur's Gate 3,February 2025,58799.09,108782.0
1086940,Baldur's Gate 3,January 2025,66434.64,122720.0
1086940,Baldur's Gate 3,December 2024,61423.94,111403.0
1086940,Baldur's Gate 3,November 2024,58781.53,107086.0
1086940,Baldur's Gate 3,October 2024,62014.04,120185.0
1086940,Baldur's Gate 3,September 2024,72992.88,136574.0
1086940,Baldur's Gate 3,August 2024,66700.08,119687.0
1086940,Baldur's Gate 3,July 2024,66693.79,115180.0
1086940,Baldur's Gate 3,June 2024,58745.54,103767.0
1086940,Baldur's Gate 3,May 2024,59252.96,108235.0
1086940,Baldur's Gate 3,April 2024,67371.04,125240.0
1086940,Baldur's Gate 3,March 2024,84583.46,157224.0
1086940,Baldur's Gate 3,February 2024,103998.0,200843.0
1086940,Baldur's Gate 3,January 2024,160228.77,297492.0
1086940,Baldur's Gate 3,December 2023,131807.78,258536.0
1086940,Baldur's Gate 3,November 2023,100508.31,202546.0
1086940,Baldur's Gate 3,October 2023,148107.96,333010.0
1086940,Baldur's Gate 3,September 2023,272089.86,584548.0
1086940,Baldur's Gate 3,August 2023,450982.28,875343.0
1086940,Baldur's Gate 3,July 2023,11755.46,32315.0
1086940,Baldur's Gate 3,June 2023,2106.56,4271.0
1086940,Baldur's Gate 3,May 2023,1965.73,3612.0
1086940,Baldur's Gate 3,April 2023,2441.7,4716.0
1086940,Baldur's Gate 3,March 2023,2423.73,5106.0
1086940,Baldur's Gate 3,February 2023,2139.12,4676.0
1086940,Baldur's Gate 3,January 2023,3120.62,7184.0
1086940,Baldur's Gate 3,December 2022,3668.54,10965.0
1086940,Baldur's Gate 3,November 2022,1101.57,2142.0
1086940,Baldur's Gate 3,October 2022,1230.89,2457.0
1086940,Baldur's Gate 3,September 2022,1307.68,2630.0
1086940,Baldur's Gate 3,August 2022,1844.26,3870.0
1086940,Baldur's Gate 3,July 2022,2916.14,7577.0
1086940,Baldur's Gate 3,June 2022,1071.09,2014.0
1086940,Baldur's Gate 3,May 2022,1072.02,2008.0
1086940,Baldur's Gate 3,April 2022,1206.77,2256.0
1086940,Baldur's Gate 3,March 2022,1361.42,2907.0
1086940,Baldur's Gate 3,February 2022,2073.66,5816.0
1086940,Baldur's Gate 3,January 2022,1586.72,3101.0
1086940,Baldur's Gate 3,December 2021,1495.86,2792.0
1086940,Baldur's Gate 3,November 2021,2225.25,4611.0
1086940,Baldur's Gate 3,October 2021,3647.82,11903.0
1086940,Baldur's Gate 3,September 2021,1824.07,3220.0
1086940,Baldur's Gate 3,August 2021,2036.1,3851.0
1086940,Baldur's Gate 3,July 2021,2270.54,6939.0
1086940,Baldur's Gate 3,June 2021,1273.55,2405.0
1086940,Baldur's Gate 3,May 2021,1581.65,2956.0
1086940,Baldur's Gate 3,April 2021,1967.63,3756.0
1086940,Baldur's Gate 3,March 2021,3565.79,8790.0
1086940,Baldur's Gate 3,February 2021,2424.04,10693.0
1086940,Baldur's Gate 3,January 2021,2212.57,4138.0
1086940,Baldur's Gate 3,December 2020,2670.6,6785.0
1086940,Baldur's Gate 3,November 2020,4834.83,15256.0
1086940,Baldur's Gate 3,October 2020,16792.37,48418.0
730,Counter-Strike 2,May 2026,932721.03,1489217.0
730,Counter-Strike 2,April 2026,974785.71,1564830.0
730,Counter-Strike 2,March 2026,1069173.12,1717624.0
730,Counter-Strike 2,February 2026,1084094.59,1627561.0
730,Counter-Strike 2,January 2026,1070443.78,1654355.0
730,Counter-Strike 2,December 2025,991176.89,1620137.0
730,Counter-Strike 2,November 2025,981482.45,1597285.0
730,Counter-Strike 2,October 2025,948244.21,1588091.0
730,Counter-Strike 2,September 2025,925940.31,1571060.0
730,Counter-Strike 2,August 2025,928429.24,1502245.0
730,Counter-Strike 2,July 2025,920069.98,1427300.0
730,Counter-Strike 2,June 2025,1010123.99,1725815.0
730,Counter-Strike 2,May 2025,1038596.81,1712216.0
730,Counter-Strike 2,April 2025,1045701.65,1811827.0
730,Counter-Strike 2,March 2025,1039662.81,1818368.0
730,Counter-Strike 2,February 2025,1003570.56,1783434.0
730,Counter-Strike 2,January 2025,914092.22,1594016.0
730,Counter-Strike 2,December 2024,913953.36,1740261.0
730,Counter-Strike 2,November 2024,852164.3,1556938.0
730,Counter-Strike 2,October 2024,829438.76,1484045.0
730,Counter-Strike 2,September 2024,836306.66,1473144.0
730,Counter-Strike 2,August 2024,897337.88,1425958.0
730,Counter-Strike 2,July 2024,875365.08,1342171.0
730,Counter-Strike 2,June 2024,947520.53,1510840.0
730,Counter-Strike 2,May 2024,958207.34,1614925.0
730,Counter-Strike 2,April 2024,930748.98,1618685.0
730,Counter-Strike 2,March 2024,885629.69,1521796.0
730,Counter-Strike 2,February 2024,786630.82,1347519.0
730,Counter-Strike 2,January 2024,760859.23,1277907.0
730,Counter-Strike 2,December 2023,770094.8,1248217.0
730,Counter-Strike 2,November 2023,714511.43,1161043.0
730,Counter-Strike 2,October 2023,792124.96,1364902.0
730,Counter-Strike 2,September 2023,976137.99,1556326.0
730,Counter-Strike 2,August 2023,922152.86,1369511.0
730,Counter-Strike 2,July 2023,881690.91,1222913.0
730,Counter-Strike 2,June 2023,1085966.81,1665869.0
730,Counter-Strike 2,May 2023,1117517.4,1802853.0
730,Counter-Strike 2,April 2023,918085.6,1510231.0
730,Counter-Strike 2,March 2023,843474.54,1519457.0
730,Counter-Strike 2,February 2023,805105.9,1354248.0
730,Counter-Strike 2,January 2023,726150.29,1199684.0
730,Counter-Strike 2,December 2022,629325.0,1065079.0
730,Counter-Strike 2,November 2022,621005.99,1129095.0
730,Counter-Strike 2,October 2022,608349.53,1078860.0
730,Counter-Strike 2,September 2022,618776.04,1100366.0
730,Counter-Strike 2,August 2022,641444.78,1039889.0
730,Counter-Strike 2,July 2022,594453.07,928329.0
730,Counter-Strike 2,June 2022,572222.47,906670.0
730,Counter-Strike 2,May 2022,564961.7,923996.0
730,Counter-Strike 2,April 2022,568983.16,1013237.0
730,Counter-Strike 2,March 2022,581489.69,987993.0
730,Counter-Strike 2,February 2022,634638.4,995163.0
730,Counter-Strike 2,January 2022,602376.27,991625.0
730,Counter-Strike 2,December 2021,546614.19,950586.0
730,Counter-Strike 2,November 2021,548161.67,935593.0
730,Counter-Strike 2,October 2021,512435.85,864966.0
730,Counter-Strike 2,September 2021,512350.92,942519.0
730,Counter-Strike 2,August 2021,512081.96,802544.0
730,Counter-Strike 2,July 2021,506067.36,763523.0
730,Counter-Strike 2,June 2021,549347.08,929940.0
730,Counter-Strike 2,May 2021,659888.89,1087197.0
730,Counter-Strike 2,April 2021,723346.52,1148077.0
730,Counter-Strike 2,March 2021,740927.82,1198581.0
730,Counter-Strike 2,February 2021,741013.24,1123485.0
730,Counter-Strike 2,January 2021,743209.66,1124553.0
730,Counter-Strike 2,December 2020,717803.75,1164396.0
730,Counter-Strike 2,November 2020,668754.58,1037464.0
730,Counter-Strike 2,October 2020,613666.69,943876.0
730,Counter-Strike 2,September 2020,606850.32,977769.0
730,Counter-Strike 2,August 2020,639957.66,925348.0
730,Counter-Strike 2,July 2020,625900.81,857560.0
730,Counter-Strike 2,June 2020,671647.46,1009467.0
730,Counter-Strike 2,May 2020,768795.25,1193359.0
730,Counter-Strike 2,April 2020,857604.22,1305714.0
730,Counter-Strike 2,March 2020,671033.29,1145972.0
730,Counter-Strike 2,February 2020,543979.15,916996.0
730,Counter-Strike 2,January 2020,501196.0,817229.0
730,Counter-Strike 2,December 2019,456701.56,767060.0
730,Counter-Strike 2,November 2019,426080.81,758412.0
730,Counter-Strike 2,October 2019,408995.31,747937.0
730,Counter-Strike 2,September 2019,410925.6,720052.0
730,Counter-Strike 2,August 2019,415097.3,647461.0
730,Counter-Strike 2,July 2019,393782.83,578933.0
730,Counter-Strike 2,June 2019,389376.72,587724.0
730,Counter-Strike 2,May 2019,364417.31,588453.0
730,Counter-Strike 2,April 2019,351989.92,621614.0
730,Counter-Strike 2,March 2019,390240.16,680071.0
730,Counter-Strike 2,February 2019,371358.96,654069.0
730,Counter-Strike 2,January 2019,401366.87,684511.0
730,Counter-Strike 2,December 2018,395509.26,746548.0
730,Counter-Strike 2,November 2018,310085.43,546031.0
730,Counter-Strike 2,October 2018,325907.82,565968.0
730,Counter-Strike 2,September 2018,333163.99,583029.0
730,Counter-Strike 2,August 2018,283531.31,454370.0
730,Counter-Strike 2,July 2018,273307.26,426008.0
730,Counter-Strike 2,June 2018,266862.24,420261.0
730,Counter-Strike 2,May 2018,262170.88,454481.0
730,Counter-Strike 2,April 2018,289076.7,523262.0
730,Counter-Strike 2,March 2018,354270.33,672502.0
730,Counter-Strike 2,February 2018,382457.1,686588.0
730,Counter-Strike 2,January 2018,382030.53,715850.0
730,Counter-Strike 2,December 2017,340876.88,598405.0
730,Counter-Strike 2,November 2017,321131.4,601881.0
730,Counter-Strike 2,October 2017,341861.26,639968.0
730,Counter-Strike 2,September 2017,354402.09,665371.0
730,Counter-Strike 2,August 2017,374425.69,595781.0
730,Counter-Strike 2,July 2017,377589.04,624785.0
730,Counter-Strike 2,June 2017,374388.04,614621.0
730,Counter-Strike 2,May 2017,371829.34,692966.0
730,Counter-Strike 2,April 2017,392199.19,709841.0
730,Counter-Strike 2,March 2017,386908.72,742356.0
730,Counter-Strike 2,February 2017,402385.71,744468.0
730,Counter-Strike 2,January 2017,393109.53,814616.0
730,Counter-Strike 2,December 2016,342195.7,662460.0
730,Counter-Strike 2,November 2016,329045.26,627124.0
730,Counter-Strike 2,October 2016,333076.46,661985.0
730,Counter-Strike 2,September 2016,322525.89,638360.0
730,Counter-Strike 2,August 2016,347229.25,599095.0
730,Counter-Strike 2,July 2016,353777.56,636056.0
730,Counter-Strike 2,June 2016,334311.06,579110.0
730,Counter-Strike 2,May 2016,338738.39,668612.0
730,Counter-Strike 2,April 2016,375795.87,850485.0
730,Counter-Strike 2,March 2016,379426.95,737599.0
730,Counter-Strike 2,February 2016,376285.02,738969.0
730,Counter-Strike 2,January 2016,365371.09,667432.0
730,Counter-Strike 2,December 2015,377447.11,823694.0
730,Counter-Strike 2,November 2015,360925.88,786707.0
730,Counter-Strike 2,October 2015,362766.09,732093.0
730,Counter-Strike 2,September 2015,355905.33,725939.0
730,Counter-Strike 2,August 2015,357535.24,819902.0
730,Counter-Strike 2,July 2015,329532.38,541181.0
730,Counter-Strike 2,June 2015,344156.01,610401.0
730,Counter-Strike 2,May 2015,317286.29,677701.0
730,Counter-Strike 2,April 2015,291748.74,568556.0
730,Counter-Strike 2,March 2015,267996.31,595439.0
730,Counter-Strike 2,February 2015,239934.64,455508.0
730,Counter-Strike 2,January 2015,234070.68,443188.0
730,Counter-Strike 2,December 2014,183589.5,367634.0
730,Counter-Strike 2,November 2014,147329.07,348018.0
730,Counter-Strike 2,October 2014,133537.7,260613.0
730,Counter-Strike 2,September 2014,131034.68,242494.0
730,Counter-Strike 2,August 2014,133185.79,277192.0
730,Counter-Strike 2,July 2014,106138.0,193613.0
730,Counter-Strike 2,June 2014,84163.62,164134.0
730,Counter-Strike 2,May 2014,84925.02,170137.0
730,Counter-Strike 2,April 2014,78880.53,142526.0
730,Counter-Strike 2,March 2014,70143.33,164495.0
730,Counter-Strike 2,February 2014,59791.37,119764.0
730,Counter-Strike 2,January 2014,55627.35,102084.0
730,Counter-Strike 2,December 2013,46788.27,96298.0
730,Counter-Strike 2,November 2013,29890.52,92279.0
730,Counter-Strike 2,October 2013,27902.14,53263.0
730,Counter-Strike 2,September 2013,27678.91,52052.0
730,Counter-Strike 2,August 2013,25961.85,50511.0
730,Counter-Strike 2,July 2013,20492.52,42149.0
730,Counter-Strike 2,June 2013,18119.84,33700.0
730,Counter-Strike 2,May 2013,18710.34,53379.0
730,Counter-Strike 2,April 2013,16006.0,31966.0
730,Counter-Strike 2,March 2013,15959.89,32166.0
730,Counter-Strike 2,February 2013,17372.73,35238.0
730,Counter-Strike 2,January 2013,16164.22,31359.0
730,Counter-Strike 2,December 2012,14079.39,27553.0
730,Counter-Strike 2,November 2012,14134.1,50533.0
730,Counter-Strike 2,October 2012,10739.48,20850.0
730,Counter-Strike 2,September 2012,16000.75,36057.0
730,Counter-Strike 2,August 2012,15475.39,52261.0
730,Counter-Strike 2,July 2012,932.57,1642.0
2357570,Overwatch 2,May 2026,55207.93,78898.0
2357570,Overwatch 2,April 2026,58631.77,92215.0
2357570,Overwatch 2,March 2026,67416.45,112793.0
2357570,Overwatch 2,February 2026,71282.58,164636.0
2357570,Overwatch 2,January 2026,27950.22,42705.0
2357570,Overwatch 2,December 2025,29448.1,51561.0
2357570,Overwatch 2,November 2025,27246.12,40465.0
2357570,Overwatch 2,October 2025,29233.06,50626.0
2357570,Overwatch 2,September 2025,30724.89,46341.0
2357570,Overwatch 2,August 2025,27288.21,58060.0
2357570,Overwatch 2,July 2025,21926.13,30153.0
2357570,Overwatch 2,June 2025,23254.35,37106.0
2357570,Overwatch 2,May 2025,25846.3,40006.0
2357570,Overwatch 2,April 2025,25815.54,59939.0
2357570,Overwatch 2,March 2025,24783.49,40105.0
2357570,Overwatch 2,February 2025,24089.86,58897.0
2357570,Overwatch 2,January 2025,19508.78,36182.0
2357570,Overwatch 2,December 2024,25291.85,48626.0
2357570,Overwatch 2,November 2024,32257.29,56607.0
2357570,Overwatch 2,October 2024,34339.59,58217.0
2357570,Overwatch 2,September 2024,35406.04,59499.0
2357570,Overwatch 2,August 2024,34632.44,58937.0
2357570,Overwatch 2,July 2024,29393.58,51648.0
2357570,Overwatch 2,June 2024,28194.72,50230.0
2357570,Overwatch 2,May 2024,28625.86,51505.0
2357570,Overwatch 2,April 2024,29712.84,60819.0
2357570,Overwatch 2,March 2024,26580.34,45666.0
2357570,Overwatch 2,February 2024,24677.11,41298.0
2357570,Overwatch 2,January 2024,20152.53,35307.0
2357570,Overwatch 2,December 2023,20742.67,38536.0
2357570,Overwatch 2,November 2023,20736.42,38886.0
2357570,Overwatch 2,October 2023,19301.44,37788.0
2357570,Overwatch 2,September 2023,17863.41,33414.0
2357570,Overwatch 2,August 2023,28327.17,75361.0
2767030,Marvel Rivals,May 2026,67588.02,131986.0
2767030,Marvel Rivals,April 2026,70115.93,140505.0
2767030,Marvel Rivals,March 2026,65150.02,141041.0
2767030,Marvel Rivals,February 2026,81367.62,152784.0
2767030,Marvel Rivals,January 2026,88790.01,199788.0
2767030,Marvel Rivals,December 2025,75491.61,152267.0
2767030,Marvel Rivals,November 2025,65301.49,124050.0
2767030,Marvel Rivals,October 2025,63715.7,127557.0
2767030,Marvel Rivals,September 2025,64417.54,131528.0
2767030,Marvel Rivals,August 2025,77502.23,149457.0
2767030,Marvel Rivals,July 2025,82825.08,162931.0
2767030,Marvel Rivals,June 2025,79805.77,158539.0
2767030,Marvel Rivals,May 2025,102116.47,189945.0
2767030,Marvel Rivals,April 2025,134118.13,315153.0
2767030,Marvel Rivals,March 2025,144301.85,307057.0
2767030,Marvel Rivals,February 2025,227999.59,437272.0
2767030,Marvel Rivals,January 2025,306065.72,642333.0
2767030,Marvel Rivals,December 2024,279402.29,418832.0
1091500,Cyberpunk 2077,May 2026,27605.38,53569.0
1091500,Cyberpunk 2077,April 2026,27490.97,50852.0
1091500,Cyberpunk 2077,March 2026,26846.06,53058.0
1091500,Cyberpunk 2077,February 2026,28195.89,50226.0
1091500,Cyberpunk 2077,January 2026,37310.08,65234.0
1091500,Cyberpunk 2077,December 2025,38704.31,61506.0
1091500,Cyberpunk 2077,November 2025,26020.7,53385.0
1091500,Cyberpunk 2077,October 2025,31692.28,67536.0
1091500,Cyberpunk 2077,September 2025,32970.21,63411.0
1091500,Cyberpunk 2077,August 2025,47414.08,83863.0
1091500,Cyberpunk 2077,July 2025,42497.63,70422.0
1091500,Cyberpunk 2077,June 2025,27840.7,56726.0
1091500,Cyberpunk 2077,May 2025,26858.16,57605.0
1091500,Cyberpunk 2077,April 2025,24943.4,45973.0
1091500,Cyberpunk 2077,March 2025,29383.03,61274.0
1091500,Cyberpunk 2077,February 2025,32860.34,66521.0
1091500,Cyberpunk 2077,January 2025,43016.58,71962.0
1091500,Cyberpunk 2077,December 2024,42891.48,71296.0
1091500,Cyberpunk 2077,November 2024,28574.69,54954.0
1091500,Cyberpunk 2077,October 2024,26655.95,50754.0
1091500,Cyberpunk 2077,September 2024,25832.76,57379.0
1091500,Cyberpunk 2077,August 2024,24479.69,48068.0
1091500,Cyberpunk 2077,July 2024,24961.69,42923.0
1091500,Cyberpunk 2077,June 2024,21812.7,40623.0
1091500,Cyberpunk 2077,May 2024,22409.11,42906.0
1091500,Cyberpunk 2077,April 2024,25688.06,53453.0
1091500,Cyberpunk 2077,March 2024,25764.3,48570.0
1091500,Cyberpunk 2077,February 2024,29303.43,54610.0
1091500,Cyberpunk 2077,January 2024,38653.51,72853.0
1091500,Cyberpunk 2077,December 2023,48632.66,88875.0
1091500,Cyberpunk 2077,November 2023,40241.12,81390.0
1091500,Cyberpunk 2077,October 2023,94909.27,273990.0
1091500,Cyberpunk 2077,September 2023,57259.74,258880.0
1091500,Cyberpunk 2077,August 2023,16461.41,32080.0
1091500,Cyberpunk 2077,July 2023,18886.12,31956.0
1091500,Cyberpunk 2077,June 2023,14736.68,30953.0
1091500,Cyberpunk 2077,May 2023,11877.68,22434.0
1091500,Cyberpunk 2077,April 2023,16091.94,31446.0
1091500,Cyberpunk 2077,March 2023,13336.98,26135.0
1091500,Cyberpunk 2077,February 2023,15201.83,29184.0
1091500,Cyberpunk 2077,January 2023,26879.91,43719.0
1091500,Cyberpunk 2077,December 2022,28087.94,45266.0
1091500,Cyberpunk 2077,November 2022,31206.98,56955.0
1091500,Cyberpunk 2077,October 2022,53194.59,118285.0
1091500,Cyberpunk 2077,September 2022,43297.11,136724.0
1091500,Cyberpunk 2077,August 2022,10411.26,18695.0
1091500,Cyberpunk 2077,July 2022,11597.0,19519.0
1091500,Cyberpunk 2077,June 2022,9989.26,18516.0
1091500,Cyberpunk 2077,May 2022,10884.86,24052.0
1091500,Cyberpunk 2077,April 2022,12442.88,23181.0
1091500,Cyberpunk 2077,March 2022,17680.72,35109.0
1091500,Cyberpunk 2077,February 2022,21975.77,59061.0
1091500,Cyberpunk 2077,January 2022,14519.69,27587.0
1091500,Cyberpunk 2077,December 2021,16773.66,30227.0
1091500,Cyberpunk 2077,November 2021,10442.22,28779.0
1091500,Cyberpunk 2077,October 2021,8003.59,16250.0
1091500,Cyberpunk 2077,September 2021,10232.7,19706.0
1091500,Cyberpunk 2077,August 2021,10432.34,21483.0
1091500,Cyberpunk 2077,July 2021,9633.97,17110.0
1091500,Cyberpunk 2077,June 2021,8864.45,15703.0
1091500,Cyberpunk 2077,May 2021,10388.37,17885.0
1091500,Cyberpunk 2077,April 2021,12994.52,25322.0
1091500,Cyberpunk 2077,March 2021,13145.84,22890.0
1091500,Cyberpunk 2077,February 2021,24704.84,47115.0
1091500,Cyberpunk 2077,January 2021,82146.66,225670.0
1091500,Cyberpunk 2077,December 2020,332395.65,830387.0
275850,No Man's Sky,May 2026,9621.67,28162.0
275850,No Man's Sky,April 2026,12320.58,25650.0
275850,No Man's Sky,March 2026,10351.38,21398.0
275850,No Man's Sky,February 2026,13769.34,32169.0
275850,No Man's Sky,January 2026,11562.84,24023.0
275850,No Man's Sky,December 2025,13723.25,22580.0
275850,No Man's Sky,November 2025,17173.63,35456.0
275850,No Man's Sky,October 2025,21855.38,43104.0
275850,No Man's Sky,September 2025,45883.75,110429.0
275850,No Man's Sky,August 2025,13106.42,93195.0
275850,No Man's Sky,July 2025,9291.76,15287.0
275850,No Man's Sky,June 2025,11280.11,23640.0
275850,No Man's Sky,May 2025,6524.81,12970.0
275850,No Man's Sky,April 2025,9641.27,20566.0
275850,No Man's Sky,March 2025,10968.11,22837.0
275850,No Man's Sky,February 2025,22574.66,43443.0
275850,No Man's Sky,January 2025,9252.59,27721.0
275850,No Man's Sky,December 2024,11499.01,20566.0
275850,No Man's Sky,November 2024,10889.2,21542.0
275850,No Man's Sky,October 2024,9980.6,25403.0
275850,No Man's Sky,September 2024,16844.93,38475.0
275850,No Man's Sky,August 2024,17543.89,40951.0
275850,No Man's Sky,July 2024,17408.24,54901.0
275850,No Man's Sky,June 2024,8135.78,20046.0
275850,No Man's Sky,May 2024,5123.8,14956.0
275850,No Man's Sky,April 2024,8735.2,18923.0
275850,No Man's Sky,March 2024,7438.4,18819.0
275850,No Man's Sky,February 2024,8006.92,23461.0
275850,No Man's Sky,January 2024,6079.09,11934.0
275850,No Man's Sky,December 2023,7966.36,13308.0
275850,No Man's Sky,November 2023,5798.87,11550.0
275850,No Man's Sky,October 2023,10483.32,22361.0
275850,No Man's Sky,September 2023,16344.28,34085.0
275850,No Man's Sky,August 2023,6426.11,20998.0
275850,No Man's Sky,July 2023,6853.47,12234.0
275850,No Man's Sky,June 2023,8731.46,16427.0
275850,No Man's Sky,May 2023,6590.87,12944.0
275850,No Man's Sky,April 2023,11717.96,23336.0
275850,No Man's Sky,March 2023,7395.69,14172.0
275850,No Man's Sky,February 2023,5489.98,14945.0
275850,No Man's Sky,January 2023,6397.22,11366.0
275850,No Man's Sky,December 2022,7522.03,12475.0
275850,No Man's Sky,November 2022,6788.54,12319.0
275850,No Man's Sky,October 2022,9618.7,20349.0
275850,No Man's Sky,September 2022,7935.42,16623.0
275850,No Man's Sky,August 2022,15064.78,32413.0
275850,No Man's Sky,July 2022,15481.9,40753.0
275850,No Man's Sky,June 2022,13275.35,27054.0
275850,No Man's Sky,May 2022,13699.16,28487.0
275850,No Man's Sky,April 2022,13651.52,31870.0
275850,No Man's Sky,March 2022,6018.31,11008.0
275850,No Man's Sky,February 2022,6994.08,14304.0
275850,No Man's Sky,January 2022,6020.54,10741.0
275850,No Man's Sky,December 2021,7068.33,12716.0
275850,No Man's Sky,November 2021,6350.45,13102.0
275850,No Man's Sky,October 2021,8582.6,17754.0
275850,No Man's Sky,September 2021,17826.82,38538.0
275850,No Man's Sky,August 2021,5106.39,8310.0
275850,No Man's Sky,July 2021,6608.76,11719.0
275850,No Man's Sky,June 2021,9036.87,19792.0
275850,No Man's Sky,May 2021,6909.46,13361.0
275850,No Man's Sky,April 2021,9470.57,20871.0
275850,No Man's Sky,March 2021,5834.69,9928.0
275850,No Man's Sky,February 2021,7005.63,15126.0
275850,No Man's Sky,January 2021,6639.96,12707.0
275850,No Man's Sky,December 2020,6691.06,11954.0
275850,No Man's Sky,November 2020,8488.0,16326.0
275850,No Man's Sky,October 2020,12431.63,30502.0
275850,No Man's Sky,September 2020,8526.01,34739.0
275850,No Man's Sky,August 2020,6906.51,14929.0
275850,No Man's Sky,July 2020,9572.2,21844.0
275850,No Man's Sky,June 2020,6562.3,11736.0
275850,No Man's Sky,May 2020,6654.77,12089.0
275850,No Man's Sky,April 2020,11263.19,25414.0
275850,No Man's Sky,March 2020,5919.73,13493.0
275850,No Man's Sky,February 2020,6700.82,17980.0
275850,No Man's Sky,January 2020,5270.44,10613.0
275850,No Man's Sky,December 2019,5303.24,11029.0
275850,No Man's Sky,November 2019,2824.54,9918.0
275850,No Man's Sky,October 2019,3877.12,8568.0
275850,No Man's Sky,September 2019,9019.4,27831.0
275850,No Man's Sky,August 2019,20605.32,61535.0
275850,No Man's Sky,July 2019,3789.93,6914.0
275850,No Man's Sky,June 2019,2675.05,6055.0
275850,No Man's Sky,May 2019,2986.3,7478.0
275850,No Man's Sky,April 2019,2607.54,4971.0
275850,No Man's Sky,March 2019,2051.77,5892.0
275850,No Man's Sky,February 2019,2268.59,4573.0
275850,No Man's Sky,January 2019,3302.08,7621.0
275850,No Man's Sky,December 2018,4730.73,9118.0
275850,No Man's Sky,November 2018,3833.24,8569.0
275850,No Man's Sky,October 2018,3078.88,6291.0
275850,No Man's Sky,September 2018,5911.01,15099.0
275850,No Man's Sky,August 2018,28083.0,83156.0
275850,No Man's Sky,July 2018,14554.19,96954.0
275850,No Man's Sky,June 2018,1035.41,2047.0
275850,No Man's Sky,May 2018,782.81,1942.0
275850,No Man's Sky,April 2018,631.43,1203.0
275850,No Man's Sky,March 2018,557.85,1047.0
275850,No Man's Sky,February 2018,708.16,1406.0
275850,No Man's Sky,January 2018,930.32,1938.0
275850,No Man's Sky,December 2017,905.3,1874.0
275850,No Man's Sky,November 2017,933.2,1915.0
275850,No Man's Sky,October 2017,1035.08,2277.0
275850,No Man's Sky,September 2017,2146.1,5733.0
275850,No Man's Sky,August 2017,4895.45,19017.0
275850,No Man's Sky,July 2017,827.48,1694.0
275850,No Man's Sky,June 2017,651.19,1781.0
275850,No Man's Sky,May 2017,562.13,1052.0
275850,No Man's Sky,April 2017,847.28,1869.0
275850,No Man's Sky,March 2017,1805.89,7023.0
275850,No Man's Sky,February 2017,508.0,1097.0
275850,No Man's Sky,January 2017,869.6,2220.0
275850,No Man's Sky,December 2016,2145.01,6498.0
275850,No Man's Sky,November 2016,900.28,8090.0
275850,No Man's Sky,October 2016,774.14,2172.0
275850,No Man's Sky,September 2016,2982.79,9254.0
275850,No Man's Sky,August 2016,36976.41,212321.0
578080,PUBG: BATTLEGROUNDS,May 2026,321602.24,822338.0
578080,PUBG: BATTLEGROUNDS,April 2026,353167.38,979753.0
578080,PUBG: BATTLEGROUNDS,March 2026,327212.78,1290870.0
578080,PUBG: BATTLEGROUNDS,February 2026,267134.96,694462.0
578080,PUBG: BATTLEGROUNDS,January 2026,290396.69,712143.0
578080,PUBG: BATTLEGROUNDS,December 2025,279406.47,751295.0
578080,PUBG: BATTLEGROUNDS,November 2025,277985.22,691068.0
578080,PUBG: BATTLEGROUNDS,October 2025,266558.99,750442.0
578080,PUBG: BATTLEGROUNDS,September 2025,278095.62,707773.0
578080,PUBG: BATTLEGROUNDS,August 2025,295503.96,724503.0
578080,PUBG: BATTLEGROUNDS,July 2025,303261.31,944484.0
578080,PUBG: BATTLEGROUNDS,June 2025,309892.01,778327.0
578080,PUBG: BATTLEGROUNDS,May 2025,305253.18,804674.0
578080,PUBG: BATTLEGROUNDS,April 2025,317441.03,861598.0
578080,PUBG: BATTLEGROUNDS,March 2025,345527.34,1329605.0
578080,PUBG: BATTLEGROUNDS,February 2025,316776.38,818843.0
578080,PUBG: BATTLEGROUNDS,January 2025,307550.31,786821.0
578080,PUBG: BATTLEGROUNDS,December 2024,321097.93,799077.0
578080,PUBG: BATTLEGROUNDS,November 2024,315613.2,796001.0
578080,PUBG: BATTLEGROUNDS,October 2024,293349.98,762909.0
578080,PUBG: BATTLEGROUNDS,September 2024,298267.38,807515.0
578080,PUBG: BATTLEGROUNDS,August 2024,285247.47,719506.0
578080,PUBG: BATTLEGROUNDS,July 2024,293396.8,700235.0
578080,PUBG: BATTLEGROUNDS,June 2024,287498.52,699256.0
578080,PUBG: BATTLEGROUNDS,May 2024,271364.22,693105.0
578080,PUBG: BATTLEGROUNDS,April 2024,280853.22,699697.0
578080,PUBG: BATTLEGROUNDS,March 2024,281342.08,764034.0
578080,PUBG: BATTLEGROUNDS,February 2024,250314.93,609366.0
578080,PUBG: BATTLEGROUNDS,January 2024,249557.66,587152.0
578080,PUBG: BATTLEGROUNDS,December 2023,247012.55,623852.0
578080,PUBG: BATTLEGROUNDS,November 2023,206208.57,502374.0
578080,PUBG: BATTLEGROUNDS,October 2023,188670.82,444585.0
578080,PUBG: BATTLEGROUNDS,September 2023,181956.39,415099.0
578080,PUBG: BATTLEGROUNDS,August 2023,180372.9,397857.0
578080,PUBG: BATTLEGROUNDS,July 2023,163507.73,356738.0
578080,PUBG: BATTLEGROUNDS,June 2023,164443.43,376727.0
578080,PUBG: BATTLEGROUNDS,May 2023,183498.98,414957.0
578080,PUBG: BATTLEGROUNDS,April 2023,197736.31,444973.0
578080,PUBG: BATTLEGROUNDS,March 2023,203405.11,459344.0
578080,PUBG: BATTLEGROUNDS,February 2023,220871.5,490332.0
578080,PUBG: BATTLEGROUNDS,January 2023,203658.43,465423.0
578080,PUBG: BATTLEGROUNDS,December 2022,212290.36,586384.0
578080,PUBG: BATTLEGROUNDS,November 2022,183919.79,425493.0
578080,PUBG: BATTLEGROUNDS,October 2022,196558.88,440651.0
578080,PUBG: BATTLEGROUNDS,September 2022,195439.04,448410.0
578080,PUBG: BATTLEGROUNDS,August 2022,184372.52,395910.0
578080,PUBG: BATTLEGROUNDS,July 2022,177018.21,391255.0
578080,PUBG: BATTLEGROUNDS,June 2022,181187.81,413426.0
578080,PUBG: BATTLEGROUNDS,May 2022,200854.21,468207.0
578080,PUBG: BATTLEGROUNDS,April 2022,223541.44,527433.0
578080,PUBG: BATTLEGROUNDS,March 2022,226114.89,535587.0
578080,PUBG: BATTLEGROUNDS,February 2022,241174.46,532109.0
578080,PUBG: BATTLEGROUNDS,January 2022,242322.35,696704.0
578080,PUBG: BATTLEGROUNDS,December 2021,153670.81,363839.0
578080,PUBG: BATTLEGROUNDS,November 2021,141261.19,341570.0
578080,PUBG: BATTLEGROUNDS,October 2021,158437.88,393496.0
578080,PUBG: BATTLEGROUNDS,September 2021,167102.12,400709.0
578080,PUBG: BATTLEGROUNDS,August 2021,184828.4,444355.0
578080,PUBG: BATTLEGROUNDS,July 2021,186249.97,413274.0
578080,PUBG: BATTLEGROUNDS,June 2021,179338.27,427913.0
578080,PUBG: BATTLEGROUNDS,May 2021,184701.21,419509.0
578080,PUBG: BATTLEGROUNDS,April 2021,186110.65,453579.0
578080,PUBG: BATTLEGROUNDS,March 2021,193114.18,464480.0
578080,PUBG: BATTLEGROUNDS,February 2021,198957.52,447390.0
578080,PUBG: BATTLEGROUNDS,January 2021,201247.19,451998.0
578080,PUBG: BATTLEGROUNDS,December 2020,189233.58,444680.0
578080,PUBG: BATTLEGROUNDS,November 2020,179520.26,438919.0
578080,PUBG: BATTLEGROUNDS,October 2020,162585.64,381079.0
578080,PUBG: BATTLEGROUNDS,September 2020,169093.71,403693.0
578080,PUBG: BATTLEGROUNDS,August 2020,192492.61,443390.0
578080,PUBG: BATTLEGROUNDS,July 2020,211700.3,469568.0
578080,PUBG: BATTLEGROUNDS,June 2020,230329.74,546359.0
578080,PUBG: BATTLEGROUNDS,May 2020,243258.78,553121.0
578080,PUBG: BATTLEGROUNDS,April 2020,242847.28,913075.0
578080,PUBG: BATTLEGROUNDS,March 2020,228467.17,562028.0
578080,PUBG: BATTLEGROUNDS,February 2020,257584.32,606689.0
578080,PUBG: BATTLEGROUNDS,January 2020,275363.04,645414.0
578080,PUBG: BATTLEGROUNDS,December 2019,308445.45,686239.0
578080,PUBG: BATTLEGROUNDS,November 2019,305659.39,695920.0
578080,PUBG: BATTLEGROUNDS,October 2019,287133.41,637870.0
578080,PUBG: BATTLEGROUNDS,September 2019,311444.31,660864.0
578080,PUBG: BATTLEGROUNDS,August 2019,358530.96,750941.0
578080,PUBG: BATTLEGROUNDS,July 2019,352888.88,745224.0
578080,PUBG: BATTLEGROUNDS,June 2019,363083.37,745960.0
578080,PUBG: BATTLEGROUNDS,May 2019,385840.59,817595.0
578080,PUBG: BATTLEGROUNDS,April 2019,390100.9,886255.0
578080,PUBG: BATTLEGROUNDS,March 2019,417812.51,931407.0
578080,PUBG: BATTLEGROUNDS,February 2019,437959.1,931754.0
578080,PUBG: BATTLEGROUNDS,January 2019,497803.25,1084606.0
578080,PUBG: BATTLEGROUNDS,December 2018,473541.26,1109766.0
578080,PUBG: BATTLEGROUNDS,November 2018,418159.48,895650.0
578080,PUBG: BATTLEGROUNDS,October 2018,469141.74,1048662.0
578080,PUBG: BATTLEGROUNDS,September 2018,542607.05,1125229.0
578080,PUBG: BATTLEGROUNDS,August 2018,619320.48,1260894.0
578080,PUBG: BATTLEGROUNDS,July 2018,688620.42,1350463.0
578080,PUBG: BATTLEGROUNDS,June 2018,800668.23,1750216.0
578080,PUBG: BATTLEGROUNDS,May 2018,876180.64,2175704.0
578080,PUBG: BATTLEGROUNDS,April 2018,1107181.8,2456361.0
578080,PUBG: BATTLEGROUNDS,March 2018,1295408.59,2799269.0
578080,PUBG: BATTLEGROUNDS,February 2018,1391015.3,2934761.0
578080,PUBG: BATTLEGROUNDS,January 2018,1584886.77,3236027.0
578080,PUBG: BATTLEGROUNDS,December 2017,1436158.51,3080769.0
578080,PUBG: BATTLEGROUNDS,November 2017,1334170.09,2915723.0
578080,PUBG: BATTLEGROUNDS,October 2017,1086638.87,2390946.0
578080,PUBG: BATTLEGROUNDS,September 2017,660192.74,1550463.0
578080,PUBG: BATTLEGROUNDS,August 2017,389527.42,874171.0
578080,PUBG: BATTLEGROUNDS,July 2017,229701.7,481291.0
578080,PUBG: BATTLEGROUNDS,June 2017,139902.24,267194.0
578080,PUBG: BATTLEGROUNDS,May 2017,107441.6,189456.0
578080,PUBG: BATTLEGROUNDS,April 2017,69794.98,140104.0
578080,PUBG: BATTLEGROUNDS,March 2017,17551.14,67846.0
1938090,Call of Duty HQ,May 2026,29442.98,49817.0
1938090,Call of Duty HQ,April 2026,30260.34,56600.0
1938090,Call of Duty HQ,March 2026,31557.09,56420.0
1938090,Call of Duty HQ,February 2026,35595.31,65904.0
1938090,Call of Duty HQ,January 2026,35168.15,57963.0
1938090,Call of Duty HQ,December 2025,44253.89,73143.0
1938090,Call of Duty HQ,November 2025,44318.43,91752.0
1938090,Call of Duty HQ,October 2025,40811.6,99072.0
1938090,Call of Duty HQ,September 2025,35886.86,63073.0
1938090,Call of Duty HQ,August 2025,42585.72,70483.0
1938090,Call of Duty HQ,July 2025,51163.93,90230.0
1938090,Call of Duty HQ,June 2025,55035.65,104112.0
1938090,Call of Duty HQ,May 2025,59989.06,111680.0
1938090,Call of Duty HQ,April 2025,69431.38,138335.0
1938090,Call of Duty HQ,March 2025,44613.25,76258.0
1938090,Call of Duty HQ,February 2025,54575.28,101760.0
1938090,Call of Duty HQ,January 2025,61340.37,111472.0
1938090,Call of Duty HQ,December 2024,93505.58,191538.0
1938090,Call of Duty HQ,November 2024,165668.43,313313.0
1938090,Call of Duty HQ,October 2024,84236.44,306133.0
1938090,Call of Duty HQ,September 2024,68244.55,157718.0
1938090,Call of Duty HQ,August 2024,65541.64,153244.0
1938090,Call of Duty HQ,July 2024,67184.69,105754.0
1938090,Call of Duty HQ,June 2024,75656.18,133356.0
1938090,Call of Duty HQ,May 2024,74179.74,129056.0
1938090,Call of Duty HQ,April 2024,87096.72,165756.0
1938090,Call of Duty HQ,March 2024,74850.59,119465.0
1938090,Call of Duty HQ,February 2024,83220.44,154491.0
1938090,Call of Duty HQ,January 2024,89143.73,144838.0
1938090,Call of Duty HQ,December 2023,103126.01,161960.0
1938090,Call of Duty HQ,November 2023,95463.45,190273.0
1938090,Call of Duty HQ,October 2023,68396.52,186402.0
1938090,Call of Duty HQ,September 2023,55145.57,88115.0
1938090,Call of Duty HQ,August 2023,64866.31,111913.0
1938090,Call of Duty HQ,July 2023,60629.36,86278.0
1938090,Call of Duty HQ,June 2023,65050.03,113002.0
1938090,Call of Duty HQ,May 2023,63995.19,102040.0
1938090,Call of Duty HQ,April 2023,81332.08,146067.0
1938090,Call of Duty HQ,March 2023,86525.75,156956.0
1938090,Call of Duty HQ,February 2023,96141.04,167640.0
1938090,Call of Duty HQ,January 2023,102946.08,167294.0
1938090,Call of Duty HQ,December 2022,178353.32,308833.0
1938090,Call of Duty HQ,November 2022,223897.61,488897.0
1938090,Call of Duty HQ,October 2022,103689.35,262875.0
553850,Helldivers 2,May 2026,30661.29,56995.0
553850,Helldivers 2,April 2026,35678.25,83346.0
553850,Helldivers 2,March 2026,47917.25,83024.0
553850,Helldivers 2,February 2026,76473.83,171120.0
553850,Helldivers 2,January 2026,33874.63,64412.0
553850,Helldivers 2,December 2025,34475.01,68577.0
553850,Helldivers 2,November 2025,22073.53,37770.0
553850,Helldivers 2,October 2025,29525.67,61493.0
553850,Helldivers 2,September 2025,68412.3,177327.0
553850,Helldivers 2,August 2025,40433.48,163085.0
553850,Helldivers 2,July 2025,37951.75,75108.0
553850,Helldivers 2,June 2025,53136.43,119358.0
553850,Helldivers 2,May 2025,60291.32,162997.0
553850,Helldivers 2,April 2025,27965.66,48671.0
553850,Helldivers 2,March 2025,38521.25,74048.0
553850,Helldivers 2,February 2025,53276.32,96421.0
553850,Helldivers 2,January 2025,46838.92,94361.0
553850,Helldivers 2,December 2024,56734.54,148524.0
553850,Helldivers 2,November 2024,29650.66,56787.0
553850,Helldivers 2,October 2024,30407.27,72196.0
553850,Helldivers 2,September 2024,25885.31,68315.0
553850,Helldivers 2,August 2024,24574.1,62585.0
553850,Helldivers 2,July 2024,23928.28,47007.0
553850,Helldivers 2,June 2024,41638.31,91692.0
553850,Helldivers 2,May 2024,65221.4,125574.0
553850,Helldivers 2,April 2024,142853.62,333751.0
553850,Helldivers 2,March 2024,217045.57,437818.0
553850,Helldivers 2,February 2024,274304.38,458208.0
292030,The Witcher 3,May 2026,12123.33,29023.0
292030,The Witcher 3,April 2026,11529.08,24058.0
292030,The Witcher 3,March 2026,12211.81,25044.0
292030,The Witcher 3,February 2026,14558.0,29465.0
292030,The Witcher 3,January 2026,18665.51,37614.0
292030,The Witcher 3,December 2025,19269.96,37127.0
292030,The Witcher 3,November 2025,13389.43,34027.0
292030,The Witcher 3,October 2025,11571.21,24376.0
292030,The Witcher 3,September 2025,11043.12,24222.0
292030,The Witcher 3,August 2025,13892.32,27358.0
292030,The Witcher 3,July 2025,13970.09,27556.0
292030,The Witcher 3,June 2025,16655.52,34752.0
292030,The Witcher 3,May 2025,14623.26,42217.0
292030,The Witcher 3,April 2025,11039.54,24073.0
292030,The Witcher 3,March 2025,13603.54,28620.0
292030,The Witcher 3,February 2025,16543.11,36273.0
292030,The Witcher 3,January 2025,21688.04,44369.0
292030,The Witcher 3,December 2024,21388.19,46370.0
292030,The Witcher 3,November 2024,12698.93,25931.0
292030,The Witcher 3,October 2024,11447.59,24456.0
292030,The Witcher 3,September 2024,12354.27,26658.0
292030,The Witcher 3,August 2024,14650.83,31038.0
292030,The Witcher 3,July 2024,19609.43,42090.0
292030,The Witcher 3,June 2024,12347.18,40016.0
292030,The Witcher 3,May 2024,11297.43,24621.0
292030,The Witcher 3,April 2024,12834.17,29561.0
292030,The Witcher 3,March 2024,12212.75,25678.0
292030,The Witcher 3,February 2024,12831.56,27375.0
292030,The Witcher 3,January 2024,13845.81,28512.0
292030,The Witcher 3,December 2023,13896.57,28034.0
292030,The Witcher 3,November 2023,10772.96,27122.0
292030,The Witcher 3,October 2023,11698.63,26915.0
292030,The Witcher 3,September 2023,10423.02,21563.0
292030,The Witcher 3,August 2023,14369.2,31085.0
292030,The Witcher 3,July 2023,16000.26,29324.0
292030,The Witcher 3,June 2023,11875.09,25541.0
292030,The Witcher 3,May 2023,10432.88,20933.0
292030,The Witcher 3,April 2023,12309.22,24961.0
292030,The Witcher 3,March 2023,12976.16,27769.0
292030,The Witcher 3,February 2023,19750.31,46046.0
292030,The Witcher 3,January 2023,37136.57,79210.0
292030,The Witcher 3,December 2022,37310.08,89259.0
292030,The Witcher 3,November 2022,14553.03,34827.0
292030,The Witcher 3,October 2022,11807.48,27275.0
292030,The Witcher 3,September 2022,12556.26,28770.0
292030,The Witcher 3,August 2022,13571.44,26510.0
292030,The Witcher 3,July 2022,13481.44,24297.0
292030,The Witcher 3,June 2022,12177.66,23048.0
292030,The Witcher 3,May 2022,13961.17,31716.0
292030,The Witcher 3,April 2022,15075.03,31534.0
292030,The Witcher 3,March 2022,17832.11,40775.0
292030,The Witcher 3,February 2022,21392.78,46617.0
292030,The Witcher 3,January 2022,36730.6,78592.0
292030,The Witcher 3,December 2021,25127.6,62211.0
292030,The Witcher 3,November 2021,15460.05,31845.0
292030,The Witcher 3,October 2021,13533.08,32571.0
292030,The Witcher 3,September 2021,19679.51,44434.0
292030,The Witcher 3,August 2021,18249.08,44132.0
292030,The Witcher 3,July 2021,19869.14,38753.0
292030,The Witcher 3,June 2021,17441.56,34733.0
292030,The Witcher 3,May 2021,16811.18,41446.0
292030,The Witcher 3,April 2021,18818.8,43867.0
292030,The Witcher 3,March 2021,15413.25,37844.0
292030,The Witcher 3,February 2021,17799.54,38603.0
292030,The Witcher 3,January 2021,20702.44,42783.0
292030,The Witcher 3,December 2020,21141.69,41042.0
292030,The Witcher 3,November 2020,17111.12,37517.0
292030,The Witcher 3,October 2020,13916.9,27402.0
292030,The Witcher 3,September 2020,18310.61,38742.0
292030,The Witcher 3,August 2020,16327.61,36555.0
292030,The Witcher 3,July 2020,18828.38,34735.0
292030,The Witcher 3,June 2020,19000.83,35118.0
292030,The Witcher 3,May 2020,21434.48,41736.0
292030,The Witcher 3,April 2020,27245.33,61236.0
292030,The Witcher 3,March 2020,21457.11,49787.0
292030,The Witcher 3,February 2020,27746.84,62188.0
292030,The Witcher 3,January 2020,48217.32,103329.0
292030,The Witcher 3,December 2019,27360.04,94601.0
292030,The Witcher 3,November 2019,13160.64,26594.0
292030,The Witcher 3,October 2019,9900.18,20367.0
292030,The Witcher 3,September 2019,13255.62,30585.0
292030,The Witcher 3,August 2019,13025.41,25634.0
292030,The Witcher 3,July 2019,18447.65,35770.0
292030,The Witcher 3,June 2019,15194.21,33044.0
292030,The Witcher 3,May 2019,10125.0,21319.0
292030,The Witcher 3,April 2019,12508.73,33783.0
292030,The Witcher 3,March 2019,10877.01,23575.0
292030,The Witcher 3,February 2019,14526.67,33762.0
292030,The Witcher 3,January 2019,13063.19,25651.0
292030,The Witcher 3,December 2018,12029.72,23943.0
292030,The Witcher 3,November 2018,13405.32,27237.0
292030,The Witcher 3,October 2018,10100.67,19557.0
292030,The Witcher 3,September 2018,12232.38,25800.0
292030,The Witcher 3,August 2018,10237.83,19278.0
292030,The Witcher 3,July 2018,15118.61,28266.0
292030,The Witcher 3,June 2018,13706.43,29642.0
292030,The Witcher 3,May 2018,10133.2,19144.0
292030,The Witcher 3,April 2018,11697.12,26152.0
292030,The Witcher 3,March 2018,11525.2,24060.0
292030,The Witcher 3,February 2018,15741.35,31972.0
292030,The Witcher 3,January 2018,15514.6,29721.0
292030,The Witcher 3,December 2017,12931.77,24798.0
292030,The Witcher 3,November 2017,13514.72,28177.0
292030,The Witcher 3,October 2017,12151.0,33188.0
292030,The Witcher 3,September 2017,10795.97,23085.0
292030,The Witcher 3,August 2017,10087.14,18445.0
292030,The Witcher 3,July 2017,14874.07,29255.0
292030,The Witcher 3,June 2017,16026.23,34131.0
292030,The Witcher 3,May 2017,9786.48,17637.0
292030,The Witcher 3,April 2017,11173.29,22658.0
292030,The Witcher 3,March 2017,10312.55,19812.0
292030,The Witcher 3,February 2017,13019.03,25989.0
292030,The Witcher 3,January 2017,16048.63,31967.0
292030,The Witcher 3,December 2016,11897.16,24570.0
292030,The Witcher 3,November 2016,9113.02,21281.0
292030,The Witcher 3,October 2016,8779.56,17821.0
292030,The Witcher 3,September 2016,9492.12,18718.0
292030,The Witcher 3,August 2016,9554.01,18860.0
292030,The Witcher 3,July 2016,14430.46,31244.0
292030,The Witcher 3,June 2016,22123.79,53576.0
292030,The Witcher 3,May 2016,9451.24,49246.0
292030,The Witcher 3,April 2016,5105.42,10318.0
292030,The Witcher 3,March 2016,5797.01,11539.0
292030,The Witcher 3,February 2016,7739.3,14799.0
292030,The Witcher 3,January 2016,11053.46,23429.0
292030,The Witcher 3,December 2015,8966.6,18536.0
292030,The Witcher 3,November 2015,6234.78,15187.0
292030,The Witcher 3,October 2015,8099.79,20651.0
292030,The Witcher 3,September 2015,6259.05,13733.0
292030,The Witcher 3,August 2015,7097.83,13948.0
292030,The Witcher 3,July 2015,10105.8,22148.0
292030,The Witcher 3,June 2015,22813.12,55408.0
292030,The Witcher 3,May 2015,51916.54,92268.0
489830,Skyrim SE,May 2026,22060.32,39516.0
489830,Skyrim SE,April 2026,20681.0,34103.0
489830,Skyrim SE,March 2026,21573.46,36433.0
489830,Skyrim SE,February 2026,24684.36,42050.0
489830,Skyrim SE,January 2026,27866.2,45904.0
489830,Skyrim SE,December 2025,24475.92,40840.0
489830,Skyrim SE,November 2025,22206.81,40135.0
489830,Skyrim SE,October 2025,18804.62,31309.0
489830,Skyrim SE,September 2025,17236.75,27578.0
489830,Skyrim SE,August 2025,18962.64,29693.0
489830,Skyrim SE,July 2025,17691.5,28765.0
489830,Skyrim SE,June 2025,21633.72,40410.0
489830,Skyrim SE,May 2025,28447.07,50490.0
489830,Skyrim SE,April 2025,22328.7,43957.0
489830,Skyrim SE,March 2025,23612.48,39752.0
489830,Skyrim SE,February 2025,28040.26,51651.0
489830,Skyrim SE,January 2025,32154.27,67482.0
489830,Skyrim SE,December 2024,23589.34,41007.0
489830,Skyrim SE,November 2024,20828.99,34565.0
489830,Skyrim SE,October 2024,18991.52,32104.0
489830,Skyrim SE,September 2024,19040.51,30472.0
489830,Skyrim SE,August 2024,20799.93,35564.0
489830,Skyrim SE,July 2024,17609.48,27554.0
489830,Skyrim SE,June 2024,17996.01,30680.0
489830,Skyrim SE,May 2024,18109.29,30262.0
489830,Skyrim SE,April 2024,17804.38,29919.0
489830,Skyrim SE,March 2024,19653.91,33366.0
489830,Skyrim SE,February 2024,20249.46,34671.0
489830,Skyrim SE,January 2024,20086.53,33418.0
489830,Skyrim SE,December 2023,18089.04,31028.0
489830,Skyrim SE,November 2023,19562.53,33525.0
489830,Skyrim SE,October 2023,19202.48,32928.0
489830,Skyrim SE,September 2023,17862.48,28653.0
489830,Skyrim SE,August 2023,21975.19,35317.0
489830,Skyrim SE,July 2023,23065.51,35892.0
489830,Skyrim SE,June 2023,20296.05,31934.0
489830,Skyrim SE,May 2023,20187.95,33013.0
489830,Skyrim SE,April 2023,20150.47,32531.0
489830,Skyrim SE,March 2023,20247.81,33339.0
489830,Skyrim SE,February 2023,23069.78,38842.0
489830,Skyrim SE,January 2023,25854.7,41990.0
489830,Skyrim SE,December 2022,23679.79,36858.0
489830,Skyrim SE,November 2022,21784.3,35973.0
489830,Skyrim SE,October 2022,18522.51,34949.0
489830,Skyrim SE,September 2022,18439.78,32587.0
489830,Skyrim SE,August 2022,21853.02,37365.0
489830,Skyrim SE,July 2022,21641.46,34192.0
489830,Skyrim SE,June 2022,19442.33,31229.0
489830,Skyrim SE,May 2022,17271.62,31156.0
489830,Skyrim SE,April 2022,15990.59,25601.0
489830,Skyrim SE,March 2022,15825.96,25798.0
489830,Skyrim SE,February 2022,20566.74,35593.0
489830,Skyrim SE,January 2022,25444.86,42340.0
489830,Skyrim SE,December 2021,25915.72,44625.0
489830,Skyrim SE,November 2021,26354.04,53665.0
489830,Skyrim SE,October 2021,17617.84,29879.0
489830,Skyrim SE,September 2021,19802.74,32075.0
489830,Skyrim SE,August 2021,22012.2,37370.0
489830,Skyrim SE,July 2021,19281.49,28758.0
489830,Skyrim SE,June 2021,15434.9,24341.0
489830,Skyrim SE,May 2021,17033.98,27567.0
489830,Skyrim SE,April 2021,16583.58,26159.0
489830,Skyrim SE,March 2021,16992.46,27364.0
489830,Skyrim SE,February 2021,20152.65,31961.0
489830,Skyrim SE,January 2021,19619.74,34631.0
489830,Skyrim SE,December 2020,15784.37,26658.0
489830,Skyrim SE,November 2020,14973.07,24514.0
489830,Skyrim SE,October 2020,14634.35,23284.0
489830,Skyrim SE,September 2020,15946.93,24612.0
489830,Skyrim SE,August 2020,19491.25,30978.0
489830,Skyrim SE,July 2020,18930.71,29916.0
489830,Skyrim SE,June 2020,17425.74,29337.0
489830,Skyrim SE,May 2020,16764.98,25892.0
489830,Skyrim SE,April 2020,17807.76,26917.0
489830,Skyrim SE,March 2020,15015.08,26291.0
489830,Skyrim SE,February 2020,14700.87,25303.0
489830,Skyrim SE,January 2020,15991.82,26377.0
489830,Skyrim SE,December 2019,13198.82,23687.0
489830,Skyrim SE,November 2019,10609.15,17841.0
489830,Skyrim SE,October 2019,10421.86,18408.0
489830,Skyrim SE,September 2019,10788.42,18680.0
489830,Skyrim SE,August 2019,12977.59,20823.0
489830,Skyrim SE,July 2019,12895.56,22225.0
489830,Skyrim SE,June 2019,12577.89,20020.0
489830,Skyrim SE,May 2019,11625.3,19843.0
489830,Skyrim SE,April 2019,11751.53,20798.0
489830,Skyrim SE,March 2019,11453.85,21780.0
489830,Skyrim SE,February 2019,12312.19,21698.0
489830,Skyrim SE,January 2019,12585.78,20884.0
489830,Skyrim SE,December 2018,11457.97,19864.0
489830,Skyrim SE,November 2018,10091.03,18616.0
489830,Skyrim SE,October 2018,10363.41,18838.0
489830,Skyrim SE,September 2018,9512.48,17567.0
489830,Skyrim SE,August 2018,11004.51,19106.0
489830,Skyrim SE,July 2018,12046.57,19319.0
489830,Skyrim SE,June 2018,11462.4,19321.0
489830,Skyrim SE,May 2018,11033.55,18427.0
489830,Skyrim SE,April 2018,11774.79,25182.0
489830,Skyrim SE,March 2018,10202.34,17857.0
489830,Skyrim SE,February 2018,10337.17,18673.0
489830,Skyrim SE,January 2018,12217.23,21459.0
489830,Skyrim SE,December 2017,11060.01,19724.0
489830,Skyrim SE,November 2017,8779.98,17725.0
489830,Skyrim SE,October 2017,9564.23,18622.0
489830,Skyrim SE,September 2017,10909.76,23312.0
489830,Skyrim SE,August 2017,9767.89,18461.0
489830,Skyrim SE,July 2017,10336.37,16929.0
489830,Skyrim SE,June 2017,9423.68,15695.0
489830,Skyrim SE,May 2017,9061.61,16427.0
489830,Skyrim SE,April 2017,7668.81,15364.0
489830,Skyrim SE,March 2017,8371.61,16316.0
489830,Skyrim SE,February 2017,9986.33,18727.0
489830,Skyrim SE,January 2017,12180.21,22528.0
489830,Skyrim SE,December 2016,15166.15,30528.0
489830,Skyrim SE,November 2016,28053.6,65584.0
489830,Skyrim SE,October 2016,5678.4,69777.0
489830,Skyrim SE,September 2016,1.42,14.0
2054970,Dragon's Dogma 2,May 2026,1075.17,2367.0
2054970,Dragon's Dogma 2,April 2026,1367.22,2522.0
2054970,Dragon's Dogma 2,March 2026,1558.18,2733.0
2054970,Dragon's Dogma 2,February 2026,1563.67,2998.0
2054970,Dragon's Dogma 2,January 2026,1748.28,3177.0
2054970,Dragon's Dogma 2,December 2025,1379.76,2290.0
2054970,Dragon's Dogma 2,November 2025,1328.93,2677.0
2054970,Dragon's Dogma 2,October 2025,1238.56,2438.0
2054970,Dragon's Dogma 2,September 2025,1122.36,2167.0
2054970,Dragon's Dogma 2,August 2025,1358.19,3043.0
2054970,Dragon's Dogma 2,July 2025,1246.31,2376.0
2054970,Dragon's Dogma 2,June 2025,1469.96,2895.0
2054970,Dragon's Dogma 2,May 2025,1102.01,2417.0
2054970,Dragon's Dogma 2,April 2025,1249.53,2201.0
2054970,Dragon's Dogma 2,March 2025,1701.69,3260.0
2054970,Dragon's Dogma 2,February 2025,1898.97,3454.0
2054970,Dragon's Dogma 2,January 2025,2124.14,3935.0
2054970,Dragon's Dogma 2,December 2024,2523.35,4783.0
2054970,Dragon's Dogma 2,November 2024,2539.25,4827.0
2054970,Dragon's Dogma 2,October 2024,2299.88,5139.0
2054970,Dragon's Dogma 2,September 2024,2403.76,6568.0
2054970,Dragon's Dogma 2,August 2024,1656.26,3034.0
2054970,Dragon's Dogma 2,July 2024,2473.2,4745.0
2054970,Dragon's Dogma 2,June 2024,2410.61,5187.0
2054970,Dragon's Dogma 2,May 2024,5288.93,13780.0
2054970,Dragon's Dogma 2,April 2024,32484.61,113557.0
2054970,Dragon's Dogma 2,March 2024,130734.02,228285.0
377160,Fallout 4,May 2026,11054.03,18069.0
377160,Fallout 4,April 2026,12805.11,22253.0
377160,Fallout 4,March 2026,17847.67,37632.0
377160,Fallout 4,February 2026,30927.72,60427.0
377160,Fallout 4,January 2026,29132.14,53923.0
377160,Fallout 4,December 2025,17101.88,37796.0
377160,Fallout 4,November 2025,15475.59,25110.0
377160,Fallout 4,October 2025,13410.3,25138.0
377160,Fallout 4,September 2025,12515.42,20449.0
377160,Fallout 4,August 2025,13518.64,21622.0
377160,Fallout 4,July 2025,12233.02,19095.0
377160,Fallout 4,June 2025,11679.1,17992.0
377160,Fallout 4,May 2025,11980.49,19602.0
377160,Fallout 4,April 2025,13041.35,21770.0
377160,Fallout 4,March 2025,13207.09,22747.0
377160,Fallout 4,February 2025,13117.63,21399.0
377160,Fallout 4,January 2025,13919.43,22096.0
377160,Fallout 4,December 2024,13235.68,20744.0
377160,Fallout 4,November 2024,13939.0,22872.0
377160,Fallout 4,October 2024,13089.15,24261.0
377160,Fallout 4,September 2024,14072.16,24761.0
377160,Fallout 4,August 2024,19941.76,34798.0
377160,Fallout 4,July 2024,21888.81,37963.0
377160,Fallout 4,June 2024,35491.47,80807.0
377160,Fallout 4,May 2024,76864.78,167779.0
377160,Fallout 4,April 2024,59102.06,186746.0
377160,Fallout 4,March 2024,14791.27,25580.0
377160,Fallout 4,February 2024,14588.76,24354.0
377160,Fallout 4,January 2024,15334.46,24668.0
377160,Fallout 4,December 2023,14343.42,22408.0
377160,Fallout 4,November 2023,13335.89,20753.0
377160,Fallout 4,October 2023,11947.05,21318.0
377160,Fallout 4,September 2023,13668.91,22953.0
377160,Fallout 4,August 2023,17499.49,27730.0
377160,Fallout 4,July 2023,17888.3,27022.0
377160,Fallout 4,June 2023,15064.5,26021.0
377160,Fallout 4,May 2023,13031.28,20281.0
377160,Fallout 4,April 2023,14202.52,22530.0
377160,Fallout 4,March 2023,14218.62,23467.0
377160,Fallout 4,February 2023,15257.11,25698.0
377160,Fallout 4,January 2023,17534.57,27076.0
377160,Fallout 4,December 2022,15924.99,24301.0
377160,Fallout 4,November 2022,17046.01,28190.0
377160,Fallout 4,October 2022,18497.13,31142.0
377160,Fallout 4,September 2022,14754.09,24300.0
377160,Fallout 4,August 2022,16706.22,27516.0
377160,Fallout 4,July 2022,16213.85,23753.0
377160,Fallout 4,June 2022,13997.85,22069.0
377160,Fallout 4,May 2022,13396.39,20626.0
377160,Fallout 4,April 2022,13727.11,21733.0
377160,Fallout 4,March 2022,13503.1,21708.0
377160,Fallout 4,February 2022,15164.19,23963.0
377160,Fallout 4,January 2022,16954.06,24939.0
377160,Fallout 4,December 2021,15426.45,23085.0
377160,Fallout 4,November 2021,17021.69,27235.0
377160,Fallout 4,October 2021,17831.13,32662.0
377160,Fallout 4,September 2021,16614.3,26916.0
377160,Fallout 4,August 2021,19310.69,34180.0
377160,Fallout 4,July 2021,14033.14,20199.0
377160,Fallout 4,June 2021,12430.52,19487.0
377160,Fallout 4,May 2021,13134.68,21237.0
377160,Fallout 4,April 2021,12609.86,19732.0
377160,Fallout 4,March 2021,12642.67,20908.0
377160,Fallout 4,February 2021,13773.15,21274.0
377160,Fallout 4,January 2021,15083.94,23877.0
377160,Fallout 4,December 2020,14459.36,23305.0
377160,Fallout 4,November 2020,16615.12,26621.0
377160,Fallout 4,October 2020,15057.58,29702.0
377160,Fallout 4,September 2020,12872.22,19804.0
377160,Fallout 4,August 2020,15216.79,24206.0
377160,Fallout 4,July 2020,15148.35,23204.0
377160,Fallout 4,June 2020,12924.14,20948.0
377160,Fallout 4,May 2020,15136.06,23912.0
377160,Fallout 4,April 2020,15986.54,24455.0
377160,Fallout 4,March 2020,14345.23,24354.0
377160,Fallout 4,February 2020,13790.63,21988.0
377160,Fallout 4,January 2020,14376.51,23023.0
377160,Fallout 4,December 2019,13979.23,23706.0
377160,Fallout 4,November 2019,13004.15,22661.0
377160,Fallout 4,October 2019,12136.07,23275.0
377160,Fallout 4,September 2019,11968.44,20097.0
377160,Fallout 4,August 2019,14797.48,24918.0
377160,Fallout 4,July 2019,14018.26,25568.0
377160,Fallout 4,June 2019,12941.63,20831.0
377160,Fallout 4,May 2019,11233.31,19712.0
377160,Fallout 4,April 2019,10310.56,17822.0
377160,Fallout 4,March 2019,11599.67,19879.0
377160,Fallout 4,February 2019,12001.22,20610.0
377160,Fallout 4,January 2019,14082.69,25206.0
377160,Fallout 4,December 2018,16971.13,31485.0
377160,Fallout 4,November 2018,18933.89,33389.0
377160,Fallout 4,October 2018,18553.12,36389.0
377160,Fallout 4,September 2018,16579.01,28436.0
377160,Fallout 4,August 2018,18791.24,32239.0
377160,Fallout 4,July 2018,23470.34,43476.0
377160,Fallout 4,June 2018,25521.86,47573.0
377160,Fallout 4,May 2018,15061.22,25653.0
377160,Fallout 4,April 2018,14976.19,26203.0
377160,Fallout 4,March 2018,17147.54,30503.0
377160,Fallout 4,February 2018,21592.46,45111.0
377160,Fallout 4,January 2018,20848.84,37190.0
377160,Fallout 4,December 2017,20002.25,34512.0
377160,Fallout 4,November 2017,18367.61,33736.0
377160,Fallout 4,October 2017,18719.0,35886.0
377160,Fallout 4,September 2017,18244.29,31836.0
377160,Fallout 4,August 2017,18748.47,32696.0
377160,Fallout 4,July 2017,21692.1,36800.0
377160,Fallout 4,June 2017,21782.84,38111.0
377160,Fallout 4,May 2017,18936.13,49675.0
377160,Fallout 4,April 2017,16846.91,29010.0
377160,Fallout 4,March 2017,16898.9,31843.0
377160,Fallout 4,February 2017,19573.86,34587.0
377160,Fallout 4,January 2017,22809.88,41471.0
377160,Fallout 4,December 2016,21058.75,37794.0
377160,Fallout 4,November 2016,19698.4,40096.0
377160,Fallout 4,October 2016,20786.01,39948.0
377160,Fallout 4,September 2016,24394.12,48954.0
377160,Fallout 4,August 2016,23658.21,45998.0
377160,Fallout 4,July 2016,24357.33,41541.0
377160,Fallout 4,June 2016,25232.02,45855.0
377160,Fallout 4,May 2016,29526.4,74283.0
377160,Fallout 4,April 2016,26561.57,52480.0
377160,Fallout 4,March 2016,28526.47,57102.0
377160,Fallout 4,February 2016,32733.17,61739.0
377160,Fallout 4,January 2016,54826.47,119272.0
377160,Fallout 4,December 2015,94136.37,201635.0
377160,Fallout 4,November 2015,226297.83,471955.0
1172470,Apex Legends,May 2026,128963.96,324964.0
1172470,Apex Legends,April 2026,124387.18,301520.0
1172470,Apex Legends,March 2026,111603.39,287202.0
1172470,Apex Legends,February 2026,88899.87,203439.0
1172470,Apex Legends,January 2026,86432.72,206450.0
1172470,Apex Legends,December 2025,78780.9,191112.0
1172470,Apex Legends,November 2025,89983.17,229804.0
1172470,Apex Legends,October 2025,73654.11,181156.0
1172470,Apex Legends,September 2025,83772.59,199203.0
1172470,Apex Legends,August 2025,101672.5,248781.0
1172470,Apex Legends,July 2025,90567.12,209736.0
1172470,Apex Legends,June 2025,106933.93,250796.0
1172470,Apex Legends,May 2025,134646.62,262219.0
1172470,Apex Legends,April 2025,106840.8,199349.0
1172470,Apex Legends,March 2025,90276.4,185193.0
1172470,Apex Legends,February 2025,95099.47,225810.0
1172470,Apex Legends,January 2025,69580.22,153693.0
1172470,Apex Legends,December 2024,74196.38,174720.0
1172470,Apex Legends,November 2024,91362.07,225795.0
1172470,Apex Legends,October 2024,85102.53,184035.0
1172470,Apex Legends,September 2024,107227.3,249334.0
1172470,Apex Legends,August 2024,120008.56,314327.0
1172470,Apex Legends,July 2024,116747.21,265369.0
1172470,Apex Legends,June 2024,139736.43,326928.0
1172470,Apex Legends,May 2024,167424.45,425742.0
1172470,Apex Legends,April 2024,166767.82,430800.0
1172470,Apex Legends,March 2024,189218.54,463933.0
1172470,Apex Legends,February 2024,185661.61,469431.0
1172470,Apex Legends,January 2024,146164.19,344621.0
1172470,Apex Legends,December 2023,144447.76,348791.0
1172470,Apex Legends,November 2023,167295.65,438349.0
1172470,Apex Legends,October 2023,181420.4,435229.0
1172470,Apex Legends,September 2023,186494.41,452991.0
1172470,Apex Legends,August 2023,188891.82,451223.0
1172470,Apex Legends,July 2023,166199.09,349762.0
1172470,Apex Legends,June 2023,189101.02,446463.0
1172470,Apex Legends,May 2023,227947.44,584294.0
1172470,Apex Legends,April 2023,222749.48,562634.0
1172470,Apex Legends,March 2023,255792.2,603290.0
1172470,Apex Legends,February 2023,257416.67,624473.0
1172470,Apex Legends,January 2023,197969.02,413670.0
1172470,Apex Legends,December 2022,170882.73,411891.0
1172470,Apex Legends,November 2022,172345.48,403157.0
1172470,Apex Legends,October 2022,172176.67,386994.0
1172470,Apex Legends,September 2022,221826.62,497242.0
1172470,Apex Legends,August 2022,230432.87,510286.0
1172470,Apex Legends,July 2022,183161.31,347314.0
1172470,Apex Legends,June 2022,177736.44,352659.0
1172470,Apex Legends,May 2022,195551.63,411183.0
1172470,Apex Legends,April 2022,192598.51,370651.0
1172470,Apex Legends,March 2022,183596.68,353623.0
1172470,Apex Legends,February 2022,203653.75,392998.0
1172470,Apex Legends,January 2022,145582.94,264287.0
1172470,Apex Legends,December 2021,122108.27,242823.0
1172470,Apex Legends,November 2021,136245.89,318330.0
1172470,Apex Legends,October 2021,128529.43,248669.0
1172470,Apex Legends,September 2021,139647.96,273617.0
1172470,Apex Legends,August 2021,169528.17,330476.0
1172470,Apex Legends,July 2021,131151.07,262129.0
1172470,Apex Legends,June 2021,136439.9,266591.0
1172470,Apex Legends,May 2021,164238.01,330879.0
1172470,Apex Legends,April 2021,124905.13,217728.0
1172470,Apex Legends,March 2021,126121.06,228439.0
1172470,Apex Legends,February 2021,120982.64,196799.0
1172470,Apex Legends,January 2021,71766.74,129928.0
1172470,Apex Legends,December 2020,64469.75,112076.0
1172470,Apex Legends,November 2020,74957.26,117193.0
1085660,Destiny 2,May 2026,10497.76,28510.0
1085660,Destiny 2,April 2026,7869.86,12852.0
1085660,Destiny 2,March 2026,7292.55,14030.0
1085660,Destiny 2,February 2026,10193.5,21466.0
1085660,Destiny 2,January 2026,16160.82,29014.0
1085660,Destiny 2,December 2025,29833.75,70905.0
1085660,Destiny 2,November 2025,12578.36,22903.0
1085660,Destiny 2,October 2025,14346.77,32553.0
1085660,Destiny 2,September 2025,19307.38,54297.0
1085660,Destiny 2,August 2025,34574.73,74961.0
1085660,Destiny 2,July 2025,41220.28,108362.0
1085660,Destiny 2,June 2025,21027.89,38074.0
1085660,Destiny 2,May 2025,27371.7,59826.0
1085660,Destiny 2,April 2025,22845.9,49891.0
1085660,Destiny 2,March 2025,30967.84,67473.0
1085660,Destiny 2,February 2025,40162.49,77252.0
1085660,Destiny 2,January 2025,18542.26,36488.0
1085660,Destiny 2,December 2024,20929.85,36896.0
1085660,Destiny 2,November 2024,30113.48,53135.0
1085660,Destiny 2,October 2024,36169.31,89512.0
1085660,Destiny 2,September 2024,25233.14,41373.0
1085660,Destiny 2,August 2024,35746.81,63464.0
1085660,Destiny 2,July 2024,62149.43,100435.0
1085660,Destiny 2,June 2024,123022.96,314379.0
1085660,Destiny 2,May 2024,72526.73,116100.0
1085660,Destiny 2,April 2024,60105.96,125545.0
1085660,Destiny 2,March 2024,39479.31,74473.0
1085660,Destiny 2,February 2024,32567.04,46511.0
1085660,Destiny 2,January 2024,39011.79,58769.0
1085660,Destiny 2,December 2023,49451.17,103607.0
1085660,Destiny 2,November 2023,33486.36,94423.0
1085660,Destiny 2,October 2023,42140.39,68148.0
1085660,Destiny 2,September 2023,58963.16,145390.0
1085660,Destiny 2,August 2023,48823.35,126261.0
1085660,Destiny 2,July 2023,47402.03,87620.0
1085660,Destiny 2,June 2023,62610.26,120394.0
1085660,Destiny 2,May 2023,78633.18,192081.0
1085660,Destiny 2,April 2023,87655.91,142128.0
1085660,Destiny 2,March 2023,135102.28,312925.0
1085660,Destiny 2,February 2023,72137.44,316651.0
1085660,Destiny 2,January 2023,63679.8,96428.0
1085660,Destiny 2,December 2022,62138.13,121413.0
1085660,Destiny 2,November 2022,38158.92,60854.0
1085660,Destiny 2,October 2022,59691.11,102690.0
1085660,Destiny 2,September 2022,88624.95,149576.0
1085660,Destiny 2,August 2022,68548.83,193209.0
1085660,Destiny 2,July 2022,54967.12,103075.0
1085660,Destiny 2,June 2022,70241.32,126948.0
1085660,Destiny 2,May 2022,66961.36,178829.0
1085660,Destiny 2,April 2022,58433.68,88326.0
1085660,Destiny 2,March 2022,88605.92,229002.0
1085660,Destiny 2,February 2022,75169.64,289895.0
1085660,Destiny 2,January 2022,53650.09,78752.0
1085660,Destiny 2,December 2021,61768.45,154358.0
1085660,Destiny 2,November 2021,44240.95,76188.0
1085660,Destiny 2,October 2021,66614.57,127770.0
1085660,Destiny 2,September 2021,89845.19,147513.0
1085660,Destiny 2,August 2021,57238.51,177734.0
1085660,Destiny 2,July 2021,52279.26,116526.0
1085660,Destiny 2,June 2021,56889.73,108306.0
1085660,Destiny 2,May 2021,70137.75,187504.0
1085660,Destiny 2,April 2021,45629.18,95209.0
1085660,Destiny 2,March 2021,53350.61,87476.0
1085660,Destiny 2,February 2021,59394.05,131640.0
1085660,Destiny 2,January 2021,44864.92,79290.0
1085660,Destiny 2,December 2020,67000.69,139723.0
1085660,Destiny 2,November 2020,99899.97,241843.0
1085660,Destiny 2,October 2020,50809.4,93741.0
1085660,Destiny 2,September 2020,53312.41,97247.0
1085660,Destiny 2,August 2020,64263.74,122520.0
1085660,Destiny 2,July 2020,68439.75,122236.0
1085660,Destiny 2,June 2020,77550.23,213681.0
1085660,Destiny 2,May 2020,51837.42,76476.0
1085660,Destiny 2,April 2020,66219.64,100645.0
1085660,Destiny 2,March 2020,77571.4,117425.0
1085660,Destiny 2,February 2020,63048.62,93065.0
1085660,Destiny 2,January 2020,65955.1,108724.0
1085660,Destiny 2,December 2019,92170.98,138593.0
1085660,Destiny 2,November 2019,107955.77,195407.0
1085660,Destiny 2,October 2019,165307.82,292314.0
359550,Rainbow Six Siege,May 2026,60338.22,100533.0
359550,Rainbow Six Siege,April 2026,64170.28,108907.0
359550,Rainbow Six Siege,March 2026,72777.06,138483.0
359550,Rainbow Six Siege,February 2026,54004.25,110858.0
359550,Rainbow Six Siege,January 2026,46733.26,88076.0
359550,Rainbow Six Siege,December 2025,39974.8,67233.0
359550,Rainbow Six Siege,November 2025,31876.99,51335.0
359550,Rainbow Six Siege,October 2025,35218.79,63002.0
359550,Rainbow Six Siege,September 2025,51338.59,93669.0
359550,Rainbow Six Siege,August 2025,61650.14,100140.0
359550,Rainbow Six Siege,July 2025,74145.09,111052.0
359550,Rainbow Six Siege,June 2025,80447.23,141309.0
359550,Rainbow Six Siege,May 2025,51085.1,88409.0
359550,Rainbow Six Siege,April 2025,62010.19,105998.0
359550,Rainbow Six Siege,March 2025,80494.73,145490.0
359550,Rainbow Six Siege,February 2025,60258.5,100940.0
359550,Rainbow Six Siege,January 2025,56015.67,95600.0
359550,Rainbow Six Siege,December 2024,47517.59,76821.0
359550,Rainbow Six Siege,November 2024,35763.66,59030.0
359550,Rainbow Six Siege,October 2024,44414.65,76108.0
359550,Rainbow Six Siege,September 2024,51446.86,91165.0
359550,Rainbow Six Siege,August 2024,50272.3,75457.0
359550,Rainbow Six Siege,July 2024,52112.55,73646.0
359550,Rainbow Six Siege,June 2024,57864.53,88626.0
359550,Rainbow Six Siege,May 2024,60580.55,100331.0
359550,Rainbow Six Siege,April 2024,91493.17,155546.0
359550,Rainbow Six Siege,March 2024,105825.14,200476.0
359550,Rainbow Six Siege,February 2024,57569.07,101985.0
359550,Rainbow Six Siege,January 2024,50275.35,83645.0
359550,Rainbow Six Siege,December 2023,42055.58,62190.0
359550,Rainbow Six Siege,November 2023,36814.58,59597.0
359550,Rainbow Six Siege,October 2023,52084.47,94953.0
359550,Rainbow Six Siege,September 2023,58767.53,95149.0
359550,Rainbow Six Siege,August 2023,51906.45,83901.0
359550,Rainbow Six Siege,July 2023,49432.42,70979.0
359550,Rainbow Six Siege,June 2023,45374.91,68292.0
359550,Rainbow Six Siege,May 2023,40341.85,66908.0
359550,Rainbow Six Siege,April 2023,45694.54,79348.0
359550,Rainbow Six Siege,March 2023,49957.15,88146.0
359550,Rainbow Six Siege,February 2023,41643.63,65006.0
359550,Rainbow Six Siege,January 2023,43692.68,66780.0
359550,Rainbow Six Siege,December 2022,38917.45,63872.0
359550,Rainbow Six Siege,November 2022,23470.28,45282.0
359550,Rainbow Six Siege,October 2022,28260.54,54769.0
359550,Rainbow Six Siege,September 2022,34852.0,66141.0
359550,Rainbow Six Siege,August 2022,34981.88,60463.0
359550,Rainbow Six Siege,July 2022,39181.26,64470.0
359550,Rainbow Six Siege,June 2022,38631.29,69997.0
359550,Rainbow Six Siege,May 2022,36859.56,72038.0
359550,Rainbow Six Siege,April 2022,45090.68,93429.0
359550,Rainbow Six Siege,March 2022,46745.65,108630.0
359550,Rainbow Six Siege,February 2022,43867.38,78263.0
359550,Rainbow Six Siege,January 2022,44992.83,74819.0
359550,Rainbow Six Siege,December 2021,43674.12,83292.0
359550,Rainbow Six Siege,November 2021,37857.97,71142.0
359550,Rainbow Six Siege,October 2021,43016.48,79691.0
359550,Rainbow Six Siege,September 2021,51139.69,111554.0
359550,Rainbow Six Siege,August 2021,49906.2,93643.0
359550,Rainbow Six Siege,July 2021,53474.02,89513.0
359550,Rainbow Six Siege,June 2021,54960.64,100214.0
359550,Rainbow Six Siege,May 2021,58274.07,108281.0
359550,Rainbow Six Siege,April 2021,74616.41,142422.0
359550,Rainbow Six Siege,March 2021,85157.21,199830.0
359550,Rainbow Six Siege,February 2021,72382.76,113338.0
359550,Rainbow Six Siege,January 2021,77717.42,123637.0
359550,Rainbow Six Siege,December 2020,70721.5,123374.0
359550,Rainbow Six Siege,November 2020,55307.46,94968.0
359550,Rainbow Six Siege,October 2020,62956.21,114281.0
359550,Rainbow Six Siege,September 2020,75543.34,163478.0
359550,Rainbow Six Siege,August 2020,68205.26,127249.0
359550,Rainbow Six Siege,July 2020,76279.2,122438.0
359550,Rainbow Six Siege,June 2020,70200.51,126733.0
359550,Rainbow Six Siege,May 2020,80099.3,146359.0
359550,Rainbow Six Siege,April 2020,108514.57,194102.0
359550,Rainbow Six Siege,March 2020,119877.88,198567.0
359550,Rainbow Six Siege,February 2020,97667.34,178824.0
359550,Rainbow Six Siege,January 2020,94185.78,157948.0
359550,Rainbow Six Siege,December 2019,78228.73,138681.0
359550,Rainbow Six Siege,November 2019,66499.28,123848.0
359550,Rainbow Six Siege,October 2019,65632.48,125590.0
359550,Rainbow Six Siege,September 2019,77922.76,148365.0
359550,Rainbow Six Siege,August 2019,73956.28,138827.0
359550,Rainbow Six Siege,July 2019,77411.07,128458.0
359550,Rainbow Six Siege,June 2019,78059.34,140274.0
359550,Rainbow Six Siege,May 2019,59172.09,115381.0
359550,Rainbow Six Siege,April 2019,61351.45,124989.0
359550,Rainbow Six Siege,March 2019,69588.02,134776.0
359550,Rainbow Six Siege,February 2019,72997.66,136018.0
359550,Rainbow Six Siege,January 2019,79175.76,137434.0
359550,Rainbow Six Siege,December 2018,70865.32,129558.0
359550,Rainbow Six Siege,November 2018,57902.93,115820.0
359550,Rainbow Six Siege,October 2018,62428.64,123794.0
359550,Rainbow Six Siege,September 2018,73676.87,143866.0
359550,Rainbow Six Siege,August 2018,73816.38,134159.0
359550,Rainbow Six Siege,July 2018,68241.0,116054.0
359550,Rainbow Six Siege,June 2018,66376.81,141630.0
359550,Rainbow Six Siege,May 2018,63092.81,142362.0
359550,Rainbow Six Siege,April 2018,64263.44,124813.0
359550,Rainbow Six Siege,March 2018,83112.29,176208.0
359550,Rainbow Six Siege,February 2018,68796.24,125133.0
359550,Rainbow Six Siege,January 2018,63474.82,109103.0
359550,Rainbow Six Siege,December 2017,59411.66,100433.0
359550,Rainbow Six Siege,November 2017,41483.67,99110.0
359550,Rainbow Six Siege,October 2017,31618.81,59895.0
359550,Rainbow Six Siege,September 2017,36448.87,69988.0
359550,Rainbow Six Siege,August 2017,33923.18,73641.0
359550,Rainbow Six Siege,July 2017,28378.64,47328.0
359550,Rainbow Six Siege,June 2017,24083.72,43057.0
359550,Rainbow Six Siege,May 2017,23804.07,43606.0
359550,Rainbow Six Siege,April 2017,24975.95,47040.0
359550,Rainbow Six Siege,March 2017,26079.63,47994.0
359550,Rainbow Six Siege,February 2017,30568.27,65189.0
359550,Rainbow Six Siege,January 2017,20706.7,34616.0
359550,Rainbow Six Siege,December 2016,17176.87,30859.0
359550,Rainbow Six Siege,November 2016,15355.49,42265.0
359550,Rainbow Six Siege,October 2016,10591.93,19467.0
359550,Rainbow Six Siege,September 2016,10411.69,18099.0
359550,Rainbow Six Siege,August 2016,13971.23,32084.0
359550,Rainbow Six Siege,July 2016,10854.23,39382.0
359550,Rainbow Six Siege,June 2016,9002.74,15295.0
359550,Rainbow Six Siege,May 2016,7069.7,14447.0
359550,Rainbow Six Siege,April 2016,7643.56,29170.0
359550,Rainbow Six Siege,March 2016,6125.46,11234.0
359550,Rainbow Six Siege,February 2016,9263.47,16044.0
359550,Rainbow Six Siege,January 2016,10244.29,20006.0
359550,Rainbow Six Siege,December 2015,7941.45,18130.0
1517290,Battlefield 2042,May 2026,1256.22,3512.0
1517290,Battlefield 2042,April 2026,1397.87,3159.0
1517290,Battlefield 2042,March 2026,1918.99,5886.0
1517290,Battlefield 2042,February 2026,1076.22,2086.0
1517290,Battlefield 2042,January 2026,1195.97,2221.0
1517290,Battlefield 2042,December 2025,1362.23,2687.0
1517290,Battlefield 2042,November 2025,1949.14,4525.0
1517290,Battlefield 2042,October 2025,5093.87,17991.0
1517290,Battlefield 2042,September 2025,21077.33,55781.0
1517290,Battlefield 2042,August 2025,21253.6,74280.0
1517290,Battlefield 2042,July 2025,5481.23,10158.0
1517290,Battlefield 2042,June 2025,4377.35,10083.0
1517290,Battlefield 2042,May 2025,5895.2,12499.0
1517290,Battlefield 2042,April 2025,5281.45,10970.0
1517290,Battlefield 2042,March 2025,7133.32,17158.0
1517290,Battlefield 2042,February 2025,6474.38,12584.0
1517290,Battlefield 2042,January 2025,7253.36,14451.0
1517290,Battlefield 2042,December 2024,9203.39,20652.0
1517290,Battlefield 2042,November 2024,13817.87,34494.0
1517290,Battlefield 2042,October 2024,7021.97,28061.0
1517290,Battlefield 2042,September 2024,7017.63,15484.0
1517290,Battlefield 2042,August 2024,8953.29,18601.0
1517290,Battlefield 2042,July 2024,12112.68,27436.0
1517290,Battlefield 2042,June 2024,7686.83,24090.0
1517290,Battlefield 2042,May 2024,10246.62,22052.0
1517290,Battlefield 2042,April 2024,10660.93,28104.0
1517290,Battlefield 2042,March 2024,13892.19,43541.0
1517290,Battlefield 2042,February 2024,10353.75,20608.0
1517290,Battlefield 2042,January 2024,10938.5,25192.0
1517290,Battlefield 2042,December 2023,14998.99,48831.0
1517290,Battlefield 2042,November 2023,20645.34,55041.0
1517290,Battlefield 2042,October 2023,27052.46,107006.0
1517290,Battlefield 2042,September 2023,5182.41,11843.0
1517290,Battlefield 2042,August 2023,6456.1,13086.0
1517290,Battlefield 2042,July 2023,8226.99,15261.0
1517290,Battlefield 2042,June 2023,8118.59,21825.0
1517290,Battlefield 2042,May 2023,7820.83,18899.0
1517290,Battlefield 2042,April 2023,8506.7,18847.0
1517290,Battlefield 2042,March 2023,11111.45,24293.0
1517290,Battlefield 2042,February 2023,7634.21,18363.0
1517290,Battlefield 2042,January 2023,6904.07,15697.0
1517290,Battlefield 2042,December 2022,10159.26,36424.0
1517290,Battlefield 2042,November 2022,5333.99,17885.0
1517290,Battlefield 2042,October 2022,5274.21,11272.0
1517290,Battlefield 2042,September 2022,6944.6,12968.0
1517290,Battlefield 2042,August 2022,4969.61,16856.0
1517290,Battlefield 2042,July 2022,4893.53,8128.0
1517290,Battlefield 2042,June 2022,6350.38,14989.0
1517290,Battlefield 2042,May 2022,1944.98,3528.0
1517290,Battlefield 2042,April 2022,2108.47,4461.0
1517290,Battlefield 2042,March 2022,2003.52,3241.0
1517290,Battlefield 2042,February 2022,3008.6,5610.0
1517290,Battlefield 2042,January 2022,7833.31,17448.0
1517290,Battlefield 2042,December 2021,20075.16,47367.0
1517290,Battlefield 2042,November 2021,51299.36,100590.0
440,Team Fortress 2,May 2026,46196.31,59777.0
440,Team Fortress 2,April 2026,50683.0,69163.0
440,Team Fortress 2,March 2026,49522.4,66670.0
440,Team Fortress 2,February 2026,49577.86,65782.0
440,Team Fortress 2,January 2026,48842.04,68845.0
440,Team Fortress 2,December 2025,52408.03,92856.0
440,Team Fortress 2,November 2025,45417.59,77876.0
440,Team Fortress 2,October 2025,44426.91,82862.0
440,Team Fortress 2,September 2025,47672.62,67138.0
440,Team Fortress 2,August 2025,46105.64,62083.0
440,Team Fortress 2,July 2025,44977.34,70613.0
440,Team Fortress 2,June 2025,44741.34,60738.0
440,Team Fortress 2,May 2025,41675.36,59650.0
440,Team Fortress 2,April 2025,40713.6,55704.0
440,Team Fortress 2,March 2025,43816.4,58434.0
440,Team Fortress 2,February 2025,42205.35,58638.0
440,Team Fortress 2,January 2025,47976.48,80723.0
440,Team Fortress 2,December 2024,68682.9,146595.0
440,Team Fortress 2,November 2024,51794.45,68400.0
440,Team Fortress 2,October 2024,52663.55,78491.0
440,Team Fortress 2,September 2024,52559.95,67263.0
440,Team Fortress 2,August 2024,63648.29,97050.0
440,Team Fortress 2,July 2024,97583.18,159941.0
440,Team Fortress 2,June 2024,78099.27,148457.0
440,Team Fortress 2,May 2024,72178.57,99995.0
440,Team Fortress 2,April 2024,64920.85,83577.0
440,Team Fortress 2,March 2024,59993.08,77754.0
440,Team Fortress 2,February 2024,70143.03,98588.0
440,Team Fortress 2,January 2024,94137.4,179882.0
440,Team Fortress 2,December 2023,115016.03,215509.0
440,Team Fortress 2,November 2023,67802.73,98605.0
440,Team Fortress 2,October 2023,76833.24,180283.0
440,Team Fortress 2,September 2023,76408.31,110520.0
440,Team Fortress 2,August 2023,91712.7,113761.0
440,Team Fortress 2,July 2023,118906.77,253225.0
440,Team Fortress 2,June 2023,67200.2,120989.0
440,Team Fortress 2,May 2023,79956.29,100266.0
440,Team Fortress 2,April 2023,86829.23,106135.0
440,Team Fortress 2,March 2023,91692.98,116604.0
440,Team Fortress 2,February 2023,91717.08,119399.0
440,Team Fortress 2,January 2023,94161.21,135479.0
440,Team Fortress 2,December 2022,99266.25,147868.0
440,Team Fortress 2,November 2022,89344.18,116266.0
440,Team Fortress 2,October 2022,92058.63,127647.0
440,Team Fortress 2,September 2022,96008.54,133570.0
440,Team Fortress 2,August 2022,97974.33,120426.0
440,Team Fortress 2,July 2022,109642.12,139034.0
440,Team Fortress 2,June 2022,90117.39,138435.0
440,Team Fortress 2,May 2022,68496.28,91626.0
440,Team Fortress 2,April 2022,75412.37,94815.0
440,Team Fortress 2,March 2022,72810.79,92526.0
440,Team Fortress 2,February 2022,70352.92,93238.0
440,Team Fortress 2,January 2022,79748.16,129305.0
440,Team Fortress 2,December 2021,89325.46,129147.0
440,Team Fortress 2,November 2021,96993.06,121812.0
440,Team Fortress 2,October 2021,86103.07,107528.0
440,Team Fortress 2,September 2021,81854.01,100830.0
440,Team Fortress 2,August 2021,75015.97,92436.0
440,Team Fortress 2,July 2021,85157.49,134736.0
440,Team Fortress 2,June 2021,106222.95,150037.0
440,Team Fortress 2,May 2021,89532.22,123327.0
440,Team Fortress 2,April 2021,88187.0,118950.0
440,Team Fortress 2,March 2021,88703.56,113107.0
440,Team Fortress 2,February 2021,101230.91,133620.0
440,Team Fortress 2,January 2021,83148.17,111102.0
440,Team Fortress 2,December 2020,82423.51,146887.0
440,Team Fortress 2,November 2020,70304.79,101610.0
440,Team Fortress 2,October 2020,73594.08,130548.0
440,Team Fortress 2,September 2020,68866.24,86576.0
440,Team Fortress 2,August 2020,66943.58,96577.0
440,Team Fortress 2,July 2020,69301.89,89648.0
440,Team Fortress 2,June 2020,65169.91,79946.0
440,Team Fortress 2,May 2020,66393.8,85744.0
440,Team Fortress 2,April 2020,67187.12,88124.0
440,Team Fortress 2,March 2020,67978.93,85149.0
440,Team Fortress 2,February 2020,60109.05,78393.0
440,Team Fortress 2,January 2020,59597.88,76738.0
440,Team Fortress 2,December 2019,61695.9,103481.0
440,Team Fortress 2,November 2019,50315.89,69869.0
440,Team Fortress 2,October 2019,51993.93,73467.0
440,Team Fortress 2,September 2019,48332.88,64640.0
440,Team Fortress 2,August 2019,45544.88,64518.0
440,Team Fortress 2,July 2019,49538.99,93245.0
440,Team Fortress 2,June 2019,43002.54,57130.0
440,Team Fortress 2,May 2019,39076.92,54127.0
440,Team Fortress 2,April 2019,42505.05,60330.0
440,Team Fortress 2,March 2019,45940.01,63379.0
440,Team Fortress 2,February 2019,47707.59,65290.0
440,Team Fortress 2,January 2019,50511.29,66649.0
440,Team Fortress 2,December 2018,50592.4,116141.0
440,Team Fortress 2,November 2018,53084.17,93560.0
440,Team Fortress 2,October 2018,48766.22,97329.0
440,Team Fortress 2,September 2018,41002.12,58152.0
440,Team Fortress 2,August 2018,43632.35,57772.0
440,Team Fortress 2,July 2018,46149.36,59658.0
440,Team Fortress 2,June 2018,44207.43,57752.0
440,Team Fortress 2,May 2018,38847.02,56049.0
440,Team Fortress 2,April 2018,39180.46,58292.0
440,Team Fortress 2,March 2018,36781.88,57366.0
440,Team Fortress 2,February 2018,37715.11,69198.0
440,Team Fortress 2,January 2018,53432.1,72845.0
440,Team Fortress 2,December 2017,51816.11,71122.0
440,Team Fortress 2,November 2017,52270.09,84022.0
440,Team Fortress 2,October 2017,54963.29,97248.0
440,Team Fortress 2,September 2017,50985.18,73411.0
440,Team Fortress 2,August 2017,52992.48,69172.0
440,Team Fortress 2,July 2017,51861.41,66951.0
440,Team Fortress 2,June 2017,52408.06,69895.0
440,Team Fortress 2,May 2017,50126.01,73188.0
440,Team Fortress 2,April 2017,51733.52,72616.0
440,Team Fortress 2,March 2017,49483.19,74656.0
440,Team Fortress 2,February 2017,51787.36,77381.0
440,Team Fortress 2,January 2017,52436.19,77405.0
440,Team Fortress 2,December 2016,50140.76,71438.0
440,Team Fortress 2,November 2016,46904.24,77056.0
440,Team Fortress 2,October 2016,45910.06,81153.0
440,Team Fortress 2,September 2016,48541.21,74797.0
440,Team Fortress 2,August 2016,53742.49,72111.0
440,Team Fortress 2,July 2016,54459.35,72643.0
440,Team Fortress 2,June 2016,51362.73,72453.0
440,Team Fortress 2,May 2016,49804.41,77972.0
440,Team Fortress 2,April 2016,51434.75,81206.0
440,Team Fortress 2,March 2016,52754.37,83425.0
440,Team Fortress 2,February 2016,52864.72,83544.0
440,Team Fortress 2,January 2016,52763.52,80583.0
440,Team Fortress 2,December 2015,52972.94,82824.0
440,Team Fortress 2,November 2015,52145.23,91588.0
440,Team Fortress 2,October 2015,55256.59,91684.0
440,Team Fortress 2,September 2015,55776.77,90718.0
440,Team Fortress 2,August 2015,60484.79,85201.0
440,Team Fortress 2,July 2015,60778.74,83241.0
440,Team Fortress 2,June 2015,56344.56,78971.0
440,Team Fortress 2,May 2015,55586.91,84603.0
440,Team Fortress 2,April 2015,54533.01,84438.0
440,Team Fortress 2,March 2015,54117.72,89571.0
440,Team Fortress 2,February 2015,56469.57,90599.0
440,Team Fortress 2,January 2015,58550.38,94272.0
440,Team Fortress 2,December 2014,58391.58,97449.0
440,Team Fortress 2,November 2014,56732.74,104323.0
440,Team Fortress 2,October 2014,57976.98,101741.0
440,Team Fortress 2,September 2014,55091.58,93749.0
440,Team Fortress 2,August 2014,59228.78,83414.0
440,Team Fortress 2,July 2014,56704.31,76060.0
440,Team Fortress 2,June 2014,53342.72,90242.0
440,Team Fortress 2,May 2014,47900.26,80053.0
440,Team Fortress 2,April 2014,49671.2,80730.0
440,Team Fortress 2,March 2014,49145.6,82998.0
440,Team Fortress 2,February 2014,49817.43,83502.0
440,Team Fortress 2,January 2014,50662.31,83323.0
440,Team Fortress 2,December 2013,47901.53,86393.0
440,Team Fortress 2,November 2013,44536.35,79961.0
440,Team Fortress 2,October 2013,42808.16,74370.0
440,Team Fortress 2,September 2013,43714.36,77493.0
440,Team Fortress 2,August 2013,50324.72,74504.0
440,Team Fortress 2,July 2013,48700.77,72803.0
440,Team Fortress 2,June 2013,50739.88,77349.0
440,Team Fortress 2,May 2013,44632.91,75126.0
440,Team Fortress 2,April 2013,41942.51,71706.0
440,Team Fortress 2,March 2013,43336.2,72799.0
440,Team Fortress 2,February 2013,43210.75,72893.0
440,Team Fortress 2,January 2013,44255.06,74300.0
440,Team Fortress 2,December 2012,43623.98,73695.0
440,Team Fortress 2,November 2012,42498.53,80988.0
440,Team Fortress 2,October 2012,46978.7,106853.0
440,Team Fortress 2,September 2012,50699.07,90232.0
440,Team Fortress 2,August 2012,61561.37,117917.0
440,Team Fortress 2,July 2012,45566.9,62321.0
444090,Paladins,May 2026,794.51,1526.0
444090,Paladins,April 2026,847.72,1632.0
444090,Paladins,March 2026,904.53,1755.0
444090,Paladins,February 2026,1006.15,1950.0
444090,Paladins,January 2026,977.4,1852.0
444090,Paladins,December 2025,849.62,1596.0
444090,Paladins,November 2025,880.02,1687.0
444090,Paladins,October 2025,894.29,1776.0
444090,Paladins,September 2025,868.84,1727.0
444090,Paladins,August 2025,917.24,1716.0
444090,Paladins,July 2025,875.79,1601.0
444090,Paladins,June 2025,915.51,1758.0
444090,Paladins,May 2025,1262.96,9986.0
444090,Paladins,April 2025,999.25,1871.0
444090,Paladins,March 2025,1411.36,9824.0
444090,Paladins,February 2025,1566.49,4935.0
444090,Paladins,January 2025,1718.9,3308.0
444090,Paladins,December 2024,2164.03,4613.0
444090,Paladins,November 2024,2842.26,5056.0
444090,Paladins,October 2024,2962.44,5519.0
444090,Paladins,September 2024,3403.87,5736.0
444090,Paladins,August 2024,3513.36,5515.0
444090,Paladins,July 2024,3368.57,5716.0
444090,Paladins,June 2024,3438.35,5523.0
444090,Paladins,May 2024,4466.94,7142.0
444090,Paladins,April 2024,3999.21,7182.0
444090,Paladins,March 2024,4610.95,8483.0
444090,Paladins,February 2024,6091.9,9227.0
444090,Paladins,January 2024,5375.56,8979.0
444090,Paladins,December 2023,4843.1,8353.0
444090,Paladins,November 2023,5869.01,8522.0
444090,Paladins,October 2023,6713.86,9769.0
444090,Paladins,September 2023,7440.88,10518.0
444090,Paladins,August 2023,7799.97,10949.0
444090,Paladins,July 2023,8720.05,12209.0
444090,Paladins,June 2023,9153.41,13820.0
444090,Paladins,May 2023,8157.54,12467.0
444090,Paladins,April 2023,8363.02,11457.0
444090,Paladins,March 2023,8549.32,12578.0
444090,Paladins,February 2023,9893.79,13385.0
444090,Paladins,January 2023,8306.15,17560.0
444090,Paladins,December 2022,3741.45,6524.0
444090,Paladins,November 2022,4107.65,9480.0
444090,Paladins,October 2022,4651.42,9942.0
444090,Paladins,September 2022,5121.56,9211.0
444090,Paladins,August 2022,5736.88,9675.0
444090,Paladins,July 2022,6690.2,10826.0
444090,Paladins,June 2022,6351.63,11195.0
444090,Paladins,May 2022,6676.45,12270.0
444090,Paladins,April 2022,6297.46,11052.0
444090,Paladins,March 2022,6064.26,11265.0
444090,Paladins,February 2022,6637.59,11494.0
444090,Paladins,January 2022,6896.85,13059.0
444090,Paladins,December 2021,5820.56,10184.0
444090,Paladins,November 2021,7109.91,12818.0
444090,Paladins,October 2021,7576.11,13687.0
444090,Paladins,September 2021,7479.4,13621.0
444090,Paladins,August 2021,8351.15,13974.0
444090,Paladins,July 2021,8829.61,15277.0
444090,Paladins,June 2021,8321.33,13985.0
444090,Paladins,May 2021,9131.96,15908.0
444090,Paladins,April 2021,10127.52,19000.0
444090,Paladins,March 2021,9616.02,19137.0
444090,Paladins,February 2021,10083.53,18501.0
444090,Paladins,January 2021,10025.56,17456.0
444090,Paladins,December 2020,8752.76,14585.0
444090,Paladins,November 2020,9265.41,16035.0
444090,Paladins,October 2020,8012.12,16679.0
444090,Paladins,September 2020,8414.26,14374.0
444090,Paladins,August 2020,10225.23,16893.0
444090,Paladins,July 2020,10141.15,17726.0
444090,Paladins,June 2020,10537.02,17921.0
444090,Paladins,May 2020,14322.13,28367.0
444090,Paladins,April 2020,16994.88,28658.0
444090,Paladins,March 2020,13920.79,25560.0
444090,Paladins,February 2020,12944.78,23114.0
444090,Paladins,January 2020,13883.41,26050.0
444090,Paladins,December 2019,12501.71,21122.0
444090,Paladins,November 2019,12343.76,23223.0
444090,Paladins,October 2019,10896.04,20045.0
444090,Paladins,September 2019,12082.67,22180.0
444090,Paladins,August 2019,13132.13,22956.0
444090,Paladins,July 2019,12601.19,21159.0
444090,Paladins,June 2019,12487.38,20787.0
444090,Paladins,May 2019,11461.08,20808.0
444090,Paladins,April 2019,11621.09,22250.0
444090,Paladins,March 2019,11935.11,22141.0
444090,Paladins,February 2019,12828.57,25946.0
444090,Paladins,January 2019,15018.07,28070.0
444090,Paladins,December 2018,14880.47,30059.0
444090,Paladins,November 2018,15362.52,33440.0
444090,Paladins,October 2018,14438.1,28335.0
444090,Paladins,September 2018,14074.38,28759.0
444090,Paladins,August 2018,16910.43,27655.0
444090,Paladins,July 2018,17847.17,33794.0
444090,Paladins,June 2018,18351.84,33663.0
444090,Paladins,May 2018,18218.66,34990.0
444090,Paladins,April 2018,16502.71,30742.0
444090,Paladins,March 2018,15862.73,33985.0
444090,Paladins,February 2018,17230.07,33557.0
444090,Paladins,January 2018,20476.93,38563.0
444090,Paladins,December 2017,17981.45,33617.0
444090,Paladins,November 2017,20194.83,39392.0
444090,Paladins,October 2017,20618.15,39205.0
444090,Paladins,September 2017,23315.15,45615.0
444090,Paladins,August 2017,25029.12,43505.0
444090,Paladins,July 2017,25248.16,41268.0
444090,Paladins,June 2017,25993.91,44772.0
444090,Paladins,May 2017,24569.24,46204.0
444090,Paladins,April 2017,24374.63,43444.0
444090,Paladins,March 2017,24806.11,50413.0
444090,Paladins,February 2017,24781.25,48745.0
444090,Paladins,January 2017,23446.78,41509.0
444090,Paladins,December 2016,22029.66,38993.0
444090,Paladins,November 2016,28116.97,60566.0
444090,Paladins,October 2016,29277.14,56149.0
444090,Paladins,September 2016,21029.32,48004.0
1097150,Fall Guys,May 2026,492.76,866.0
1097150,Fall Guys,April 2026,509.01,905.0
1097150,Fall Guys,March 2026,533.98,921.0
1097150,Fall Guys,February 2026,533.74,925.0
1097150,Fall Guys,January 2026,600.13,1098.0
1097150,Fall Guys,December 2025,533.57,963.0
1097150,Fall Guys,November 2025,530.43,985.0
1097150,Fall Guys,October 2025,531.5,935.0
1097150,Fall Guys,September 2025,605.15,1022.0
1097150,Fall Guys,August 2025,726.78,1151.0
1097150,Fall Guys,July 2025,686.06,1135.0
1097150,Fall Guys,June 2025,706.56,1226.0
1097150,Fall Guys,May 2025,689.7,1117.0
1097150,Fall Guys,April 2025,750.14,1245.0
1097150,Fall Guys,March 2025,672.37,1083.0
1097150,Fall Guys,February 2025,791.22,1264.0
1097150,Fall Guys,January 2025,829.75,1293.0
1097150,Fall Guys,December 2024,822.9,1533.0
1097150,Fall Guys,November 2024,871.27,1395.0
1097150,Fall Guys,October 2024,1028.49,1746.0
1097150,Fall Guys,September 2024,1263.95,2105.0
1097150,Fall Guys,August 2024,1560.86,2486.0
1097150,Fall Guys,July 2024,1314.56,1924.0
1097150,Fall Guys,June 2024,1280.04,1842.0
1097150,Fall Guys,May 2024,1257.69,1955.0
1097150,Fall Guys,April 2024,1262.66,2026.0
1097150,Fall Guys,March 2024,1414.75,2694.0
1097150,Fall Guys,February 2024,1486.67,2310.0
1097150,Fall Guys,January 2024,1739.55,2808.0
1097150,Fall Guys,December 2023,1744.34,4027.0
1097150,Fall Guys,November 2023,1785.47,2715.0
1097150,Fall Guys,October 2023,2025.82,3252.0
1097150,Fall Guys,September 2023,2183.04,3659.0
1097150,Fall Guys,August 2023,2625.39,3780.0
1097150,Fall Guys,July 2023,2843.85,3916.0
1097150,Fall Guys,June 2023,3043.82,4539.0
1097150,Fall Guys,May 2023,2841.69,5672.0
1097150,Fall Guys,April 2023,2165.53,3443.0
1097150,Fall Guys,March 2023,2325.08,3711.0
1097150,Fall Guys,February 2023,2698.03,4386.0
1097150,Fall Guys,January 2023,3584.27,5399.0
1097150,Fall Guys,December 2022,4161.46,9974.0
1097150,Fall Guys,November 2022,3930.09,7035.0
1097150,Fall Guys,October 2022,5637.0,12443.0
1097150,Fall Guys,September 2022,8619.22,18591.0
1097150,Fall Guys,August 2022,14410.18,25576.0
1097150,Fall Guys,July 2022,29801.01,52870.0
1097150,Fall Guys,June 2022,17471.95,59554.0
1097150,Fall Guys,May 2022,6378.06,12277.0
1097150,Fall Guys,April 2022,6694.2,17749.0
1097150,Fall Guys,March 2022,8411.04,19968.0
1097150,Fall Guys,February 2022,6118.98,9928.0
1097150,Fall Guys,January 2022,8200.12,15741.0
1097150,Fall Guys,December 2021,8669.5,15901.0
1097150,Fall Guys,November 2021,6294.12,14674.0
1097150,Fall Guys,October 2021,7014.47,16668.0
1097150,Fall Guys,September 2021,10915.2,27277.0
1097150,Fall Guys,August 2021,10614.78,18976.0
1097150,Fall Guys,July 2021,9680.71,18225.0
1097150,Fall Guys,June 2021,6601.58,13775.0
1097150,Fall Guys,May 2021,7111.46,11886.0
1097150,Fall Guys,April 2021,8662.07,16257.0
1097150,Fall Guys,March 2021,9200.54,23065.0
1097150,Fall Guys,February 2021,9036.95,16645.0
1097150,Fall Guys,January 2021,10945.21,20457.0
1097150,Fall Guys,December 2020,13369.77,28612.0
1097150,Fall Guys,November 2020,12792.8,22737.0
1097150,Fall Guys,October 2020,26438.47,83964.0
1097150,Fall Guys,September 2020,66899.48,150587.0
1097150,Fall Guys,August 2020,124479.35,172026.0
2215430,Ghost of Tsushima,May 2026,2542.42,4453.0
2215430,Ghost of Tsushima,April 2026,3060.05,5858.0
2215430,Ghost of Tsushima,March 2026,3711.82,7217.0
2215430,Ghost of Tsushima,February 2026,4233.14,8267.0
2215430,Ghost of Tsushima,January 2026,5481.92,11563.0
2215430,Ghost of Tsushima,December 2025,6797.71,11555.0
2215430,Ghost of Tsushima,November 2025,6308.81,14864.0
2215430,Ghost of Tsushima,October 2025,8290.19,19207.0
2215430,Ghost of Tsushima,September 2025,2546.79,4668.0
2215430,Ghost of Tsushima,August 2025,3296.27,6148.0
2215430,Ghost of Tsushima,July 2025,5039.12,9341.0
2215430,Ghost of Tsushima,June 2025,2653.97,7010.0
2215430,Ghost of Tsushima,May 2025,2843.63,5731.0
2215430,Ghost of Tsushima,April 2025,4524.44,9410.0
2215430,Ghost of Tsushima,March 2025,6207.65,14416.0
2215430,Ghost of Tsushima,February 2025,3575.54,7001.0
2215430,Ghost of Tsushima,January 2025,5440.07,11416.0
2215430,Ghost of Tsushima,December 2024,5239.56,11002.0
2215430,Ghost of Tsushima,November 2024,3062.2,6969.0
2215430,Ghost of Tsushima,October 2024,4589.58,9684.0
2215430,Ghost of Tsushima,September 2024,5888.94,12513.0
2215430,Ghost of Tsushima,August 2024,4790.73,8678.0
2215430,Ghost of Tsushima,July 2024,6463.15,12210.0
2215430,Ghost of Tsushima,June 2024,16239.4,41906.0
2215430,Ghost of Tsushima,May 2024,38454.07,77154.0
1593500,God of War,May 2026,1709.72,3237.0
1593500,God of War,April 2026,2049.86,4052.0
1593500,God of War,March 2026,2866.85,6530.0
1593500,God of War,February 2026,3626.99,8968.0
1593500,God of War,January 2026,3464.78,7589.0
1593500,God of War,December 2025,3951.86,7305.0
1593500,God of War,November 2025,3109.69,9026.0
1593500,God of War,October 2025,2496.48,5884.0
1593500,God of War,September 2025,1586.8,2861.0
1593500,God of War,August 2025,1883.47,3398.0
1593500,God of War,July 2025,2673.52,5444.0
1593500,God of War,June 2025,1586.12,4407.0
1593500,God of War,May 2025,1552.81,2907.0
1593500,God of War,April 2025,1955.56,3836.0
1593500,God of War,March 2025,2414.43,5452.0
1593500,God of War,February 2025,2178.34,4346.0
1593500,God of War,January 2025,3282.33,7742.0
1593500,God of War,December 2024,3580.6,7828.0
1593500,God of War,November 2024,2054.26,4945.0
1593500,God of War,October 2024,2981.77,6679.0
1593500,God of War,September 2024,4799.47,11399.0
1593500,God of War,August 2024,3724.18,9729.0
1593500,God of War,July 2024,2591.88,4970.0
1593500,God of War,June 2024,1909.81,4524.0
1593500,God of War,May 2024,1583.4,2911.0
1593500,God of War,April 2024,2033.36,4074.0
1593500,God of War,March 2024,2532.95,5847.0
1593500,God of War,February 2024,2747.33,5942.0
1593500,God of War,January 2024,4394.34,11449.0
1593500,God of War,December 2023,4939.19,11379.0
1593500,God of War,November 2023,1754.91,4846.0
1593500,God of War,October 2023,1459.58,2650.0
1593500,God of War,September 2023,2048.64,4532.0
1593500,God of War,August 2023,1655.04,2921.0
1593500,God of War,July 2023,2478.46,4557.0
1593500,God of War,June 2023,2166.61,4641.0
1593500,God of War,May 2023,1688.75,3269.0
1593500,God of War,April 2023,2614.09,6022.0
1593500,God of War,March 2023,2904.67,6676.0
1593500,God of War,February 2023,4007.84,8880.0
1593500,God of War,January 2023,7801.41,17909.0
1593500,God of War,December 2022,10003.63,19551.0
1593500,God of War,November 2022,8907.18,19644.0
1593500,God of War,October 2022,3242.44,7333.0
1593500,God of War,September 2022,3357.87,8253.0
1593500,God of War,August 2022,2504.72,4454.0
1593500,God of War,July 2022,3928.4,6781.0
1593500,God of War,June 2022,2515.48,6819.0
1593500,God of War,May 2022,1946.08,3853.0
1593500,God of War,April 2022,2335.93,4604.0
1593500,God of War,March 2022,3442.66,7085.0
1593500,God of War,February 2022,9977.41,23173.0
1593500,God of War,January 2022,34118.86,73529.0
1174180,Red Dead Redemption 2,May 2026,26643.15,49465.0
1174180,Red Dead Redemption 2,April 2026,30362.25,60125.0
1174180,Red Dead Redemption 2,March 2026,27973.63,59364.0
1174180,Red Dead Redemption 2,February 2026,35145.71,68516.0
1174180,Red Dead Redemption 2,January 2026,39652.3,66902.0
1174180,Red Dead Redemption 2,December 2025,36566.32,60836.0
1174180,Red Dead Redemption 2,November 2025,35402.17,64918.0
1174180,Red Dead Redemption 2,October 2025,32641.83,62901.0
1174180,Red Dead Redemption 2,September 2025,28593.74,57251.0
1174180,Red Dead Redemption 2,August 2025,30677.41,54558.0
1174180,Red Dead Redemption 2,July 2025,38297.32,61175.0
1174180,Red Dead Redemption 2,June 2025,32365.12,66882.0
1174180,Red Dead Redemption 2,May 2025,32330.11,61466.0
1174180,Red Dead Redemption 2,April 2025,34992.68,69716.0
1174180,Red Dead Redemption 2,March 2025,33844.02,67662.0
1174180,Red Dead Redemption 2,February 2025,48805.74,99759.0
1174180,Red Dead Redemption 2,January 2025,39036.15,86405.0
1174180,Red Dead Redemption 2,December 2024,34007.24,55781.0
1174180,Red Dead Redemption 2,November 2024,25328.8,49554.0
1174180,Red Dead Redemption 2,October 2024,22053.12,41902.0
1174180,Red Dead Redemption 2,September 2024,24523.8,44993.0
1174180,Red Dead Redemption 2,August 2024,25609.72,46985.0
1174180,Red Dead Redemption 2,July 2024,30713.57,51175.0
1174180,Red Dead Redemption 2,June 2024,25736.91,47009.0
1174180,Red Dead Redemption 2,May 2024,22850.64,41324.0
1174180,Red Dead Redemption 2,April 2024,27909.24,50627.0
1174180,Red Dead Redemption 2,March 2024,29819.99,56052.0
1174180,Red Dead Redemption 2,February 2024,34451.51,62584.0
1174180,Red Dead Redemption 2,January 2024,39352.55,72729.0
1174180,Red Dead Redemption 2,December 2023,43421.45,75466.0
1174180,Red Dead Redemption 2,November 2023,32552.64,77335.0
1174180,Red Dead Redemption 2,October 2023,25090.98,52269.0
1174180,Red Dead Redemption 2,September 2023,29042.68,60944.0
1174180,Red Dead Redemption 2,August 2023,28249.07,51519.0
1174180,Red Dead Redemption 2,July 2023,32490.08,53929.0
1174180,Red Dead Redemption 2,June 2023,25024.73,44594.0
1174180,Red Dead Redemption 2,May 2023,22866.34,43387.0
1174180,Red Dead Redemption 2,April 2023,26896.33,49104.0
1174180,Red Dead Redemption 2,March 2023,27296.91,51699.0
1174180,Red Dead Redemption 2,February 2023,31864.21,66221.0
1174180,Red Dead Redemption 2,January 2023,42408.62,70787.0
1174180,Red Dead Redemption 2,December 2022,39071.78,63092.0
1174180,Red Dead Redemption 2,November 2022,22536.11,66113.0
1174180,Red Dead Redemption 2,October 2022,16907.34,36083.0
1174180,Red Dead Redemption 2,September 2022,17620.36,34026.0
1174180,Red Dead Redemption 2,August 2022,18284.85,33310.0
1174180,Red Dead Redemption 2,July 2022,21028.39,34677.0
1174180,Red Dead Redemption 2,June 2022,16088.89,29994.0
1174180,Red Dead Redemption 2,May 2022,17533.08,31301.0
1174180,Red Dead Redemption 2,April 2022,17650.04,36925.0
1174180,Red Dead Redemption 2,March 2022,17737.15,34264.0
1174180,Red Dead Redemption 2,February 2022,20446.45,38796.0
1174180,Red Dead Redemption 2,January 2022,26131.08,41289.0
1174180,Red Dead Redemption 2,December 2021,22686.23,39284.0
1174180,Red Dead Redemption 2,November 2021,16116.48,40154.0
1174180,Red Dead Redemption 2,October 2021,12560.39,23229.0
1174180,Red Dead Redemption 2,September 2021,14932.94,28444.0
1174180,Red Dead Redemption 2,August 2021,15925.78,26771.0
1174180,Red Dead Redemption 2,July 2021,17004.41,28222.0
1174180,Red Dead Redemption 2,June 2021,12047.46,20701.0
1174180,Red Dead Redemption 2,May 2021,12319.38,23909.0
1174180,Red Dead Redemption 2,April 2021,12409.31,24230.0
1174180,Red Dead Redemption 2,March 2021,13544.06,26285.0
1174180,Red Dead Redemption 2,February 2021,16650.69,27539.0
1174180,Red Dead Redemption 2,January 2021,19504.35,32225.0
1174180,Red Dead Redemption 2,December 2020,17280.0,31958.0
1174180,Red Dead Redemption 2,November 2020,14466.65,28593.0
1174180,Red Dead Redemption 2,October 2020,16089.38,31679.0
1174180,Red Dead Redemption 2,September 2020,11339.33,24256.0
1174180,Red Dead Redemption 2,August 2020,15188.44,26223.0
1174180,Red Dead Redemption 2,July 2020,13939.85,23167.0
1174180,Red Dead Redemption 2,June 2020,11655.11,20131.0
1174180,Red Dead Redemption 2,May 2020,15224.48,26618.0
1174180,Red Dead Redemption 2,April 2020,14488.3,28754.0
1174180,Red Dead Redemption 2,March 2020,16486.73,30022.0
1174180,Red Dead Redemption 2,February 2020,24265.98,50007.0
1174180,Red Dead Redemption 2,January 2020,25117.06,51030.0
1174180,Red Dead Redemption 2,December 2019,28626.27,55269.0
236850,Devil May Cry 5,May 2026,9695.93,16038.0
236850,Devil May Cry 5,April 2026,8328.69,13809.0
236850,Devil May Cry 5,March 2026,7944.98,13524.0
236850,Devil May Cry 5,February 2026,7705.6,12369.0
236850,Devil May Cry 5,January 2026,7551.29,12111.0
236850,Devil May Cry 5,December 2025,7015.46,10724.0
236850,Devil May Cry 5,November 2025,8864.43,18952.0
236850,Devil May Cry 5,October 2025,11916.86,20517.0
236850,Devil May Cry 5,September 2025,12414.67,21199.0
236850,Devil May Cry 5,August 2025,14049.28,22927.0
236850,Devil May Cry 5,July 2025,13392.86,21924.0
236850,Devil May Cry 5,June 2025,13961.06,23449.0
236850,Devil May Cry 5,May 2025,14847.26,24988.0
236850,Devil May Cry 5,April 2025,13664.1,22451.0
236850,Devil May Cry 5,March 2025,14482.04,23922.0
236850,Devil May Cry 5,February 2025,15138.13,24461.0
236850,Devil May Cry 5,January 2025,15964.36,26064.0
236850,Devil May Cry 5,December 2024,14427.87,23311.0
236850,Devil May Cry 5,November 2024,13590.85,22949.0
236850,Devil May Cry 5,October 2024,13924.77,27030.0
236850,Devil May Cry 5,September 2024,12681.69,21511.0
236850,Devil May Cry 5,August 2024,13537.23,21635.0
236850,Devil May Cry 5,July 2024,13615.09,21289.0
236850,Devil May Cry 5,June 2024,15259.37,25483.0
236850,Devil May Cry 5,May 2024,15671.82,26415.0
236850,Devil May Cry 5,April 2024,13564.5,22696.0
236850,Devil May Cry 5,March 2024,14202.05,23523.0
236850,Devil May Cry 5,February 2024,14676.91,23478.0
236850,Devil May Cry 5,January 2024,15764.23,24656.0
236850,Devil May Cry 5,December 2023,15404.06,24267.0
236850,Devil May Cry 5,November 2023,16692.66,29411.0
236850,Devil May Cry 5,October 2023,14207.61,23772.0
236850,Devil May Cry 5,September 2023,13403.69,22479.0
236850,Devil May Cry 5,August 2023,13884.31,21824.0
236850,Devil May Cry 5,July 2023,14493.3,22686.0
236850,Devil May Cry 5,June 2023,14174.65,22582.0
236850,Devil May Cry 5,May 2023,16434.93,28162.0
236850,Devil May Cry 5,April 2023,17131.72,34199.0
236850,Devil May Cry 5,March 2023,14280.47,23954.0
236850,Devil May Cry 5,February 2023,14711.16,23686.0
236850,Devil May Cry 5,January 2023,14503.98,23758.0
236850,Devil May Cry 5,December 2022,13504.04,20626.0
236850,Devil May Cry 5,November 2022,12834.7,21017.0
236850,Devil May Cry 5,October 2022,15867.5,27676.0
236850,Devil May Cry 5,September 2022,17251.03,33645.0
236850,Devil May Cry 5,August 2022,15609.36,24185.0
236850,Devil May Cry 5,July 2022,16395.12,24689.0
236850,Devil May Cry 5,June 2022,15690.21,24245.0
236850,Devil May Cry 5,May 2022,16514.13,27640.0
236850,Devil May Cry 5,April 2022,17746.67,29273.0
236850,Devil May Cry 5,March 2022,15898.06,27046.0
236850,Devil May Cry 5,February 2022,15317.61,26393.0
236850,Devil May Cry 5,January 2022,17498.67,26922.0
236850,Devil May Cry 5,December 2021,15910.29,25360.0
236850,Devil May Cry 5,November 2021,15483.38,27909.0
236850,Devil May Cry 5,October 2021,15094.35,25262.0
236850,Devil May Cry 5,September 2021,14939.8,25799.0
236850,Devil May Cry 5,August 2021,16599.58,26315.0
236850,Devil May Cry 5,July 2021,14842.28,22911.0
236850,Devil May Cry 5,June 2021,14313.19,22880.0
236850,Devil May Cry 5,May 2021,15152.33,24344.0
236850,Devil May Cry 5,April 2021,14965.64,25559.0
236850,Devil May Cry 5,March 2021,15381.32,25571.0
236850,Devil May Cry 5,February 2021,15889.28,25824.0
236850,Devil May Cry 5,January 2021,16484.33,26680.0
236850,Devil May Cry 5,December 2020,14642.92,25032.0
236850,Devil May Cry 5,November 2020,13903.05,23362.0
236850,Devil May Cry 5,October 2020,12855.4,23124.0
236850,Devil May Cry 5,September 2020,11861.93,19618.0
236850,Devil May Cry 5,August 2020,15930.75,25686.0
236850,Devil May Cry 5,July 2020,17769.98,28016.0
236850,Devil May Cry 5,June 2020,20938.41,47844.0
236850,Devil May Cry 5,May 2020,16110.92,26832.0
236850,Devil May Cry 5,April 2020,16665.22,26508.0
236850,Devil May Cry 5,March 2020,16190.96,29916.0
236850,Devil May Cry 5,February 2020,14872.28,26619.0
236850,Devil May Cry 5,January 2020,13379.9,26364.0
236850,Devil May Cry 5,December 2019,12400.61,20805.0
236850,Devil May Cry 5,November 2019,11581.75,20664.0
236850,Devil May Cry 5,October 2019,11647.75,21969.0
236850,Devil May Cry 5,September 2019,11550.84,22352.0
236850,Devil May Cry 5,August 2019,11041.54,17988.0
236850,Devil May Cry 5,July 2019,11205.07,19163.0
236850,Devil May Cry 5,June 2019,10935.95,18259.0
236850,Devil May Cry 5,May 2019,9629.57,17479.0
236850,Devil May Cry 5,April 2019,10935.81,21256.0
236850,Devil May Cry 5,March 2019,11554.37,21663.0
236850,Devil May Cry 5,February 2019,12001.68,21939.0
236850,Devil May Cry 5,January 2019,12853.63,23109.0
236850,Devil May Cry 5,December 2018,12532.94,23012.0
236850,Devil May Cry 5,November 2018,11335.8,21254.0
236850,Devil May Cry 5,October 2018,12381.94,23986.0
236850,Devil May Cry 5,September 2018,13506.6,28338.0
236850,Devil May Cry 5,August 2018,11239.78,19749.0
236850,Devil May Cry 5,July 2018,11197.36,18846.0
236850,Devil May Cry 5,June 2018,11192.81,19354.0
236850,Devil May Cry 5,May 2018,10955.66,21209.0
236850,Devil May Cry 5,April 2018,12257.82,23064.0
236850,Devil May Cry 5,March 2018,11802.87,27765.0
236850,Devil May Cry 5,February 2018,10902.52,20292.0
236850,Devil May Cry 5,January 2018,11326.08,20233.0
236850,Devil May Cry 5,December 2017,11773.05,21613.0
236850,Devil May Cry 5,November 2017,11658.68,24934.0
236850,Devil May Cry 5,October 2017,9787.4,18605.0
236850,Devil May Cry 5,September 2017,9637.06,19317.0
236850,Devil May Cry 5,August 2017,9501.41,16647.0
236850,Devil May Cry 5,July 2017,9934.63,16952.0
236850,Devil May Cry 5,June 2017,10625.5,20310.0
236850,Devil May Cry 5,May 2017,10880.95,20279.0
236850,Devil May Cry 5,April 2017,12101.47,24830.0
236850,Devil May Cry 5,March 2017,9699.16,18546.0
236850,Devil May Cry 5,February 2017,10735.5,20037.0
236850,Devil May Cry 5,January 2017,11513.89,20721.0
236850,Devil May Cry 5,December 2016,10255.48,18431.0
236850,Devil May Cry 5,November 2016,9844.0,18915.0
236850,Devil May Cry 5,October 2016,10379.0,24361.0
236850,Devil May Cry 5,September 2016,7953.91,15033.0
236850,Devil May Cry 5,August 2016,7167.87,12686.0
236850,Devil May Cry 5,July 2016,7113.75,12212.0
236850,Devil May Cry 5,June 2016,6408.95,12241.0
236850,Devil May Cry 5,May 2016,7407.53,16926.0
236850,Devil May Cry 5,April 2016,10044.63,21150.0
236850,Devil May Cry 5,March 2016,8820.68,16632.0
236850,Devil May Cry 5,February 2016,9180.36,17301.0
236850,Devil May Cry 5,January 2016,9572.8,17694.0
236850,Devil May Cry 5,December 2015,9665.33,18518.0
236850,Devil May Cry 5,November 2015,6899.86,13872.0
236850,Devil May Cry 5,October 2015,7815.23,16207.0
236850,Devil May Cry 5,September 2015,6962.86,12911.0
236850,Devil May Cry 5,August 2015,7092.19,12385.0
236850,Devil May Cry 5,July 2015,7754.48,14005.0
236850,Devil May Cry 5,June 2015,8854.34,17931.0
236850,Devil May Cry 5,May 2015,6874.71,12472.0
236850,Devil May Cry 5,April 2015,6690.44,12318.0
236850,Devil May Cry 5,March 2015,8699.99,24394.0
236850,Devil May Cry 5,February 2015,7341.69,24358.0
236850,Devil May Cry 5,January 2015,7141.11,13274.0
236850,Devil May Cry 5,December 2014,6878.05,12861.0
236850,Devil May Cry 5,November 2014,7038.14,15148.0
236850,Devil May Cry 5,October 2014,5666.09,12518.0
236850,Devil May Cry 5,September 2014,4943.1,9202.0
236850,Devil May Cry 5,August 2014,5854.7,10337.0
236850,Devil May Cry 5,July 2014,6352.77,11018.0
236850,Devil May Cry 5,June 2014,7032.59,16485.0
236850,Devil May Cry 5,May 2014,4384.83,14090.0
236850,Devil May Cry 5,April 2014,4156.65,7778.0
236850,Devil May Cry 5,March 2014,4282.76,8228.0
236850,Devil May Cry 5,February 2014,4290.63,8256.0
236850,Devil May Cry 5,January 2014,4862.85,9956.0
236850,Devil May Cry 5,December 2013,4019.63,7867.0
236850,Devil May Cry 5,November 2013,3331.58,8669.0
236850,Devil May Cry 5,October 2013,3147.96,6193.0
236850,Devil May Cry 5,September 2013,4132.05,9774.0
236850,Devil May Cry 5,August 2013,4486.03,15530.0
236850,Devil May Cry 5,July 2013,0.0,0.0
236850,Devil May Cry 5,June 2013,0.0,0.0
236850,Devil May Cry 5,May 2013,0.0,0.0
236850,Devil May Cry 5,April 2013,0.0,0.0
281990,Stellaris,May 2026,14958.85,24099.0
281990,Stellaris,April 2026,13375.55,21106.0
281990,Stellaris,March 2026,12473.81,21738.0
281990,Stellaris,February 2026,13146.84,21897.0
281990,Stellaris,January 2026,13058.38,22127.0
281990,Stellaris,December 2025,12240.87,19023.0
281990,Stellaris,November 2025,11577.51,19713.0
281990,Stellaris,October 2025,13924.16,26155.0
281990,Stellaris,September 2025,13197.74,28787.0
281990,Stellaris,August 2025,11700.84,18628.0
281990,Stellaris,July 2025,11642.9,18929.0
281990,Stellaris,June 2025,15107.94,28780.0
281990,Stellaris,May 2025,22102.42,43836.0
281990,Stellaris,April 2025,12832.31,21582.0
281990,Stellaris,March 2025,12684.54,23003.0
281990,Stellaris,February 2025,13882.75,23337.0
281990,Stellaris,January 2025,17663.88,28446.0
281990,Stellaris,December 2024,15404.18,29376.0
281990,Stellaris,November 2024,14465.38,24954.0
281990,Stellaris,October 2024,11862.65,19391.0
281990,Stellaris,September 2024,13048.94,25159.0
281990,Stellaris,August 2024,11280.62,17817.0
281990,Stellaris,July 2024,12417.81,19546.0
281990,Stellaris,June 2024,14881.34,25015.0
281990,Stellaris,May 2024,18029.08,35858.0
281990,Stellaris,April 2024,11765.99,19393.0
281990,Stellaris,March 2024,12535.64,21292.0
281990,Stellaris,February 2024,10938.84,16240.0
281990,Stellaris,January 2024,12102.0,18399.0
281990,Stellaris,December 2023,12171.98,19858.0
281990,Stellaris,November 2023,12731.59,22101.0
281990,Stellaris,October 2023,11519.1,18826.0
281990,Stellaris,September 2023,11005.51,18333.0
281990,Stellaris,August 2023,11533.12,17895.0
281990,Stellaris,July 2023,15540.05,23829.0
281990,Stellaris,June 2023,15122.32,27704.0
281990,Stellaris,May 2023,17945.35,33895.0
281990,Stellaris,April 2023,16593.72,29844.0
281990,Stellaris,March 2023,17309.97,34997.0
281990,Stellaris,February 2023,13538.96,20989.0
281990,Stellaris,January 2023,15825.83,22206.0
281990,Stellaris,December 2022,14925.82,22133.0
281990,Stellaris,November 2022,11828.11,18753.0
281990,Stellaris,October 2022,13809.29,24515.0
281990,Stellaris,September 2022,13088.39,26680.0
281990,Stellaris,August 2022,11867.09,18050.0
281990,Stellaris,July 2022,14756.5,22875.0
281990,Stellaris,June 2022,17985.52,30468.0
281990,Stellaris,May 2022,24924.43,51971.0
281990,Stellaris,April 2022,15165.13,23987.0
281990,Stellaris,March 2022,13402.43,21877.0
281990,Stellaris,February 2022,14291.25,23459.0
281990,Stellaris,January 2022,17232.08,26206.0
281990,Stellaris,December 2021,16646.62,26863.0
281990,Stellaris,November 2021,14950.91,30293.0
281990,Stellaris,October 2021,13391.11,22156.0
281990,Stellaris,September 2021,13870.87,31650.0
281990,Stellaris,August 2021,11482.91,17028.0
281990,Stellaris,July 2021,12561.34,19577.0
281990,Stellaris,June 2021,12866.02,19976.0
281990,Stellaris,May 2021,18489.79,32520.0
281990,Stellaris,April 2021,22192.92,57250.0
281990,Stellaris,March 2021,13450.5,21753.0
281990,Stellaris,February 2021,16017.4,26283.0
281990,Stellaris,January 2021,13644.48,22020.0
281990,Stellaris,December 2020,11794.32,19992.0
281990,Stellaris,November 2020,13647.39,25486.0
281990,Stellaris,October 2020,11042.48,24935.0
281990,Stellaris,September 2020,9989.2,19261.0
281990,Stellaris,August 2020,11243.03,16487.0
281990,Stellaris,July 2020,12705.58,18930.0
281990,Stellaris,June 2020,12212.86,19164.0
281990,Stellaris,May 2020,18900.34,41733.0
281990,Stellaris,April 2020,18077.86,33078.0
281990,Stellaris,March 2020,22285.79,64120.0
281990,Stellaris,February 2020,9632.67,14938.0
281990,Stellaris,January 2020,9948.66,16769.0
281990,Stellaris,December 2019,9241.86,15575.0
281990,Stellaris,November 2019,9105.38,17057.0
281990,Stellaris,October 2019,9418.94,20584.0
281990,Stellaris,September 2019,7748.29,12841.0
281990,Stellaris,August 2019,8986.67,14603.0
281990,Stellaris,July 2019,10976.16,17730.0
281990,Stellaris,June 2019,15030.93,29345.0
281990,Stellaris,May 2019,11928.58,31038.0
281990,Stellaris,April 2019,8335.27,14618.0
281990,Stellaris,March 2019,8847.2,14939.0
281990,Stellaris,February 2019,9948.83,18011.0
281990,Stellaris,January 2019,12949.59,27465.0
281990,Stellaris,December 2018,20411.2,50061.0
281990,Stellaris,November 2018,8242.12,14622.0
281990,Stellaris,October 2018,7654.27,13955.0
281990,Stellaris,September 2018,8951.85,17554.0
281990,Stellaris,August 2018,7744.27,13215.0
281990,Stellaris,July 2018,9590.22,16446.0
281990,Stellaris,June 2018,11188.22,23073.0
281990,Stellaris,May 2018,11235.33,28252.0
281990,Stellaris,April 2018,9940.42,19026.0
281990,Stellaris,March 2018,17120.62,43837.0
281990,Stellaris,February 2018,15954.27,61467.0
281990,Stellaris,January 2018,11293.75,19663.0
281990,Stellaris,December 2017,9548.79,17326.0
281990,Stellaris,November 2017,8379.55,15599.0
281990,Stellaris,October 2017,10659.54,24824.0
281990,Stellaris,September 2017,10062.6,34388.0
281990,Stellaris,August 2017,6401.45,11233.0
281990,Stellaris,July 2017,7894.73,14155.0
281990,Stellaris,June 2017,9775.9,20888.0
281990,Stellaris,May 2017,14152.65,29042.0
281990,Stellaris,April 2017,17059.85,43549.0
281990,Stellaris,March 2017,5042.45,10068.0
281990,Stellaris,February 2017,6023.74,11105.0
281990,Stellaris,January 2017,6894.22,12773.0
281990,Stellaris,December 2016,6169.82,11261.0
281990,Stellaris,November 2016,6139.13,12637.0
281990,Stellaris,October 2016,6132.63,20301.0
281990,Stellaris,September 2016,4271.19,9173.0
281990,Stellaris,August 2016,4748.46,9201.0
281990,Stellaris,July 2016,6581.55,13827.0
281990,Stellaris,June 2016,9104.53,21517.0
281990,Stellaris,May 2016,20799.58,68517.0
281990,Stellaris,April 2016,2.6,37.0
281990,Stellaris,March 2016,0.14,2.0
281990,Stellaris,August 2015,0.64,11.0
289070,Sid Meier's Civilization VI,May 2026,30835.66,51622.0
289070,Sid Meier's Civilization VI,April 2026,29296.91,51107.0
289070,Sid Meier's Civilization VI,March 2026,30111.26,52369.0
289070,Sid Meier's Civilization VI,February 2026,31844.67,52122.0
289070,Sid Meier's Civilization VI,January 2026,32981.16,52133.0
289070,Sid Meier's Civilization VI,December 2025,29758.03,50535.0
289070,Sid Meier's Civilization VI,November 2025,30416.3,51094.0
289070,Sid Meier's Civilization VI,October 2025,29916.68,54025.0
289070,Sid Meier's Civilization VI,September 2025,29694.4,51377.0
289070,Sid Meier's Civilization VI,August 2025,31956.71,52803.0
289070,Sid Meier's Civilization VI,July 2025,30666.84,49480.0
289070,Sid Meier's Civilization VI,June 2025,28534.58,49784.0
289070,Sid Meier's Civilization VI,May 2025,27873.35,47490.0
289070,Sid Meier's Civilization VI,April 2025,28176.21,51552.0
289070,Sid Meier's Civilization VI,March 2025,32970.95,55947.0
289070,Sid Meier's Civilization VI,February 2025,42252.55,70533.0
289070,Sid Meier's Civilization VI,January 2025,49598.72,79575.0
289070,Sid Meier's Civilization VI,December 2024,47101.43,79326.0
289070,Sid Meier's Civilization VI,November 2024,41316.4,68417.0
289070,Sid Meier's Civilization VI,October 2024,41916.95,74430.0
289070,Sid Meier's Civilization VI,September 2024,47384.04,82828.0
289070,Sid Meier's Civilization VI,August 2024,48208.81,83911.0
289070,Sid Meier's Civilization VI,July 2024,51372.18,84647.0
289070,Sid Meier's Civilization VI,June 2024,52902.63,100567.0
289070,Sid Meier's Civilization VI,May 2024,39686.18,70425.0
289070,Sid Meier's Civilization VI,April 2024,40799.29,67730.0
289070,Sid Meier's Civilization VI,March 2024,45353.26,78559.0
289070,Sid Meier's Civilization VI,February 2024,41466.44,68901.0
289070,Sid Meier's Civilization VI,January 2024,46289.5,76337.0
289070,Sid Meier's Civilization VI,December 2023,44890.2,75495.0
289070,Sid Meier's Civilization VI,November 2023,41077.51,73523.0
289070,Sid Meier's Civilization VI,October 2023,42730.81,79091.0
289070,Sid Meier's Civilization VI,September 2023,40696.42,71302.0
289070,Sid Meier's Civilization VI,August 2023,39201.44,64578.0
289070,Sid Meier's Civilization VI,July 2023,45240.31,71580.0
289070,Sid Meier's Civilization VI,June 2023,36487.99,61278.0
289070,Sid Meier's Civilization VI,May 2023,38411.52,65868.0
289070,Sid Meier's Civilization VI,April 2023,45993.45,78594.0
289070,Sid Meier's Civilization VI,March 2023,45817.27,78979.0
289070,Sid Meier's Civilization VI,February 2023,45851.54,81217.0
289070,Sid Meier's Civilization VI,January 2023,52099.15,79650.0
289070,Sid Meier's Civilization VI,December 2022,46709.19,77730.0
289070,Sid Meier's Civilization VI,November 2022,45698.54,89986.0
289070,Sid Meier's Civilization VI,October 2022,34048.01,62217.0
289070,Sid Meier's Civilization VI,September 2022,37242.99,64605.0
289070,Sid Meier's Civilization VI,August 2022,36387.63,59662.0
289070,Sid Meier's Civilization VI,July 2022,35208.76,52787.0
289070,Sid Meier's Civilization VI,June 2022,33390.31,55679.0
289070,Sid Meier's Civilization VI,May 2022,37953.48,61740.0
289070,Sid Meier's Civilization VI,April 2022,37350.45,66605.0
289070,Sid Meier's Civilization VI,March 2022,38288.82,64639.0
289070,Sid Meier's Civilization VI,February 2022,39344.66,61321.0
289070,Sid Meier's Civilization VI,January 2022,41708.81,64436.0
289070,Sid Meier's Civilization VI,December 2021,34026.19,52505.0
289070,Sid Meier's Civilization VI,November 2021,31817.53,54447.0
289070,Sid Meier's Civilization VI,October 2021,30355.5,50982.0
289070,Sid Meier's Civilization VI,September 2021,38634.11,71565.0
289070,Sid Meier's Civilization VI,August 2021,31430.46,49218.0
289070,Sid Meier's Civilization VI,July 2021,35225.0,65677.0
289070,Sid Meier's Civilization VI,June 2021,29644.52,45842.0
289070,Sid Meier's Civilization VI,May 2021,30948.66,49509.0
289070,Sid Meier's Civilization VI,April 2021,34992.65,59532.0
289070,Sid Meier's Civilization VI,March 2021,34433.13,64220.0
289070,Sid Meier's Civilization VI,February 2021,41715.13,68161.0
289070,Sid Meier's Civilization VI,January 2021,36731.49,65951.0
289070,Sid Meier's Civilization VI,December 2020,32816.95,55126.0
289070,Sid Meier's Civilization VI,November 2020,33946.42,53338.0
289070,Sid Meier's Civilization VI,October 2020,32493.92,54203.0
289070,Sid Meier's Civilization VI,September 2020,31139.08,54546.0
289070,Sid Meier's Civilization VI,August 2020,33710.97,53037.0
289070,Sid Meier's Civilization VI,July 2020,37644.69,64392.0
289070,Sid Meier's Civilization VI,June 2020,39799.04,60936.0
289070,Sid Meier's Civilization VI,May 2020,41792.36,76439.0
289070,Sid Meier's Civilization VI,April 2020,43558.23,70298.0
289070,Sid Meier's Civilization VI,March 2020,35834.93,66455.0
289070,Sid Meier's Civilization VI,February 2020,30070.95,49558.0
289070,Sid Meier's Civilization VI,January 2020,32745.53,55195.0
289070,Sid Meier's Civilization VI,December 2019,29679.81,51209.0
289070,Sid Meier's Civilization VI,November 2019,23640.35,42632.0
289070,Sid Meier's Civilization VI,October 2019,24954.09,44349.0
289070,Sid Meier's Civilization VI,September 2019,21842.94,36440.0
289070,Sid Meier's Civilization VI,August 2019,22745.93,35714.0
289070,Sid Meier's Civilization VI,July 2019,26017.47,42115.0
289070,Sid Meier's Civilization VI,June 2019,21863.4,38968.0
289070,Sid Meier's Civilization VI,May 2019,23746.31,40585.0
289070,Sid Meier's Civilization VI,April 2019,24275.05,43605.0
289070,Sid Meier's Civilization VI,March 2019,35119.27,64714.0
289070,Sid Meier's Civilization VI,February 2019,41695.61,93889.0
289070,Sid Meier's Civilization VI,January 2019,26721.18,47654.0
289070,Sid Meier's Civilization VI,December 2018,26756.61,47729.0
289070,Sid Meier's Civilization VI,November 2018,20466.88,44167.0
289070,Sid Meier's Civilization VI,October 2018,18062.55,31109.0
289070,Sid Meier's Civilization VI,September 2018,16817.78,36267.0
289070,Sid Meier's Civilization VI,August 2018,16604.36,27635.0
289070,Sid Meier's Civilization VI,July 2018,17653.15,28117.0
289070,Sid Meier's Civilization VI,June 2018,16495.24,28232.0
289070,Sid Meier's Civilization VI,May 2018,17178.07,30006.0
289070,Sid Meier's Civilization VI,April 2018,18458.56,31934.0
289070,Sid Meier's Civilization VI,March 2018,23396.86,42674.0
289070,Sid Meier's Civilization VI,February 2018,33383.23,79739.0
289070,Sid Meier's Civilization VI,January 2018,24494.88,42773.0
289070,Sid Meier's Civilization VI,December 2017,20156.27,35057.0
289070,Sid Meier's Civilization VI,November 2017,16304.86,28877.0
289070,Sid Meier's Civilization VI,October 2017,15183.7,30229.0
289070,Sid Meier's Civilization VI,September 2017,14059.3,25116.0
289070,Sid Meier's Civilization VI,August 2017,15663.95,27107.0
289070,Sid Meier's Civilization VI,July 2017,16390.29,29988.0
289070,Sid Meier's Civilization VI,June 2017,14475.75,26115.0
289070,Sid Meier's Civilization VI,May 2017,15461.46,27893.0
289070,Sid Meier's Civilization VI,April 2017,16457.99,29569.0
289070,Sid Meier's Civilization VI,March 2017,17493.03,31826.0
289070,Sid Meier's Civilization VI,February 2017,18554.36,34856.0
289070,Sid Meier's Civilization VI,January 2017,22798.32,44417.0
289070,Sid Meier's Civilization VI,December 2016,24448.75,41959.0
289070,Sid Meier's Civilization VI,November 2016,40282.56,84765.0
289070,Sid Meier's Civilization VI,October 2016,85934.24,162314.0
1142710,Total War: WARHAMMER III,May 2026,23238.56,46409.0
1142710,Total War: WARHAMMER III,April 2026,19278.74,33106.0
1142710,Total War: WARHAMMER III,March 2026,19440.28,34642.0
1142710,Total War: WARHAMMER III,February 2026,22789.73,37431.0
1142710,Total War: WARHAMMER III,January 2026,29720.33,51188.0
1142710,Total War: WARHAMMER III,December 2025,34996.78,64158.0
1142710,Total War: WARHAMMER III,November 2025,19758.04,32393.0
1142710,Total War: WARHAMMER III,October 2025,20665.22,36832.0
1142710,Total War: WARHAMMER III,September 2025,21789.66,38847.0
1142710,Total War: WARHAMMER III,August 2025,20574.2,36805.0
1142710,Total War: WARHAMMER III,July 2025,22360.97,36333.0
1142710,Total War: WARHAMMER III,June 2025,19960.18,33213.0
1142710,Total War: WARHAMMER III,May 2025,19026.78,33548.0
1142710,Total War: WARHAMMER III,April 2025,21410.09,37952.0
1142710,Total War: WARHAMMER III,March 2025,20783.64,39480.0
1142710,Total War: WARHAMMER III,February 2025,20542.3,34549.0
1142710,Total War: WARHAMMER III,January 2025,24552.48,41190.0
1142710,Total War: WARHAMMER III,December 2024,27189.75,48514.0
1142710,Total War: WARHAMMER III,November 2024,19932.38,33372.0
1142710,Total War: WARHAMMER III,October 2024,18673.84,32311.0
1142710,Total War: WARHAMMER III,September 2024,19365.58,35132.0
1142710,Total War: WARHAMMER III,August 2024,19614.91,33052.0
1142710,Total War: WARHAMMER III,July 2024,22061.5,38253.0
1142710,Total War: WARHAMMER III,June 2024,26307.56,49758.0
1142710,Total War: WARHAMMER III,May 2024,35240.0,73974.0
1142710,Total War: WARHAMMER III,April 2024,20488.09,66608.0
1142710,Total War: WARHAMMER III,March 2024,19996.81,33936.0
1142710,Total War: WARHAMMER III,February 2024,17756.88,33167.0
1142710,Total War: WARHAMMER III,January 2024,18531.95,29599.0
1142710,Total War: WARHAMMER III,December 2023,16651.21,27137.0
1142710,Total War: WARHAMMER III,November 2023,14526.11,25993.0
1142710,Total War: WARHAMMER III,October 2023,15349.01,27718.0
1142710,Total War: WARHAMMER III,September 2023,17329.83,33925.0
1142710,Total War: WARHAMMER III,August 2023,15459.46,27520.0
1142710,Total War: WARHAMMER III,July 2023,19061.83,30855.0
1142710,Total War: WARHAMMER III,June 2023,17996.91,33771.0
1142710,Total War: WARHAMMER III,May 2023,21753.66,38032.0
1142710,Total War: WARHAMMER III,April 2023,31262.99,73613.0
1142710,Total War: WARHAMMER III,March 2023,25237.99,45218.0
1142710,Total War: WARHAMMER III,February 2023,20460.29,37527.0
1142710,Total War: WARHAMMER III,January 2023,19607.59,30138.0
1142710,Total War: WARHAMMER III,December 2022,17902.29,27942.0
1142710,Total War: WARHAMMER III,November 2022,19015.95,33947.0
1142710,Total War: WARHAMMER III,October 2022,25963.32,48692.0
1142710,Total War: WARHAMMER III,September 2022,42289.72,84537.0
1142710,Total War: WARHAMMER III,August 2022,25432.14,119036.0
1142710,Total War: WARHAMMER III,July 2022,6711.3,11576.0
1142710,Total War: WARHAMMER III,June 2022,4785.98,8364.0
1142710,Total War: WARHAMMER III,May 2022,5838.15,11836.0
1142710,Total War: WARHAMMER III,April 2022,9967.86,21346.0
1142710,Total War: WARHAMMER III,March 2022,18355.42,45299.0
1142710,Total War: WARHAMMER III,February 2022,77527.68,166519.0
1466860,Age of Empires IV,May 2026,10231.8,21274.0
1466860,Age of Empires IV,April 2026,8802.82,17610.0
1466860,Age of Empires IV,March 2026,8418.76,16297.0
1466860,Age of Empires IV,February 2026,9127.28,17388.0
1466860,Age of Empires IV,January 2026,10388.36,20128.0
1466860,Age of Empires IV,December 2025,10289.92,19462.0
1466860,Age of Empires IV,November 2025,11554.49,23815.0
1466860,Age of Empires IV,October 2025,9332.15,20119.0
1466860,Age of Empires IV,September 2025,8755.66,18403.0
1466860,Age of Empires IV,August 2025,9037.01,19941.0
1466860,Age of Empires IV,July 2025,8798.62,17337.0
1466860,Age of Empires IV,June 2025,8756.02,17920.0
1466860,Age of Empires IV,May 2025,10306.08,22551.0
1466860,Age of Empires IV,April 2025,11023.25,24697.0
1466860,Age of Empires IV,March 2025,9421.77,19547.0
1466860,Age of Empires IV,February 2025,9239.46,18016.0
1466860,Age of Empires IV,January 2025,9131.18,17948.0
1466860,Age of Empires IV,December 2024,8581.41,16479.0
1466860,Age of Empires IV,November 2024,8240.09,15611.0
1466860,Age of Empires IV,October 2024,8065.54,15742.0
1466860,Age of Empires IV,September 2024,8390.55,16859.0
1466860,Age of Empires IV,August 2024,8704.09,17602.0
1466860,Age of Empires IV,July 2024,8945.9,16750.0
1466860,Age of Empires IV,June 2024,8934.82,17547.0
1466860,Age of Empires IV,May 2024,9658.47,19880.0
1466860,Age of Empires IV,April 2024,10376.47,21111.0
1466860,Age of Empires IV,March 2024,10793.3,21382.0
1466860,Age of Empires IV,February 2024,10597.46,21045.0
1466860,Age of Empires IV,January 2024,12314.37,26008.0
1466860,Age of Empires IV,December 2023,13420.75,27992.0
1466860,Age of Empires IV,November 2023,13209.42,30959.0
1466860,Age of Empires IV,October 2023,8457.16,16566.0
1466860,Age of Empires IV,September 2023,8493.34,17661.0
1466860,Age of Empires IV,August 2023,7208.3,13508.0
1466860,Age of Empires IV,July 2023,8192.61,15149.0
1466860,Age of Empires IV,June 2023,6761.1,13491.0
1466860,Age of Empires IV,May 2023,7735.63,15972.0
1466860,Age of Empires IV,April 2023,8091.14,15952.0
1466860,Age of Empires IV,March 2023,7975.02,15637.0
1466860,Age of Empires IV,February 2023,9536.18,26838.0
1466860,Age of Empires IV,January 2023,9125.63,16832.0
1466860,Age of Empires IV,December 2022,8393.96,15287.0
1466860,Age of Empires IV,November 2022,7810.3,15615.0
1466860,Age of Empires IV,October 2022,6951.1,15268.0
1466860,Age of Empires IV,September 2022,7972.33,18449.0
1466860,Age of Empires IV,August 2022,8618.8,32280.0
1466860,Age of Empires IV,July 2022,5356.89,9063.0
1466860,Age of Empires IV,June 2022,5113.04,9029.0
1466860,Age of Empires IV,May 2022,5894.8,11701.0
1466860,Age of Empires IV,April 2022,6924.68,12557.0
1466860,Age of Empires IV,March 2022,6354.04,11665.0
1466860,Age of Empires IV,February 2022,8294.82,16476.0
1466860,Age of Empires IV,January 2022,12136.88,25104.0
1466860,Age of Empires IV,December 2021,15148.55,31721.0
1466860,Age of Empires IV,November 2021,27228.96,64911.0
252490,Rust,May 2026,102507.71,188976.0
252490,Rust,April 2026,103351.8,203177.0
252490,Rust,March 2026,106569.94,200309.0
252490,Rust,February 2026,122376.91,228230.0
252490,Rust,January 2026,121002.79,246562.0
252490,Rust,December 2025,105484.4,174558.0
252490,Rust,November 2025,98212.73,184595.0
252490,Rust,October 2025,97410.93,178836.0
252490,Rust,September 2025,85515.0,152247.0
252490,Rust,August 2025,103017.83,190383.0
252490,Rust,July 2025,102158.94,187345.0
252490,Rust,June 2025,98462.98,191730.0
252490,Rust,May 2025,105523.45,203367.0
252490,Rust,April 2025,97804.56,187702.0
252490,Rust,March 2025,111583.76,203220.0
252490,Rust,February 2025,121569.09,232431.0
252490,Rust,January 2025,124496.12,259646.0
252490,Rust,December 2024,112605.48,191133.0
252490,Rust,November 2024,95865.05,182603.0
252490,Rust,October 2024,89776.59,168999.0
252490,Rust,September 2024,76245.68,134170.0
252490,Rust,August 2024,90633.01,172427.0
252490,Rust,July 2024,93180.0,173651.0
252490,Rust,June 2024,97860.84,175036.0
252490,Rust,May 2024,82373.76,153662.0
252490,Rust,April 2024,80885.38,154488.0
252490,Rust,March 2024,82242.76,145916.0
252490,Rust,February 2024,82116.29,153738.0
252490,Rust,January 2024,90065.28,190886.0
252490,Rust,December 2023,84016.68,143038.0
252490,Rust,November 2023,69012.7,137752.0
252490,Rust,October 2023,69355.77,130885.0
252490,Rust,September 2023,69292.44,127530.0
252490,Rust,August 2023,83463.73,172249.0
252490,Rust,July 2023,95645.5,182335.0
252490,Rust,June 2023,91924.65,161921.0
252490,Rust,May 2023,87749.11,155431.0
252490,Rust,April 2023,82537.08,156367.0
252490,Rust,March 2023,84395.94,150953.0
252490,Rust,February 2023,90005.28,167827.0
252490,Rust,January 2023,95273.42,176710.0
252490,Rust,December 2022,85816.44,138675.0
252490,Rust,November 2022,72836.84,133364.0
252490,Rust,October 2022,71982.45,118874.0
252490,Rust,September 2022,76172.14,127912.0
252490,Rust,August 2022,83063.98,134919.0
252490,Rust,July 2022,78841.19,137057.0
252490,Rust,June 2022,81986.84,165120.0
252490,Rust,May 2022,72930.39,133789.0
252490,Rust,April 2022,80715.83,141983.0
252490,Rust,March 2022,77347.66,134559.0
252490,Rust,February 2022,86566.57,164990.0
252490,Rust,January 2022,90931.46,154747.0
252490,Rust,December 2021,75604.11,125911.0
252490,Rust,November 2021,69650.06,120659.0
252490,Rust,October 2021,65556.99,106571.0
252490,Rust,September 2021,69502.99,122359.0
252490,Rust,August 2021,83332.2,155634.0
252490,Rust,July 2021,92823.79,147757.0
252490,Rust,June 2021,79341.51,133566.0
252490,Rust,May 2021,76870.61,144083.0
252490,Rust,April 2021,77590.25,147933.0
252490,Rust,March 2021,86369.82,167088.0
252490,Rust,February 2021,117742.27,224276.0
252490,Rust,January 2021,142117.25,244394.0
252490,Rust,December 2020,61171.65,97445.0
252490,Rust,November 2020,55408.03,101365.0
252490,Rust,October 2020,48550.8,80422.0
252490,Rust,September 2020,46430.53,76611.0
252490,Rust,August 2020,53287.65,89147.0
252490,Rust,July 2020,58238.72,97741.0
252490,Rust,June 2020,50417.72,93513.0
252490,Rust,May 2020,57344.65,102051.0
252490,Rust,April 2020,67504.05,125415.0
252490,Rust,March 2020,58442.03,102296.0
252490,Rust,February 2020,50075.2,92016.0
252490,Rust,January 2020,51620.39,97340.0
252490,Rust,December 2019,49094.84,81928.0
252490,Rust,November 2019,43507.96,74292.0
252490,Rust,October 2019,46704.38,82827.0
252490,Rust,September 2019,49636.12,80293.0
252490,Rust,August 2019,58531.24,88929.0
252490,Rust,July 2019,62259.96,93595.0
252490,Rust,June 2019,45132.57,81658.0
252490,Rust,May 2019,35780.66,67338.0
252490,Rust,April 2019,38200.78,72544.0
252490,Rust,March 2019,40725.29,77896.0
252490,Rust,February 2019,42431.42,77622.0
252490,Rust,January 2019,46201.3,85208.0
252490,Rust,December 2018,42622.28,70775.0
252490,Rust,November 2018,37706.36,70969.0
252490,Rust,October 2018,31820.22,58564.0
252490,Rust,September 2018,27319.2,48430.0
252490,Rust,August 2018,31488.28,53885.0
252490,Rust,July 2018,36659.19,65952.0
252490,Rust,June 2018,30308.9,54779.0
252490,Rust,May 2018,23893.78,46328.0
252490,Rust,April 2018,26047.04,51233.0
252490,Rust,March 2018,29074.81,57873.0
252490,Rust,February 2018,33507.28,68204.0
252490,Rust,January 2018,34668.81,67410.0
252490,Rust,December 2017,32974.0,60373.0
252490,Rust,November 2017,28147.23,57223.0
252490,Rust,October 2017,25760.5,49984.0
252490,Rust,September 2017,21595.41,40577.0
252490,Rust,August 2017,25558.02,43117.0
252490,Rust,July 2017,29563.1,53425.0
252490,Rust,June 2017,29285.43,48228.0
252490,Rust,May 2017,25380.27,46948.0
252490,Rust,April 2017,28588.81,53621.0
252490,Rust,March 2017,32438.98,66194.0
252490,Rust,February 2017,36403.55,68103.0
252490,Rust,January 2017,33999.91,63843.0
252490,Rust,December 2016,28974.92,49147.0
252490,Rust,November 2016,22879.2,47571.0
252490,Rust,October 2016,24406.17,48435.0
252490,Rust,September 2016,26269.79,50680.0
252490,Rust,August 2016,30432.53,50364.0
252490,Rust,July 2016,30949.75,64555.0
252490,Rust,June 2016,25360.97,45791.0
252490,Rust,May 2016,25497.88,47100.0
252490,Rust,April 2016,25605.94,49920.0
252490,Rust,March 2016,27267.6,55147.0
252490,Rust,February 2016,32394.57,61260.0
252490,Rust,January 2016,27647.06,50628.0
252490,Rust,December 2015,18474.06,38110.0
252490,Rust,November 2015,13061.63,26697.0
252490,Rust,October 2015,13106.11,24201.0
252490,Rust,September 2015,12410.86,24075.0
252490,Rust,August 2015,14870.06,25352.0
252490,Rust,July 2015,13817.71,22622.0
252490,Rust,June 2015,13735.65,27177.0
252490,Rust,May 2015,13819.82,25625.0
252490,Rust,April 2015,8136.74,16636.0
252490,Rust,March 2015,8270.49,16341.0
252490,Rust,February 2015,9372.69,20267.0
252490,Rust,January 2015,10591.06,22303.0
252490,Rust,December 2014,6151.4,11826.0
252490,Rust,November 2014,5384.12,12062.0
252490,Rust,October 2014,6372.55,12294.0
252490,Rust,September 2014,6346.7,11040.0
252490,Rust,August 2014,8740.55,12764.0
252490,Rust,July 2014,10132.47,15027.0
252490,Rust,June 2014,11938.23,18081.0
252490,Rust,May 2014,13150.96,24306.0
252490,Rust,April 2014,17658.98,31321.0
252490,Rust,March 2014,24874.13,48870.0
252490,Rust,February 2014,34753.45,58973.0
252490,Rust,January 2014,24874.82,51872.0
252490,Rust,December 2013,9205.77,22571.0
346110,ARK: Survival Evolved,May 2026,17720.63,32274.0
346110,ARK: Survival Evolved,April 2026,17492.73,31542.0
346110,ARK: Survival Evolved,March 2026,19250.79,35280.0
346110,ARK: Survival Evolved,February 2026,20502.94,35363.0
346110,ARK: Survival Evolved,January 2026,21942.48,37546.0
346110,ARK: Survival Evolved,December 2025,19015.8,34047.0
346110,ARK: Survival Evolved,November 2025,17549.89,30335.0
346110,ARK: Survival Evolved,October 2025,17896.71,33664.0
346110,ARK: Survival Evolved,September 2025,16308.7,29726.0
346110,ARK: Survival Evolved,August 2025,20795.13,37007.0
346110,ARK: Survival Evolved,July 2025,24574.66,42828.0
346110,ARK: Survival Evolved,June 2025,32486.34,65286.0
346110,ARK: Survival Evolved,May 2025,23453.42,41042.0
346110,ARK: Survival Evolved,April 2025,22275.51,39713.0
346110,ARK: Survival Evolved,March 2025,24287.83,40602.0
346110,ARK: Survival Evolved,February 2025,25759.44,43024.0
346110,ARK: Survival Evolved,January 2025,26843.72,43631.0
346110,ARK: Survival Evolved,December 2024,24609.4,40688.0
346110,ARK: Survival Evolved,November 2024,22908.73,40477.0
346110,ARK: Survival Evolved,October 2024,22091.35,39316.0
346110,ARK: Survival Evolved,September 2024,21970.18,39578.0
346110,ARK: Survival Evolved,August 2024,25015.83,41497.0
346110,ARK: Survival Evolved,July 2024,24129.75,40559.0
346110,ARK: Survival Evolved,June 2024,23631.25,39597.0
346110,ARK: Survival Evolved,May 2024,21754.11,38243.0
346110,ARK: Survival Evolved,April 2024,22072.68,38737.0
346110,ARK: Survival Evolved,March 2024,21597.9,36713.0
346110,ARK: Survival Evolved,February 2024,21550.53,37022.0
346110,ARK: Survival Evolved,January 2024,25219.23,41787.0
346110,ARK: Survival Evolved,December 2023,26026.29,45768.0
346110,ARK: Survival Evolved,November 2023,34099.66,65068.0
346110,ARK: Survival Evolved,October 2023,41346.18,75908.0
346110,ARK: Survival Evolved,September 2023,36107.41,61055.0
346110,ARK: Survival Evolved,August 2023,41530.79,66034.0
346110,ARK: Survival Evolved,July 2023,48257.14,72446.0
346110,ARK: Survival Evolved,June 2023,44076.76,70615.0
346110,ARK: Survival Evolved,May 2023,42502.72,69526.0
346110,ARK: Survival Evolved,April 2023,44972.3,73447.0
346110,ARK: Survival Evolved,March 2023,43346.57,75697.0
346110,ARK: Survival Evolved,February 2023,49562.02,83672.0
346110,ARK: Survival Evolved,January 2023,59718.1,94570.0
346110,ARK: Survival Evolved,December 2022,54575.73,87058.0
346110,ARK: Survival Evolved,November 2022,47157.61,81482.0
346110,ARK: Survival Evolved,October 2022,45094.28,76139.0
346110,ARK: Survival Evolved,September 2022,45744.31,77774.0
346110,ARK: Survival Evolved,August 2022,56890.49,96148.0
346110,ARK: Survival Evolved,July 2022,86926.77,149693.0
346110,ARK: Survival Evolved,June 2022,97224.1,247292.0
346110,ARK: Survival Evolved,May 2022,44795.39,75922.0
346110,ARK: Survival Evolved,April 2022,46642.82,83133.0
346110,ARK: Survival Evolved,March 2022,38219.71,61402.0
346110,ARK: Survival Evolved,February 2022,50184.09,86443.0
346110,ARK: Survival Evolved,January 2022,61978.73,96650.0
346110,ARK: Survival Evolved,December 2021,53273.34,92234.0
346110,ARK: Survival Evolved,November 2021,40559.88,69159.0
346110,ARK: Survival Evolved,October 2021,36967.1,66708.0
346110,ARK: Survival Evolved,September 2021,39489.46,66133.0
346110,ARK: Survival Evolved,August 2021,47548.12,73618.0
346110,ARK: Survival Evolved,July 2021,55917.67,95701.0
346110,ARK: Survival Evolved,June 2021,74676.49,147475.0
346110,ARK: Survival Evolved,May 2021,45419.0,84679.0
346110,ARK: Survival Evolved,April 2021,46678.07,73572.0
346110,ARK: Survival Evolved,March 2021,49320.37,76387.0
346110,ARK: Survival Evolved,February 2021,61785.58,98637.0
346110,ARK: Survival Evolved,January 2021,63160.05,92006.0
346110,ARK: Survival Evolved,December 2020,56324.05,86471.0
346110,ARK: Survival Evolved,November 2020,56425.6,98433.0
346110,ARK: Survival Evolved,October 2020,41760.0,71828.0
346110,ARK: Survival Evolved,September 2020,45240.48,73081.0
346110,ARK: Survival Evolved,August 2020,47770.61,75208.0
346110,ARK: Survival Evolved,July 2020,57163.99,90664.0
346110,ARK: Survival Evolved,June 2020,59435.7,97813.0
346110,ARK: Survival Evolved,May 2020,60918.07,101631.0
346110,ARK: Survival Evolved,April 2020,82091.26,125636.0
346110,ARK: Survival Evolved,March 2020,87738.7,157355.0
346110,ARK: Survival Evolved,February 2020,53394.18,138648.0
346110,ARK: Survival Evolved,January 2020,45655.85,74200.0
346110,ARK: Survival Evolved,December 2019,40473.32,66043.0
346110,ARK: Survival Evolved,November 2019,36183.73,62857.0
346110,ARK: Survival Evolved,October 2019,31256.23,54069.0
346110,ARK: Survival Evolved,September 2019,34210.82,56829.0
346110,ARK: Survival Evolved,August 2019,43146.76,70047.0
346110,ARK: Survival Evolved,July 2019,47442.55,75524.0
346110,ARK: Survival Evolved,June 2019,43532.02,83446.0
346110,ARK: Survival Evolved,May 2019,33224.1,55915.0
346110,ARK: Survival Evolved,April 2019,32627.89,54895.0
346110,ARK: Survival Evolved,March 2019,33546.95,56169.0
346110,ARK: Survival Evolved,February 2019,32446.72,52697.0
346110,ARK: Survival Evolved,January 2019,36177.7,58388.0
346110,ARK: Survival Evolved,December 2018,42992.14,76351.0
346110,ARK: Survival Evolved,November 2018,51906.05,106170.0
346110,ARK: Survival Evolved,October 2018,29337.62,49049.0
346110,ARK: Survival Evolved,September 2018,28288.19,49072.0
346110,ARK: Survival Evolved,August 2018,32497.43,50789.0
346110,ARK: Survival Evolved,July 2018,45060.2,70823.0
346110,ARK: Survival Evolved,June 2018,41794.49,79451.0
346110,ARK: Survival Evolved,May 2018,31404.34,50021.0
346110,ARK: Survival Evolved,April 2018,34418.28,58344.0
346110,ARK: Survival Evolved,March 2018,38309.15,64647.0
346110,ARK: Survival Evolved,February 2018,41955.97,71259.0
346110,ARK: Survival Evolved,January 2018,49018.06,86640.0
346110,ARK: Survival Evolved,December 2017,46473.28,85894.0
346110,ARK: Survival Evolved,November 2017,34137.79,63378.0
346110,ARK: Survival Evolved,October 2017,37636.82,68570.0
346110,ARK: Survival Evolved,September 2017,43690.15,78303.0
346110,ARK: Survival Evolved,August 2017,34847.2,57421.0
346110,ARK: Survival Evolved,July 2017,41812.09,72455.0
346110,ARK: Survival Evolved,June 2017,47080.74,76482.0
346110,ARK: Survival Evolved,May 2017,37352.26,66342.0
346110,ARK: Survival Evolved,April 2017,42206.47,73857.0
346110,ARK: Survival Evolved,March 2017,41052.97,75022.0
346110,ARK: Survival Evolved,February 2017,53134.72,100723.0
346110,ARK: Survival Evolved,January 2017,46440.81,76879.0
346110,ARK: Survival Evolved,December 2016,36022.81,67651.0
346110,ARK: Survival Evolved,November 2016,31316.81,54698.0
346110,ARK: Survival Evolved,October 2016,32923.02,59524.0
346110,ARK: Survival Evolved,September 2016,37334.83,67157.0
346110,ARK: Survival Evolved,August 2016,35210.62,60039.0
346110,ARK: Survival Evolved,July 2016,39067.7,69764.0
346110,ARK: Survival Evolved,June 2016,42386.9,71194.0
346110,ARK: Survival Evolved,May 2016,39182.24,78089.0
346110,ARK: Survival Evolved,April 2016,35385.63,63900.0
346110,ARK: Survival Evolved,March 2016,35664.04,63069.0
346110,ARK: Survival Evolved,February 2016,37747.59,65577.0
346110,ARK: Survival Evolved,January 2016,39054.41,67018.0
346110,ARK: Survival Evolved,December 2015,32092.93,55946.0
346110,ARK: Survival Evolved,November 2015,32862.44,59880.0
346110,ARK: Survival Evolved,October 2015,38020.88,64516.0
346110,ARK: Survival Evolved,September 2015,35498.3,60299.0
346110,ARK: Survival Evolved,August 2015,45057.02,84838.0
346110,ARK: Survival Evolved,July 2015,46764.79,74888.0
346110,ARK: Survival Evolved,June 2015,42871.49,80162.0
346110,ARK: Survival Evolved,May 2015,5.28,28.0
892970,Valheim,May 2026,16369.58,35091.0
892970,Valheim,April 2026,18277.34,36273.0
892970,Valheim,March 2026,21096.39,43714.0
892970,Valheim,February 2026,22465.83,46486.0
892970,Valheim,January 2026,22867.51,48333.0
892970,Valheim,December 2025,17998.89,39064.0
892970,Valheim,November 2025,19818.99,42468.0
892970,Valheim,October 2025,21922.19,48368.0
892970,Valheim,September 2025,22432.42,49088.0
892970,Valheim,August 2025,15722.56,36723.0
892970,Valheim,July 2025,14532.54,28997.0
892970,Valheim,June 2025,15011.75,32099.0
892970,Valheim,May 2025,18255.72,37881.0
892970,Valheim,April 2025,21900.78,47730.0
892970,Valheim,March 2025,23226.64,53490.0
892970,Valheim,February 2025,24535.96,53334.0
892970,Valheim,January 2025,24383.02,49990.0
892970,Valheim,December 2024,22284.17,45865.0
892970,Valheim,November 2024,23257.59,51524.0
892970,Valheim,October 2024,17420.7,36860.0
892970,Valheim,September 2024,16015.18,31404.0
892970,Valheim,August 2024,17450.58,35580.0
892970,Valheim,July 2024,21785.44,44945.0
892970,Valheim,June 2024,30108.21,70403.0
892970,Valheim,May 2024,32663.0,81458.0
892970,Valheim,April 2024,16112.02,43414.0
892970,Valheim,March 2024,17878.08,37865.0
892970,Valheim,February 2024,18553.29,41346.0
892970,Valheim,January 2024,26948.56,54453.0
892970,Valheim,December 2023,23875.85,47942.0
892970,Valheim,November 2023,19892.04,43967.0
892970,Valheim,October 2023,18009.26,34956.0
892970,Valheim,September 2023,17605.48,35556.0
892970,Valheim,August 2023,15452.03,32946.0
892970,Valheim,July 2023,18597.77,34558.0
892970,Valheim,June 2023,14946.11,29488.0
892970,Valheim,May 2023,19396.48,40346.0
892970,Valheim,April 2023,25521.14,52694.0
892970,Valheim,March 2023,27022.24,55962.0
892970,Valheim,February 2023,34049.62,76747.0
892970,Valheim,January 2023,51222.59,102613.0
892970,Valheim,December 2022,56375.06,127172.0
892970,Valheim,November 2022,17876.99,62079.0
892970,Valheim,October 2022,12696.01,24562.0
892970,Valheim,September 2022,12757.63,24612.0
892970,Valheim,August 2022,13284.17,24376.0
892970,Valheim,July 2022,15545.47,27981.0
892970,Valheim,June 2022,14848.18,28351.0
892970,Valheim,May 2022,18677.6,34436.0
892970,Valheim,April 2022,18426.55,36169.0
892970,Valheim,March 2022,20961.9,43527.0
892970,Valheim,February 2022,25508.92,55169.0
892970,Valheim,January 2022,30060.57,55608.0
892970,Valheim,December 2021,21251.07,43305.0
892970,Valheim,November 2021,17548.27,37110.0
892970,Valheim,October 2021,25589.39,61020.0
892970,Valheim,September 2021,32988.16,109793.0
892970,Valheim,August 2021,17325.91,29764.0
892970,Valheim,July 2021,18486.03,33476.0
892970,Valheim,June 2021,20198.47,37931.0
892970,Valheim,May 2021,34890.17,80466.0
892970,Valheim,April 2021,69367.02,159037.0
892970,Valheim,March 2021,178435.44,405826.0
892970,Valheim,February 2021,210302.24,498478.0
242760,The Forest,May 2026,3337.15,6038.0
242760,The Forest,April 2026,4161.18,9710.0
242760,The Forest,March 2026,5430.85,17153.0
242760,The Forest,February 2026,4104.4,8096.0
242760,The Forest,January 2026,7257.57,19789.0
242760,The Forest,December 2025,7151.7,19761.0
242760,The Forest,November 2025,5544.31,17842.0
242760,The Forest,October 2025,6267.89,19176.0
242760,The Forest,September 2025,3511.03,11507.0
242760,The Forest,August 2025,4308.49,7574.0
242760,The Forest,July 2025,8655.12,20285.0
242760,The Forest,June 2025,4988.31,19616.0
242760,The Forest,May 2025,4031.79,7913.0
242760,The Forest,April 2025,4807.62,10815.0
242760,The Forest,March 2025,8330.15,27358.0
242760,The Forest,February 2025,7480.57,17030.0
242760,The Forest,January 2025,21487.39,89585.0
242760,The Forest,December 2024,27984.85,109242.0
242760,The Forest,November 2024,15214.77,78537.0
242760,The Forest,October 2024,5856.51,71719.0
242760,The Forest,September 2024,3624.47,7756.0
242760,The Forest,August 2024,4354.67,7808.0
242760,The Forest,July 2024,7537.51,18099.0
242760,The Forest,June 2024,7054.54,26411.0
242760,The Forest,May 2024,3954.89,23500.0
242760,The Forest,April 2024,3816.48,8446.0
242760,The Forest,March 2024,7273.45,29097.0
242760,The Forest,February 2024,4297.12,9145.0
242760,The Forest,January 2024,7547.68,21490.0
242760,The Forest,December 2023,10494.95,29332.0
242760,The Forest,November 2023,12199.17,51095.0
242760,The Forest,October 2023,13167.97,76107.0
242760,The Forest,September 2023,3071.93,6022.0
242760,The Forest,August 2023,3559.07,6120.0
242760,The Forest,July 2023,4339.78,7181.0
242760,The Forest,June 2023,3630.18,6045.0
242760,The Forest,May 2023,3389.64,6392.0
242760,The Forest,April 2023,4785.26,12396.0
242760,The Forest,March 2023,11336.3,28580.0
242760,The Forest,February 2023,12299.23,31864.0
242760,The Forest,January 2023,19851.38,48677.0
242760,The Forest,December 2022,17338.57,49783.0
242760,The Forest,November 2022,17923.56,73218.0
242760,The Forest,October 2022,10414.16,74816.0
242760,The Forest,September 2022,6216.76,12925.0
242760,The Forest,August 2022,13490.62,47545.0
242760,The Forest,July 2022,14028.61,41631.0
242760,The Forest,June 2022,10484.96,40122.0
242760,The Forest,May 2022,13314.46,66829.0
242760,The Forest,April 2022,5751.26,11894.0
242760,The Forest,March 2022,5831.75,10529.0
242760,The Forest,February 2022,10312.07,33109.0
242760,The Forest,January 2022,12538.58,34172.0
242760,The Forest,December 2021,10720.68,26467.0
242760,The Forest,November 2021,9522.45,39049.0
242760,The Forest,October 2021,5462.58,36688.0
242760,The Forest,September 2021,4541.66,8708.0
242760,The Forest,August 2021,5849.23,9593.0
242760,The Forest,July 2021,10301.29,27317.0
242760,The Forest,June 2021,8434.53,25557.0
242760,The Forest,May 2021,7739.41,25808.0
242760,The Forest,April 2021,12266.53,63683.0
242760,The Forest,March 2021,6565.12,11806.0
242760,The Forest,February 2021,11746.37,31612.0
242760,The Forest,January 2021,13559.27,32817.0
242760,The Forest,December 2020,10561.9,29909.0
242760,The Forest,November 2020,8396.19,25440.0
242760,The Forest,October 2020,4543.26,20294.0
242760,The Forest,September 2020,4245.98,7633.0
242760,The Forest,August 2020,4886.7,7906.0
242760,The Forest,July 2020,7822.46,16117.0
242760,The Forest,June 2020,5574.74,16215.0
242760,The Forest,May 2020,6226.51,11583.0
242760,The Forest,April 2020,7586.4,16351.0
242760,The Forest,March 2020,9235.19,27977.0
242760,The Forest,February 2020,6725.16,15596.0
242760,The Forest,January 2020,7194.89,19189.0
242760,The Forest,December 2019,6364.97,15029.0
242760,The Forest,November 2019,4576.47,10848.0
242760,The Forest,October 2019,3698.72,8309.0
242760,The Forest,September 2019,4885.63,17275.0
242760,The Forest,August 2019,3826.49,6834.0
242760,The Forest,July 2019,5398.07,12098.0
242760,The Forest,June 2019,4353.57,11432.0
242760,The Forest,May 2019,3713.85,7482.0
242760,The Forest,April 2019,3668.15,7637.0
242760,The Forest,March 2019,4310.37,8634.0
242760,The Forest,February 2019,6335.81,17363.0
242760,The Forest,January 2019,8451.37,18954.0
242760,The Forest,December 2018,8196.17,20925.0
242760,The Forest,November 2018,5071.4,13137.0
242760,The Forest,October 2018,3878.83,10482.0
242760,The Forest,September 2018,3834.9,7588.0
242760,The Forest,August 2018,4427.18,7873.0
242760,The Forest,July 2018,7682.54,17613.0
242760,The Forest,June 2018,9315.27,21553.0
242760,The Forest,May 2018,12305.05,25577.0
242760,The Forest,April 2018,3674.44,15745.0
242760,The Forest,March 2018,4018.4,7626.0
242760,The Forest,February 2018,5169.69,11253.0
242760,The Forest,January 2018,5406.31,11300.0
242760,The Forest,December 2017,5091.89,12249.0
242760,The Forest,November 2017,3795.89,8865.0
242760,The Forest,October 2017,3327.81,8243.0
242760,The Forest,September 2017,2937.32,6115.0
242760,The Forest,August 2017,3422.98,5978.0
242760,The Forest,July 2017,4284.53,7707.0
242760,The Forest,June 2017,3306.46,7873.0
242760,The Forest,May 2017,2667.8,5707.0
242760,The Forest,April 2017,2789.84,5468.0
242760,The Forest,March 2017,3160.27,7030.0
242760,The Forest,February 2017,4673.83,11106.0
242760,The Forest,January 2017,8015.05,18273.0
242760,The Forest,December 2016,5161.73,16972.0
242760,The Forest,November 2016,2825.61,6941.0
242760,The Forest,October 2016,2193.47,4826.0
242760,The Forest,September 2016,2426.21,5077.0
242760,The Forest,August 2016,2803.51,4932.0
242760,The Forest,July 2016,3432.53,7888.0
242760,The Forest,June 2016,3147.2,7430.0
242760,The Forest,May 2016,2471.26,5120.0
242760,The Forest,April 2016,2296.71,4767.0
242760,The Forest,March 2016,2516.55,4793.0
242760,The Forest,February 2016,3028.66,6306.0
242760,The Forest,January 2016,2805.81,6245.0
242760,The Forest,December 2015,2084.72,4962.0
242760,The Forest,November 2015,1604.35,3788.0
242760,The Forest,October 2015,1550.91,3240.0
242760,The Forest,September 2015,1494.0,3686.0
242760,The Forest,August 2015,1949.36,4060.0
242760,The Forest,July 2015,1500.87,3421.0
242760,The Forest,June 2015,1675.04,4689.0
242760,The Forest,May 2015,909.99,1990.0
242760,The Forest,April 2015,932.01,2241.0
242760,The Forest,March 2015,1139.0,3194.0
242760,The Forest,February 2015,1512.2,3215.0
242760,The Forest,January 2015,1868.44,4809.0
242760,The Forest,December 2014,1768.05,3891.0
242760,The Forest,November 2014,1180.42,4640.0
242760,The Forest,October 2014,817.7,2918.0
242760,The Forest,September 2014,726.57,1875.0
242760,The Forest,August 2014,1130.51,3121.0
242760,The Forest,July 2014,1454.26,4725.0
242760,The Forest,June 2014,2440.26,6673.0
242760,The Forest,May 2014,942.89,5722.0
