"DateTime","Positive reviews","Negative reviews"
"2015-05-13 00:00:00",,
"2015-05-14 00:00:00",71,-5
"2015-05-15 00:00:00",242,-12
"2015-05-16 00:00:00",200,-14
"2015-05-17 00:00:00",302,-14
"2015-05-18 00:00:00",313,-7
"2015-05-19 00:00:00",186,-7
"2015-05-20 00:00:00",213,-15
"2015-05-21 00:00:00",216,-16
"2015-05-22 00:00:00",215,-8
"2015-05-23 00:00:00",250,-17
"2015-05-24 00:00:00",195,-13
"2015-05-25 00:00:00",299,-16
"2015-05-26 00:00:00",265,-16
"2015-05-27 00:00:00",213,-8
"2015-05-28 00:00:00",252,-14
"2015-05-29 00:00:00",254,-9
"2015-05-30 00:00:00",224,-12
"2015-05-31 00:00:00",262,-27
"2015-06-01 00:00:00",,
"2015-06-02 00:00:00",534,-15
"2015-06-03 00:00:00",232,-11
"2015-06-04 00:00:00",263,-9
"2015-06-05 00:00:00",228,-25
"2015-06-06 00:00:00",272,-21
"2015-06-07 00:00:00",275,-9
"2015-06-08 00:00:00",318,-23
"2015-06-09 00:00:00",266,-13
"2015-06-10 00:00:00",304,-26
"2015-06-11 00:00:00",228,-16
"2015-06-12 00:00:00",315,-11
"2015-06-13 00:00:00",423,-29
"2015-06-14 00:00:00",463,-19
"2015-06-15 00:00:00",467,-20
"2015-06-16 00:00:00",362,-25
"2015-06-17 00:00:00",406,-11
"2015-06-18 00:00:00",376,-30
"2015-06-19 00:00:00",304,-20
"2015-06-20 00:00:00",347,-32
"2015-06-21 00:00:00",348,-24
"2015-06-22 00:00:00",375,-23
"2015-06-23 00:00:00",331,-18
"2015-06-24 00:00:00",260,-21
"2015-06-25 00:00:00",259,-17
"2015-06-26 00:00:00",273,-6
"2015-06-27 00:00:00",233,-23
"2015-06-28 00:00:00",292,-19
"2015-06-29 00:00:00",265,-19
"2015-06-30 00:00:00",284,-14
"2015-07-01 00:00:00",300,-17
"2015-07-02 00:00:00",206,-1
"2015-07-03 00:00:00",288,-85
"2015-07-04 00:00:00",442,-205
"2015-07-05 00:00:00",399,-112
"2015-07-06 00:00:00",373,-101
"2015-07-07 00:00:00",348,-80
"2015-07-08 00:00:00",357,-41
"2015-07-09 00:00:00",253,-46
"2015-07-10 00:00:00",336,-54
"2015-07-11 00:00:00",301,-28
"2015-07-12 00:00:00",273,-14
"2015-07-13 00:00:00",301,-27
"2015-07-14 00:00:00",238,-23
"2015-07-15 00:00:00",213,-18
"2015-07-16 00:00:00",221,-20
"2015-07-17 00:00:00",252,-26
"2015-07-18 00:00:00",237,-21
"2015-07-19 00:00:00",277,-16
"2015-07-20 00:00:00",185,-14
"2015-07-21 00:00:00",284,-18
"2015-07-22 00:00:00",303,-16
"2015-07-23 00:00:00",285,-24
"2015-07-24 00:00:00",226,-10
"2015-07-25 00:00:00",252,-31
"2015-07-26 00:00:00",243,-16
"2015-07-27 00:00:00",248,-10
"2015-07-28 00:00:00",250,-10
"2015-07-29 00:00:00",239,-16
"2015-07-30 00:00:00",232,-18
"2015-07-31 00:00:00",259,-16
"2015-08-01 00:00:00",281,-18
"2015-08-02 00:00:00",225,-10
"2015-08-03 00:00:00",223,-20
"2015-08-04 00:00:00",230,-12
"2015-08-05 00:00:00",255,-24
"2015-08-06 00:00:00",242,-15
"2015-08-07 00:00:00",229,-15
"2015-08-08 00:00:00",227,-13
"2015-08-09 00:00:00",256,-16
"2015-08-10 00:00:00",272,-12
"2015-08-11 00:00:00",220,-6
"2015-08-12 00:00:00",262,-16
"2015-08-13 00:00:00",276,-19
"2015-08-14 00:00:00",230,-11
"2015-08-15 00:00:00",293,-12
"2015-08-16 00:00:00",213,-14
"2015-08-17 00:00:00",293,-15
"2015-08-18 00:00:00",263,-16
"2015-08-19 00:00:00",231,-11
"2015-08-20 00:00:00",277,-29
"2015-08-21 00:00:00",240,-14
"2015-08-22 00:00:00",263,-15
"2015-08-23 00:00:00",278,-19
"2015-08-24 00:00:00",234,-14
"2015-08-25 00:00:00",236,-17
"2015-08-26 00:00:00",251,-16
"2015-08-27 00:00:00",212,-9
"2015-08-28 00:00:00",211,-20
"2015-08-29 00:00:00",224,-21
"2015-08-30 00:00:00",297,-13
"2015-08-31 00:00:00",235,-26
"2015-09-01 00:00:00",197,-18
"2015-09-02 00:00:00",221,-11
"2015-09-03 00:00:00",234,-11
"2015-09-04 00:00:00",201,-8
"2015-09-05 00:00:00",223,-9
"2015-09-06 00:00:00",289,-18
"2015-09-07 00:00:00",249,-22
"2015-09-08 00:00:00",207,-9
"2015-09-09 00:00:00",251,-20
"2015-09-10 00:00:00",144,-8
"2015-09-11 00:00:00",192,-4
"2015-09-12 00:00:00",227,-4
"2015-09-13 00:00:00",237,-12
"2015-09-14 00:00:00",278,-22
"2015-09-15 00:00:00",227,-3
"2015-09-16 00:00:00",193,-14
"2015-09-17 00:00:00",191,-10
"2015-09-18 00:00:00",170,-13
"2015-09-19 00:00:00",144,-12
"2015-09-20 00:00:00",277,-6
"2015-09-21 00:00:00",248,-35
"2015-09-22 00:00:00",170,-12
"2015-09-23 00:00:00",178,-10
"2015-09-24 00:00:00",185,-8
"2015-09-25 00:00:00",189,-20
"2015-09-26 00:00:00",199,-12
"2015-09-27 00:00:00",264,-13
"2015-09-28 00:00:00",255,-2
"2015-09-29 00:00:00",143,-6
"2015-09-30 00:00:00",213,-21
"2015-10-01 00:00:00",194,-11
"2015-10-02 00:00:00",196,-9
"2015-10-03 00:00:00",208,-13
"2015-10-04 00:00:00",227,-10
"2015-10-05 00:00:00",304,-15
"2015-10-06 00:00:00",207,-16
"2015-10-07 00:00:00",212,-30
"2015-10-08 00:00:00",195,-18
"2015-10-09 00:00:00",155,-21
"2015-10-10 00:00:00",273,-26
"2015-10-11 00:00:00",294,-14
"2015-10-12 00:00:00",198,-17
"2015-10-13 00:00:00",199,-30
"2015-10-14 00:00:00",205,-4
"2015-10-15 00:00:00",158,-6
"2015-10-16 00:00:00",153,-4
"2015-10-17 00:00:00",286,-10
"2015-10-18 00:00:00",189,-12
"2015-10-19 00:00:00",271,-18
"2015-10-20 00:00:00",166,
"2015-10-21 00:00:00",176,-9
"2015-10-22 00:00:00",149,-12
"2015-10-23 00:00:00",158,
"2015-10-24 00:00:00",221,-9
"2015-10-25 00:00:00",268,-9
"2015-10-26 00:00:00",285,-16
"2015-10-27 00:00:00",222,-11
"2015-10-28 00:00:00",188,-15
"2015-10-29 00:00:00",232,-10
"2015-10-30 00:00:00",299,-35
"2015-10-31 00:00:00",429,-31
"2015-11-01 00:00:00",398,-29
"2015-11-02 00:00:00",392,-36
"2015-11-03 00:00:00",264,-23
"2015-11-04 00:00:00",264,-24
"2015-11-05 00:00:00",253,-16
"2015-11-06 00:00:00",228,-16
"2015-11-07 00:00:00",272,-12
"2015-11-08 00:00:00",356,-16
"2015-11-09 00:00:00",293,-11
"2015-11-10 00:00:00",216,-19
"2015-11-11 00:00:00",206,-5
"2015-11-12 00:00:00",264,-15
"2015-11-13 00:00:00",186,-12
"2015-11-14 00:00:00",285,-13
"2015-11-15 00:00:00",269,-12
"2015-11-16 00:00:00",285,-36
"2015-11-17 00:00:00",234,-14
"2015-11-18 00:00:00",220,-10
"2015-11-19 00:00:00",156,-14
"2015-11-20 00:00:00",185,-13
"2015-11-21 00:00:00",233,-16
"2015-11-22 00:00:00",294,-13
"2015-11-23 00:00:00",250,-5
"2015-11-24 00:00:00",194,-9
"2015-11-25 00:00:00",208,-18
"2015-11-26 00:00:00",229,-22
"2015-11-27 00:00:00",339,-29
"2015-11-28 00:00:00",383,-27
"2015-11-29 00:00:00",465,-20
"2015-11-30 00:00:00",397,-31
"2015-12-01 00:00:00",304,-17
"2015-12-02 00:00:00",277,-20
"2015-12-03 00:00:00",234,-18
"2015-12-04 00:00:00",240,-8
"2015-12-05 00:00:00",211,-10
"2015-12-06 00:00:00",321,-34
"2015-12-07 00:00:00",319,-13
"2015-12-08 00:00:00",217,-26
"2015-12-09 00:00:00",200,-13
"2015-12-10 00:00:00",183,-8
"2015-12-11 00:00:00",193,-13
"2015-12-12 00:00:00",234,-12
"2015-12-13 00:00:00",319,-31
"2015-12-14 00:00:00",307,-14
"2015-12-15 00:00:00",228,-9
"2015-12-16 00:00:00",216,-10
"2015-12-17 00:00:00",218,-12
"2015-12-18 00:00:00",198,-29
"2015-12-19 00:00:00",347,-47
"2015-12-20 00:00:00",460,-69
"2015-12-21 00:00:00",277,-39
"2015-12-22 00:00:00",256,-37
"2015-12-23 00:00:00",458,-44
"2015-12-24 00:00:00",783,-72
"2015-12-25 00:00:00",638,-57
"2015-12-26 00:00:00",526,-47
"2015-12-27 00:00:00",643,-46
"2015-12-28 00:00:00",870,-77
"2015-12-29 00:00:00",650,-27
"2015-12-30 00:00:00",552,-68
"2015-12-31 00:00:00",485,-63
"2016-01-01 00:00:00",,
"2016-01-02 00:00:00",1028,-101
"2016-01-03 00:00:00",598,-38
"2016-01-04 00:00:00",488,-39
"2016-01-05 00:00:00",361,-31
"2016-01-06 00:00:00",260,-17
"2016-01-07 00:00:00",269,-26
"2016-01-08 00:00:00",272,-28
"2016-01-09 00:00:00",274,-23
"2016-01-10 00:00:00",256,-18
"2016-01-11 00:00:00",310,-24
"2016-01-12 00:00:00",231,-12
"2016-01-13 00:00:00",222,-13
"2016-01-14 00:00:00",214,-16
"2016-01-15 00:00:00",294,-34
"2016-01-16 00:00:00",220,-6
"2016-01-17 00:00:00",305,-17
"2016-01-18 00:00:00",299,-27
"2016-01-19 00:00:00",270,-23
"2016-01-20 00:00:00",266,-8
"2016-01-21 00:00:00",192,-19
"2016-01-22 00:00:00",203,-2
"2016-01-23 00:00:00",278,-12
"2016-01-24 00:00:00",333,-38
"2016-01-25 00:00:00",318,-22
"2016-01-26 00:00:00",230,-22
"2016-01-27 00:00:00",248,-7
"2016-01-28 00:00:00",202,-17
"2016-01-29 00:00:00",193,-16
"2016-01-30 00:00:00",244,-27
"2016-01-31 00:00:00",242,-20
"2016-02-01 00:00:00",309,-16
"2016-02-02 00:00:00",220,-6
"2016-02-03 00:00:00",231,-12
"2016-02-04 00:00:00",200,-15
"2016-02-05 00:00:00",221,-18
"2016-02-06 00:00:00",236,-7
"2016-02-07 00:00:00",282,-14
"2016-02-08 00:00:00",283,-12
"2016-02-09 00:00:00",227,-19
"2016-02-10 00:00:00",230,-26
"2016-02-11 00:00:00",257,-20
"2016-02-12 00:00:00",231,-6
"2016-02-13 00:00:00",221,-24
"2016-02-14 00:00:00",376,-45
"2016-02-15 00:00:00",294,-19
"2016-02-16 00:00:00",204,-15
"2016-02-17 00:00:00",222,-22
"2016-02-18 00:00:00",207,-17
"2016-02-19 00:00:00",219,-15
"2016-02-20 00:00:00",235,-6
"2016-02-21 00:00:00",311,-23
"2016-02-22 00:00:00",306,-30
"2016-02-23 00:00:00",190,-22
"2016-02-24 00:00:00",199,-19
"2016-02-25 00:00:00",198,-17
"2016-02-26 00:00:00",232,-11
"2016-02-27 00:00:00",215,-6
"2016-02-28 00:00:00",274,-31
"2016-02-29 00:00:00",270,-15
"2016-03-01 00:00:00",179,-12
"2016-03-02 00:00:00",238,-8
"2016-03-03 00:00:00",252,-12
"2016-03-04 00:00:00",236,-11
"2016-03-05 00:00:00",207,-11
"2016-03-06 00:00:00",327,-25
"2016-03-07 00:00:00",256,-16
"2016-03-08 00:00:00",208,-14
"2016-03-09 00:00:00",207,
"2016-03-10 00:00:00",182,-18
"2016-03-11 00:00:00",187,-11
"2016-03-12 00:00:00",240,-21
"2016-03-13 00:00:00",299,-22
"2016-03-14 00:00:00",278,-10
"2016-03-15 00:00:00",167,-12
"2016-03-16 00:00:00",208,-7
"2016-03-17 00:00:00",190,-17
"2016-03-18 00:00:00",174,-14
"2016-03-19 00:00:00",306,-25
"2016-03-20 00:00:00",242,-17
"2016-03-21 00:00:00",203,-18
"2016-03-22 00:00:00",239,-11
"2016-03-23 00:00:00",224,-10
"2016-03-24 00:00:00",645,-32
"2016-03-25 00:00:00",220,-12
"2016-03-26 00:00:00",298,-22
"2016-03-27 00:00:00",228,-14
"2016-03-28 00:00:00",231,-13
"2016-03-29 00:00:00",267,-15
"2016-03-30 00:00:00",186,-15
"2016-03-31 00:00:00",258,-14
"2016-04-01 00:00:00",198,-20
"2016-04-02 00:00:00",210,-10
"2016-04-03 00:00:00",226,-27
"2016-04-04 00:00:00",258,-12
"2016-04-05 00:00:00",196,-17
"2016-04-06 00:00:00",196,-12
"2016-04-07 00:00:00",176,-11
"2016-04-08 00:00:00",186,-16
"2016-04-09 00:00:00",157,-11
"2016-04-10 00:00:00",225,-17
"2016-04-11 00:00:00",260,-15
"2016-04-12 00:00:00",159,-15
"2016-04-13 00:00:00",208,-6
"2016-04-14 00:00:00",170,-10
"2016-04-15 00:00:00",153,-10
"2016-04-16 00:00:00",163,-4
"2016-04-17 00:00:00",230,-8
"2016-04-18 00:00:00",269,-17
"2016-04-19 00:00:00",175,-10
"2016-04-20 00:00:00",224,-12
"2016-04-21 00:00:00",166,-16
"2016-04-22 00:00:00",175,-12
"2016-04-23 00:00:00",151,-19
"2016-04-24 00:00:00",282,-14
"2016-04-25 00:00:00",294,-10
"2016-04-26 00:00:00",165,-21
"2016-04-27 00:00:00",247,-19
"2016-04-28 00:00:00",190,-22
"2016-04-29 00:00:00",158,-8
"2016-04-30 00:00:00",205,-13
"2016-05-01 00:00:00",290,-16
"2016-05-02 00:00:00",233,-16
"2016-05-03 00:00:00",224,-15
"2016-05-04 00:00:00",180,-14
"2016-05-05 00:00:00",185,-6
"2016-05-06 00:00:00",135,-15
"2016-05-07 00:00:00",181,-10
"2016-05-08 00:00:00",228,-19
"2016-05-09 00:00:00",238,-16
"2016-05-10 00:00:00",145,-5
"2016-05-11 00:00:00",172,-13
"2016-05-12 00:00:00",173,-11
"2016-05-13 00:00:00",180,-19
"2016-05-14 00:00:00",223,-7
"2016-05-15 00:00:00",224,-21
"2016-05-16 00:00:00",242,-12
"2016-05-17 00:00:00",134,-15
"2016-05-18 00:00:00",197,-6
"2016-05-19 00:00:00",162,-12
"2016-05-20 00:00:00",165,-23
"2016-05-21 00:00:00",171,-5
"2016-05-22 00:00:00",204,-25
"2016-05-23 00:00:00",210,-15
"2016-05-24 00:00:00",179,-15
"2016-05-25 00:00:00",184,-9
"2016-05-26 00:00:00",161,-8
"2016-05-27 00:00:00",193,-12
"2016-05-28 00:00:00",180,-8
"2016-05-29 00:00:00",195,-26
"2016-05-30 00:00:00",247,-12
"2016-05-31 00:00:00",169,-7
"2016-06-01 00:00:00",229,-2
"2016-06-02 00:00:00",205,-25
"2016-06-03 00:00:00",174,-18
"2016-06-04 00:00:00",177,-7
"2016-06-05 00:00:00",242,-24
"2016-06-06 00:00:00",229,-21
"2016-06-07 00:00:00",171,-8
"2016-06-08 00:00:00",172,-13
"2016-06-09 00:00:00",160,-15
"2016-06-10 00:00:00",188,-17
"2016-06-11 00:00:00",179,-14
"2016-06-12 00:00:00",233,-26
"2016-06-13 00:00:00",192,-20
"2016-06-14 00:00:00",181,-15
"2016-06-15 00:00:00",220,-8
"2016-06-16 00:00:00",286,-8
"2016-06-17 00:00:00",377,-15
"2016-06-18 00:00:00",183,-19
"2016-06-19 00:00:00",257,-26
"2016-06-20 00:00:00",213,-23
"2016-06-21 00:00:00",173,-19
"2016-06-22 00:00:00",307,-28
"2016-06-23 00:00:00",228,-7
"2016-06-24 00:00:00",317,-24
"2016-06-25 00:00:00",553,-21
"2016-06-26 00:00:00",421,-32
"2016-06-27 00:00:00",395,-40
"2016-06-28 00:00:00",393,-23
"2016-06-29 00:00:00",374,-5
"2016-06-30 00:00:00",364,-15
"2016-07-01 00:00:00",270,-24
"2016-07-02 00:00:00",406,-25
"2016-07-03 00:00:00",303,-13
"2016-07-04 00:00:00",357,-31
"2016-07-05 00:00:00",274,-12
"2016-07-06 00:00:00",261,-8
"2016-07-07 00:00:00",269,-26
"2016-07-08 00:00:00",260,-18
"2016-07-09 00:00:00",2,-1221
"2016-07-10 00:00:00",146,-518
"2016-07-11 00:00:00",161,-284
"2016-07-12 00:00:00",153,-272
"2016-07-13 00:00:00",197,-196
"2016-07-14 00:00:00",181,-194
"2016-07-15 00:00:00",179,-118
"2016-07-16 00:00:00",171,-80
"2016-07-17 00:00:00",180,-65
"2016-07-18 00:00:00",191,-97
"2016-07-19 00:00:00",183,-83
"2016-07-20 00:00:00",150,-83
"2016-07-21 00:00:00",138,-76
"2016-07-22 00:00:00",128,-68
"2016-07-23 00:00:00",79,-147
"2016-07-24 00:00:00",144,-129
"2016-07-25 00:00:00",151,-125
"2016-07-26 00:00:00",138,-117
"2016-07-27 00:00:00",169,-73
"2016-07-28 00:00:00",134,-89
"2016-07-29 00:00:00",140,-78
"2016-07-30 00:00:00",161,-59
"2016-07-31 00:00:00",140,-91
"2016-08-01 00:00:00",147,-157
"2016-08-02 00:00:00",125,-129
"2016-08-03 00:00:00",129,-69
"2016-08-04 00:00:00",163,-66
"2016-08-05 00:00:00",119,-75
"2016-08-06 00:00:00",111,-72
"2016-08-07 00:00:00",124,-71
"2016-08-08 00:00:00",115,-77
"2016-08-09 00:00:00",137,-65
"2016-08-10 00:00:00",136,-50
"2016-08-11 00:00:00",139,-46
"2016-08-12 00:00:00",174,-34
"2016-08-13 00:00:00",192,-41
"2016-08-14 00:00:00",168,-56
"2016-08-15 00:00:00",155,-38
"2016-08-16 00:00:00",191,-56
"2016-08-17 00:00:00",156,-38
"2016-08-18 00:00:00",166,-39
"2016-08-19 00:00:00",139,-45
"2016-08-20 00:00:00",146,-46
"2016-08-21 00:00:00",119,-39
"2016-08-22 00:00:00",126,-14
"2016-08-23 00:00:00",135,-27
"2016-08-24 00:00:00",150,-35
"2016-08-25 00:00:00",149,-22
"2016-08-26 00:00:00",180,-30
"2016-08-27 00:00:00",146,-24
"2016-08-28 00:00:00",171,-18
"2016-08-29 00:00:00",153,-26
"2016-08-30 00:00:00",122,-31
"2016-08-31 00:00:00",171,-15
"2016-09-01 00:00:00",148,-13
"2016-09-02 00:00:00",146,-10
"2016-09-03 00:00:00",123,-18
"2016-09-04 00:00:00",181,-11
"2016-09-05 00:00:00",172,-15
"2016-09-06 00:00:00",138,-7
"2016-09-07 00:00:00",96,-12
"2016-09-08 00:00:00",132,
"2016-09-09 00:00:00",128,-22
"2016-09-10 00:00:00",117,-12
"2016-09-11 00:00:00",175,-20
"2016-09-12 00:00:00",209,-18
"2016-09-13 00:00:00",124,-16
"2016-09-14 00:00:00",139,-2
"2016-09-15 00:00:00",28,
"2016-09-16 00:00:00",112,
"2016-09-17 00:00:00",144,-5
"2016-09-18 00:00:00",154,-7
"2016-09-19 00:00:00",208,-6
"2016-09-20 00:00:00",128,-11
"2016-09-21 00:00:00",100,-1
"2016-09-22 00:00:00",159,
"2016-09-23 00:00:00",121,-10
"2016-09-24 00:00:00",140,-1
"2016-09-25 00:00:00",181,-28
"2016-09-26 00:00:00",144,-1
"2016-09-27 00:00:00",101,
"2016-09-28 00:00:00",111,
"2016-09-29 00:00:00",105,-7
"2016-09-30 00:00:00",113,-8
"2016-10-01 00:00:00",101,-26
"2016-10-02 00:00:00",193,-4
"2016-10-03 00:00:00",182,-16
"2016-10-04 00:00:00",102,-12
"2016-10-05 00:00:00",107,-6
"2016-10-06 00:00:00",116,-15
"2016-10-07 00:00:00",95,-13
"2016-10-08 00:00:00",148,
"2016-10-09 00:00:00",182,-19
"2016-10-10 00:00:00",140,-16
"2016-10-11 00:00:00",114,-17
"2016-10-12 00:00:00",111,-3
"2016-10-13 00:00:00",113,-10
"2016-10-14 00:00:00",121,-17
"2016-10-15 00:00:00",130,-11
"2016-10-16 00:00:00",156,-29
"2016-10-17 00:00:00",151,-13
"2016-10-18 00:00:00",87,-22
"2016-10-19 00:00:00",102,-11
"2016-10-20 00:00:00",138,-4
"2016-10-21 00:00:00",90,-19
"2016-10-22 00:00:00",132,-20
"2016-10-23 00:00:00",215,-38
"2016-10-24 00:00:00",146,-35
"2016-10-25 00:00:00",97,-21
"2016-10-26 00:00:00",103,-18
"2016-10-27 00:00:00",134,-7
"2016-10-28 00:00:00",81,-3
"2016-10-29 00:00:00",157,-17
"2016-10-30 00:00:00",167,-26
"2016-10-31 00:00:00",171,-7
"2016-11-01 00:00:00",126,-12
"2016-11-02 00:00:00",141,-10
"2016-11-03 00:00:00",127,-21
"2016-11-04 00:00:00",107,-29
"2016-11-05 00:00:00",149,-12
"2016-11-06 00:00:00",201,-25
"2016-11-07 00:00:00",185,-45
"2016-11-08 00:00:00",136,-19
"2016-11-09 00:00:00",118,
"2016-11-10 00:00:00",130,-7
"2016-11-11 00:00:00",109,-9
"2016-11-12 00:00:00",169,-18
"2016-11-13 00:00:00",181,-9
"2016-11-14 00:00:00",194,-2
"2016-11-15 00:00:00",115,-8
"2016-11-16 00:00:00",106,-12
"2016-11-17 00:00:00",128,-10
"2016-11-18 00:00:00",93,-12
"2016-11-19 00:00:00",108,-9
"2016-11-20 00:00:00",172,-21
"2016-11-21 00:00:00",172,-14
"2016-11-22 00:00:00",104,
"2016-11-23 00:00:00",127,-9
"2016-11-24 00:00:00",2285,-63
"2016-11-25 00:00:00",3411,-58
"2016-11-26 00:00:00",2383,-28
"2016-11-27 00:00:00",2093,-53
"2016-11-28 00:00:00",1569,-31
"2016-11-29 00:00:00",1027,-42
"2016-11-30 00:00:00",707,-14
"2016-12-01 00:00:00",151,-13
"2016-12-02 00:00:00",174,-6
"2016-12-03 00:00:00",173,-15
"2016-12-04 00:00:00",188,-17
"2016-12-05 00:00:00",318,-14
"2016-12-06 00:00:00",117,-6
"2016-12-07 00:00:00",100,-3
"2016-12-08 00:00:00",127,-10
"2016-12-09 00:00:00",90,-7
"2016-12-10 00:00:00",129,-9
"2016-12-11 00:00:00",155,
"2016-12-12 00:00:00",169,-20
"2016-12-13 00:00:00",97,-5
"2016-12-14 00:00:00",103,-2
"2016-12-15 00:00:00",135,-9
"2016-12-16 00:00:00",117,
"2016-12-17 00:00:00",106,-7
"2016-12-18 00:00:00",182,-12
"2016-12-19 00:00:00",199,-10
"2016-12-20 00:00:00",117,-13
"2016-12-21 00:00:00",152,-14
"2016-12-22 00:00:00",148,-14
"2016-12-23 00:00:00",266,-16
"2016-12-24 00:00:00",378,-16
"2016-12-25 00:00:00",535,-26
"2016-12-26 00:00:00",541,-25
"2016-12-27 00:00:00",382,-26
"2016-12-28 00:00:00",276,-19
"2016-12-29 00:00:00",254,-14
"2016-12-30 00:00:00",308,-23
"2016-12-31 00:00:00",216,-12
"2017-01-01 00:00:00",,
"2017-01-02 00:00:00",553,-39
"2017-01-03 00:00:00",270,-27
"2017-01-04 00:00:00",173,-12
"2017-01-05 00:00:00",233,-41
"2017-01-06 00:00:00",179,-26
"2017-01-07 00:00:00",176,-14
"2017-01-08 00:00:00",215,-34
"2017-01-09 00:00:00",218,-27
"2017-01-10 00:00:00",192,-29
"2017-01-11 00:00:00",159,-23
"2017-01-12 00:00:00",177,-21
"2017-01-13 00:00:00",167,-19
"2017-01-14 00:00:00",171,-17
"2017-01-15 00:00:00",187,-19
"2017-01-16 00:00:00",203,-8
"2017-01-17 00:00:00",181,-21
"2017-01-18 00:00:00",169,-19
"2017-01-19 00:00:00",146,
"2017-01-20 00:00:00",130,-11
"2017-01-21 00:00:00",163,-31
"2017-01-22 00:00:00",212,-29
"2017-01-23 00:00:00",187,-25
"2017-01-24 00:00:00",197,-7
"2017-01-25 00:00:00",164,-8
"2017-01-26 00:00:00",156,-16
"2017-01-27 00:00:00",158,-20
"2017-01-28 00:00:00",161,-18
"2017-01-29 00:00:00",207,-25
"2017-01-30 00:00:00",189,-12
"2017-01-31 00:00:00",155,-14
"2017-02-01 00:00:00",133,-10
"2017-02-02 00:00:00",129,-11
"2017-02-03 00:00:00",166,
"2017-02-04 00:00:00",187,-15
"2017-02-05 00:00:00",206,-16
"2017-02-06 00:00:00",195,-32
"2017-02-07 00:00:00",180,-11
"2017-02-08 00:00:00",100,-5
"2017-02-09 00:00:00",173,-10
"2017-02-10 00:00:00",127,-17
"2017-02-11 00:00:00",136,-5
"2017-02-12 00:00:00",206,-18
"2017-02-13 00:00:00",221,-12
"2017-02-14 00:00:00",136,-6
"2017-02-15 00:00:00",158,-13
"2017-02-16 00:00:00",164,-7
"2017-02-17 00:00:00",161,-24
"2017-02-18 00:00:00",174,-13
"2017-02-19 00:00:00",185,-27
"2017-02-20 00:00:00",209,-18
"2017-02-21 00:00:00",182,-21
"2017-02-22 00:00:00",163,-8
"2017-02-23 00:00:00",185,-3
"2017-02-24 00:00:00",162,-9
"2017-02-25 00:00:00",146,-4
"2017-02-26 00:00:00",232,-2
"2017-02-27 00:00:00",273,-17
"2017-02-28 00:00:00",113,-19
"2017-03-01 00:00:00",153,-20
"2017-03-02 00:00:00",137,-5
"2017-03-03 00:00:00",163,-11
"2017-03-04 00:00:00",136,-11
"2017-03-05 00:00:00",180,-24
"2017-03-06 00:00:00",198,-7
"2017-03-07 00:00:00",116,-17
"2017-03-08 00:00:00",137,-5
"2017-03-09 00:00:00",113,-11
"2017-03-10 00:00:00",145,-1
"2017-03-11 00:00:00",132,
"2017-03-12 00:00:00",199,-26
"2017-03-13 00:00:00",180,-24
"2017-03-14 00:00:00",151,-10
"2017-03-15 00:00:00",164,-3
"2017-03-16 00:00:00",149,-17
"2017-03-17 00:00:00",166,-11
"2017-03-18 00:00:00",128,
"2017-03-19 00:00:00",224,-43
"2017-03-20 00:00:00",165,-12
"2017-03-21 00:00:00",136,-10
"2017-03-22 00:00:00",178,-15
"2017-03-23 00:00:00",166,-7
"2017-03-24 00:00:00",115,-8
"2017-03-25 00:00:00",136,-13
"2017-03-26 00:00:00",205,-11
"2017-03-27 00:00:00",181,-17
"2017-03-28 00:00:00",166,-5
"2017-03-29 00:00:00",117,-12
"2017-03-30 00:00:00",125,-8
"2017-03-31 00:00:00",162,-5
"2017-04-01 00:00:00",169,-7
"2017-04-02 00:00:00",194,-13
"2017-04-03 00:00:00",193,-10
"2017-04-04 00:00:00",164,-13
"2017-04-05 00:00:00",127,-10
"2017-04-06 00:00:00",146,-15
"2017-04-07 00:00:00",129,
"2017-04-08 00:00:00",111,-12
"2017-04-09 00:00:00",189,-10
"2017-04-10 00:00:00",208,-8
"2017-04-11 00:00:00",162,-13
"2017-04-12 00:00:00",169,-10
"2017-04-13 00:00:00",154,-6
"2017-04-14 00:00:00",198,
"2017-04-15 00:00:00",195,-9
"2017-04-16 00:00:00",175,-15
"2017-04-17 00:00:00",180,-11
"2017-04-18 00:00:00",176,-21
"2017-04-19 00:00:00",179,-13
"2017-04-20 00:00:00",143,-6
"2017-04-21 00:00:00",129,-30
"2017-04-22 00:00:00",141,-13
"2017-04-23 00:00:00",188,-18
"2017-04-24 00:00:00",161,-16
"2017-04-25 00:00:00",134,-6
"2017-04-26 00:00:00",149,-4
"2017-04-27 00:00:00",141,-6
"2017-04-28 00:00:00",114,-16
"2017-04-29 00:00:00",137,-7
"2017-04-30 00:00:00",205,-21
"2017-05-01 00:00:00",137,-16
"2017-05-02 00:00:00",151,-11
"2017-05-03 00:00:00",108,-3
"2017-05-04 00:00:00",153,-7
"2017-05-05 00:00:00",156,-13
"2017-05-06 00:00:00",159,-12
"2017-05-07 00:00:00",197,-16
"2017-05-08 00:00:00",186,-5
"2017-05-09 00:00:00",120,-16
"2017-05-10 00:00:00",137,-8
"2017-05-11 00:00:00",163,-2
"2017-05-12 00:00:00",128,
"2017-05-13 00:00:00",128,-10
"2017-05-14 00:00:00",189,-10
"2017-05-15 00:00:00",169,-9
"2017-05-16 00:00:00",134,-7
"2017-05-17 00:00:00",186,-7
"2017-05-18 00:00:00",135,-7
"2017-05-19 00:00:00",153,-12
"2017-05-20 00:00:00",156,-10
"2017-05-21 00:00:00",180,-4
"2017-05-22 00:00:00",155,-21
"2017-05-23 00:00:00",107,-8
"2017-05-24 00:00:00",114,-10
"2017-05-25 00:00:00",147,-16
"2017-05-26 00:00:00",158,-7
"2017-05-27 00:00:00",133,-15
"2017-05-28 00:00:00",181,-11
"2017-05-29 00:00:00",161,-16
"2017-05-30 00:00:00",146,-14
"2017-05-31 00:00:00",143,-20
"2017-06-01 00:00:00",133,-9
"2017-06-02 00:00:00",135,-23
"2017-06-03 00:00:00",150,-12
"2017-06-04 00:00:00",167,-16
"2017-06-05 00:00:00",176,-24
"2017-06-06 00:00:00",129,-13
"2017-06-07 00:00:00",129,-11
"2017-06-08 00:00:00",113,
"2017-06-09 00:00:00",139,-8
"2017-06-10 00:00:00",161,
"2017-06-11 00:00:00",175,-9
"2017-06-12 00:00:00",147,-9
"2017-06-13 00:00:00",120,-4
"2017-06-14 00:00:00",125,-7
"2017-06-15 00:00:00",136,-3
"2017-06-16 00:00:00",127,-21
"2017-06-17 00:00:00",128,-9
"2017-06-18 00:00:00",169,-13
"2017-06-19 00:00:00",167,-3
"2017-06-20 00:00:00",145,-13
"2017-06-21 00:00:00",132,-19
"2017-06-22 00:00:00",132,-26
"2017-06-23 00:00:00",177,-15
"2017-06-24 00:00:00",425,-34
"2017-06-25 00:00:00",221,-3
"2017-06-26 00:00:00",364,-30
"2017-06-27 00:00:00",93,
"2017-06-28 00:00:00",617,-103
"2017-06-29 00:00:00",246,
"2017-06-30 00:00:00",511,-98
"2017-07-01 00:00:00",470,-42
"2017-07-02 00:00:00",350,-42
"2017-07-03 00:00:00",592,-26
"2017-07-04 00:00:00",600,-38
"2017-07-05 00:00:00",930,
"2017-07-06 00:00:00",275,-36
"2017-07-07 00:00:00",198,
"2017-07-08 00:00:00",233,-96
"2017-07-09 00:00:00",89,
"2017-07-10 00:00:00",125,-20
"2017-07-11 00:00:00",132,-23
"2017-07-12 00:00:00",217,-69
"2017-07-13 00:00:00",77,
"2017-07-14 00:00:00",136,-54
"2017-07-15 00:00:00",117,-17
"2017-07-16 00:00:00",755,-33
"2017-07-17 00:00:00",172,-82
"2017-07-18 00:00:00",79,
"2017-07-19 00:00:00",191,-83
"2017-07-20 00:00:00",181,
"2017-07-21 00:00:00",57,-42
"2017-07-22 00:00:00",216,-50
"2017-07-23 00:00:00",155,
"2017-07-24 00:00:00",137,
"2017-07-25 00:00:00",174,-84
"2017-07-26 00:00:00",123,
"2017-07-27 00:00:00",124,-24
"2017-07-28 00:00:00",166,-59
"2017-07-29 00:00:00",385,-4
"2017-07-30 00:00:00",212,-47
"2017-07-31 00:00:00",155,
"2017-08-01 00:00:00",148,-29
"2017-08-02 00:00:00",110,-8
"2017-08-03 00:00:00",174,-25
"2017-08-04 00:00:00",108,-7
"2017-08-05 00:00:00",182,-47
"2017-08-06 00:00:00",,
"2017-08-07 00:00:00",326,-44
"2017-08-08 00:00:00",,
"2017-08-09 00:00:00",128,-14
"2017-08-10 00:00:00",115,-26
"2017-08-11 00:00:00",91,-25
"2017-08-12 00:00:00",143,-8
"2017-08-13 00:00:00",187,-19
"2017-08-14 00:00:00",145,-28
"2017-08-15 00:00:00",88,-19
"2017-08-16 00:00:00",165,-2
"2017-08-17 00:00:00",138,-16
"2017-08-18 00:00:00",132,-6
"2017-08-19 00:00:00",81,-12
"2017-08-20 00:00:00",205,-26
"2017-08-21 00:00:00",171,
"2017-08-22 00:00:00",153,-4
"2017-08-23 00:00:00",133,-9
"2017-08-24 00:00:00",113,-20
"2017-08-25 00:00:00",141,-19
"2017-08-26 00:00:00",152,-46
"2017-08-27 00:00:00",,
"2017-08-28 00:00:00",,
"2017-08-29 00:00:00",,
"2017-08-30 00:00:00",,
"2017-08-31 00:00:00",,
"2017-09-01 00:00:00",,
"2017-09-02 00:00:00",,
"2017-09-03 00:00:00",,
"2017-09-04 00:00:00",1246,-230
"2017-09-05 00:00:00",,
"2017-09-06 00:00:00",291,-33
"2017-09-07 00:00:00",,
"2017-09-08 00:00:00",178,-26
"2017-09-09 00:00:00",,
"2017-09-10 00:00:00",,
"2017-09-11 00:00:00",368,-45
"2017-09-12 00:00:00",,
"2017-09-13 00:00:00",,
"2017-09-14 00:00:00",308,-44
"2017-09-15 00:00:00",89,-21
"2017-09-16 00:00:00",120,-8
"2017-09-17 00:00:00",148,-28
"2017-09-18 00:00:00",170,-29
"2017-09-19 00:00:00",94,
"2017-09-20 00:00:00",100,-8
"2017-09-21 00:00:00",115,-2
"2017-09-22 00:00:00",109,-10
"2017-09-23 00:00:00",149,-20
"2017-09-24 00:00:00",165,-23
"2017-09-25 00:00:00",159,-9
"2017-09-26 00:00:00",122,-20
"2017-09-27 00:00:00",63,-11
"2017-09-28 00:00:00",108,-13
"2017-09-29 00:00:00",134,-14
"2017-09-30 00:00:00",116,
"2017-10-01 00:00:00",149,-18
"2017-10-02 00:00:00",154,
"2017-10-03 00:00:00",118,-15
"2017-10-04 00:00:00",157,-17
"2017-10-05 00:00:00",141,-5
"2017-10-06 00:00:00",147,-3
"2017-10-07 00:00:00",82,-11
"2017-10-08 00:00:00",154,-3
"2017-10-09 00:00:00",175,-21
"2017-10-10 00:00:00",127,-11
"2017-10-11 00:00:00",145,-8
"2017-10-12 00:00:00",111,-13
"2017-10-13 00:00:00",142,-12
"2017-10-14 00:00:00",119,-11
"2017-10-15 00:00:00",178,-15
"2017-10-16 00:00:00",83,-7
"2017-10-17 00:00:00",146,-15
"2017-10-18 00:00:00",180,-3
"2017-10-19 00:00:00",130,-7
"2017-10-20 00:00:00",102,
"2017-10-21 00:00:00",241,-10
"2017-10-22 00:00:00",462,-233
"2017-10-23 00:00:00",358,-112
"2017-10-24 00:00:00",200,-54
"2017-10-25 00:00:00",156,-36
"2017-10-26 00:00:00",224,-41
"2017-10-27 00:00:00",192,-32
"2017-10-28 00:00:00",187,-22
"2017-10-29 00:00:00",244,-44
"2017-10-30 00:00:00",266,-32
"2017-10-31 00:00:00",195,-6
"2017-11-01 00:00:00",185,-21
"2017-11-02 00:00:00",191,-17
"2017-11-03 00:00:00",170,-18
"2017-11-04 00:00:00",134,-15
"2017-11-05 00:00:00",164,-18
"2017-11-06 00:00:00",141,-8
"2017-11-07 00:00:00",171,-15
"2017-11-08 00:00:00",75,-7
"2017-11-09 00:00:00",121,-15
"2017-11-10 00:00:00",139,-13
"2017-11-11 00:00:00",118,-16
"2017-11-12 00:00:00",196,-24
"2017-11-13 00:00:00",119,-29
"2017-11-14 00:00:00",148,-10
"2017-11-15 00:00:00",55,-5
"2017-11-16 00:00:00",113,-18
"2017-11-17 00:00:00",100,-9
"2017-11-18 00:00:00",152,-18
"2017-11-19 00:00:00",128,-15
"2017-11-20 00:00:00",100,-10
"2017-11-21 00:00:00",166,-16
"2017-11-22 00:00:00",128,-13
"2017-11-23 00:00:00",1129,
"2017-11-24 00:00:00",3264,-33
"2017-11-25 00:00:00",2148,-60
"2017-11-26 00:00:00",1509,-40
"2017-11-27 00:00:00",1109,-10
"2017-11-28 00:00:00",1199,-91
"2017-11-29 00:00:00",63,
"2017-11-30 00:00:00",378,-19
"2017-12-01 00:00:00",,
"2017-12-02 00:00:00",104,-14
"2017-12-03 00:00:00",726,-59
"2017-12-04 00:00:00",,
"2017-12-05 00:00:00",103,-18
"2017-12-06 00:00:00",,-14
"2017-12-07 00:00:00",301,-21
"2017-12-08 00:00:00",,-3
"2017-12-09 00:00:00",655,-55
"2017-12-10 00:00:00",146,-23
"2017-12-11 00:00:00",154,-19
"2017-12-12 00:00:00",,
"2017-12-13 00:00:00",639,-44
"2017-12-14 00:00:00",,
"2017-12-15 00:00:00",262,-4
"2017-12-16 00:00:00",,-19
"2017-12-17 00:00:00",630,-41
"2017-12-18 00:00:00",139,-9
"2017-12-19 00:00:00",,
"2017-12-20 00:00:00",321,-11
"2017-12-21 00:00:00",433,-17
"2017-12-22 00:00:00",,
"2017-12-23 00:00:00",884,-43
"2017-12-24 00:00:00",,-10
"2017-12-25 00:00:00",509,-25
"2017-12-26 00:00:00",296,-12
"2017-12-27 00:00:00",828,-60
"2017-12-28 00:00:00",,
"2017-12-29 00:00:00",596,-47
"2017-12-30 00:00:00",251,-10
"2017-12-31 00:00:00",,-5
"2018-01-01 00:00:00",,
"2018-01-02 00:00:00",750,-42
"2018-01-03 00:00:00",213,-42
"2018-01-04 00:00:00",230,-47
"2018-01-05 00:00:00",196,-24
"2018-01-06 00:00:00",472,-56
"2018-01-07 00:00:00",134,-26
"2018-01-08 00:00:00",,-11
"2018-01-09 00:00:00",135,-15
"2018-01-10 00:00:00",439,-28
"2018-01-11 00:00:00",114,-15
"2018-01-12 00:00:00",111,-6
"2018-01-13 00:00:00",100,-24
"2018-01-14 00:00:00",,-19
"2018-01-15 00:00:00",429,-15
"2018-01-16 00:00:00",,-1
"2018-01-17 00:00:00",367,-21
"2018-01-18 00:00:00",109,-5
"2018-01-19 00:00:00",,-9
"2018-01-20 00:00:00",84,-20
"2018-01-21 00:00:00",578,-25
"2018-01-22 00:00:00",,-1
"2018-01-23 00:00:00",,-4
"2018-01-24 00:00:00",273,-3
"2018-01-25 00:00:00",97,-24
"2018-01-26 00:00:00",99,-15
"2018-01-27 00:00:00",127,-7
"2018-01-28 00:00:00",,-16
"2018-01-29 00:00:00",121,-8
"2018-01-30 00:00:00",554,-25
"2018-01-31 00:00:00",,
"2018-02-01 00:00:00",,-20
"2018-02-02 00:00:00",553,-20
"2018-02-03 00:00:00",,
"2018-02-04 00:00:00",,-13
"2018-02-05 00:00:00",122,-17
"2018-02-06 00:00:00",122,-27
"2018-02-07 00:00:00",268,-13
"2018-02-08 00:00:00",88,-6
"2018-02-09 00:00:00",97,-11
"2018-02-10 00:00:00",345,-21
"2018-02-11 00:00:00",,-13
"2018-02-12 00:00:00",295,-20
"2018-02-13 00:00:00",,-8
"2018-02-14 00:00:00",278,-19
"2018-02-15 00:00:00",,-12
"2018-02-16 00:00:00",166,-10
"2018-02-17 00:00:00",303,-19
"2018-02-18 00:00:00",213,-25
"2018-02-19 00:00:00",57,-23
"2018-02-20 00:00:00",650,-21
"2018-02-21 00:00:00",,-5
"2018-02-22 00:00:00",310,-11
"2018-02-23 00:00:00",124,-14
"2018-02-24 00:00:00",435,-18
"2018-02-25 00:00:00",,-11
"2018-02-26 00:00:00",154,-12
"2018-02-27 00:00:00",93,-11
"2018-02-28 00:00:00",564,-8
"2018-03-01 00:00:00",,
"2018-03-02 00:00:00",,-18
"2018-03-03 00:00:00",140,-11
"2018-03-04 00:00:00",177,-11
"2018-03-05 00:00:00",305,-9
"2018-03-06 00:00:00",90,-4
"2018-03-07 00:00:00",387,-10
"2018-03-08 00:00:00",,-5
"2018-03-09 00:00:00",284,-16
"2018-03-10 00:00:00",76,-8
"2018-03-11 00:00:00",146,-3
"2018-03-12 00:00:00",29,-14
"2018-03-13 00:00:00",230,-4
"2018-03-14 00:00:00",102,-15
"2018-03-15 00:00:00",96,-10
"2018-03-16 00:00:00",,-15
"2018-03-17 00:00:00",510,-16
"2018-03-18 00:00:00",,-16
"2018-03-19 00:00:00",449,-24
"2018-03-20 00:00:00",,-1
"2018-03-21 00:00:00",,
"2018-03-22 00:00:00",255,-14
"2018-03-23 00:00:00",419,-10
"2018-03-24 00:00:00",,-10
"2018-03-25 00:00:00",537,-15
"2018-03-26 00:00:00",,
"2018-03-27 00:00:00",90,-12
"2018-03-28 00:00:00",75,-3
"2018-03-29 00:00:00",141,-8
"2018-03-30 00:00:00",110,-16
"2018-03-31 00:00:00",397,-31
"2018-04-01 00:00:00",,-5
"2018-04-02 00:00:00",143,-8
"2018-04-03 00:00:00",529,-21
"2018-04-04 00:00:00",,-7
"2018-04-05 00:00:00",123,-3
"2018-04-06 00:00:00",123,-17
"2018-04-07 00:00:00",110,-11
"2018-04-08 00:00:00",374,-20
"2018-04-09 00:00:00",,
"2018-04-10 00:00:00",274,
"2018-04-11 00:00:00",,-11
"2018-04-12 00:00:00",95,-15
"2018-04-13 00:00:00",56,
"2018-04-14 00:00:00",499,-6
"2018-04-15 00:00:00",105,-10
"2018-04-16 00:00:00",,
"2018-04-17 00:00:00",349,-4
"2018-04-18 00:00:00",,
"2018-04-19 00:00:00",78,
"2018-04-20 00:00:00",99,-10
"2018-04-21 00:00:00",86,-7
"2018-04-22 00:00:00",358,-32
"2018-04-23 00:00:00",100,-5
"2018-04-24 00:00:00",,-2
"2018-04-25 00:00:00",324,-7
"2018-04-26 00:00:00",69,-3
"2018-04-27 00:00:00",,-2
"2018-04-28 00:00:00",67,
"2018-04-29 00:00:00",,-14
"2018-04-30 00:00:00",99,-7
"2018-05-01 00:00:00",252,-11
"2018-05-02 00:00:00",365,-16
"2018-05-03 00:00:00",,
"2018-05-04 00:00:00",,-5
"2018-05-05 00:00:00",237,-15
"2018-05-06 00:00:00",,-10
"2018-05-07 00:00:00",265,-15
"2018-05-08 00:00:00",316,-19
"2018-05-09 00:00:00",,
"2018-05-10 00:00:00",62,-4
"2018-05-11 00:00:00",71,-2
"2018-05-12 00:00:00",79,-19
"2018-05-13 00:00:00",139,-6
"2018-05-14 00:00:00",87,-4
"2018-05-15 00:00:00",75,
"2018-05-16 00:00:00",74,-13
"2018-05-17 00:00:00",331,-18
"2018-05-18 00:00:00",79,-5
"2018-05-19 00:00:00",,
"2018-05-20 00:00:00",357,-14
"2018-05-21 00:00:00",,
"2018-05-22 00:00:00",,-8
"2018-05-23 00:00:00",216,-6
"2018-05-24 00:00:00",315,-18
"2018-05-25 00:00:00",159,-4
"2018-05-26 00:00:00",,
"2018-05-27 00:00:00",408,
"2018-05-28 00:00:00",438,-24
"2018-05-29 00:00:00",115,-15
"2018-05-30 00:00:00",117,-12
"2018-05-31 00:00:00",116,-1
"2018-06-01 00:00:00",123,-13
"2018-06-02 00:00:00",,-11
"2018-06-03 00:00:00",,-12
"2018-06-04 00:00:00",109,-5
"2018-06-05 00:00:00",89,-7
"2018-06-06 00:00:00",498,-11
"2018-06-07 00:00:00",71,-8
"2018-06-08 00:00:00",68,-12
"2018-06-09 00:00:00",75,-8
"2018-06-10 00:00:00",,
"2018-06-11 00:00:00",139,-8
"2018-06-12 00:00:00",100,-17
"2018-06-13 00:00:00",344,-23
"2018-06-14 00:00:00",,
"2018-06-15 00:00:00",450,-16
"2018-06-16 00:00:00",92,-14
"2018-06-17 00:00:00",,-3
"2018-06-18 00:00:00",79,-8
"2018-06-19 00:00:00",374,-27
"2018-06-20 00:00:00",66,
"2018-06-21 00:00:00",,
"2018-06-22 00:00:00",323,-17
"2018-06-23 00:00:00",138,-7
"2018-06-24 00:00:00",125,
"2018-06-25 00:00:00",,-12
"2018-06-26 00:00:00",235,-10
"2018-06-27 00:00:00",247,-4
"2018-06-28 00:00:00",435,-13
"2018-06-29 00:00:00",,-4
"2018-06-30 00:00:00",,-7
"2018-07-01 00:00:00",498,-23
"2018-07-02 00:00:00",104,-15
"2018-07-03 00:00:00",131,-8
"2018-07-04 00:00:00",,-1
"2018-07-05 00:00:00",225,-11
"2018-07-06 00:00:00",120,-2
"2018-07-07 00:00:00",390,-20
"2018-07-08 00:00:00",,
"2018-07-09 00:00:00",76,-13
"2018-07-10 00:00:00",97,-23
"2018-07-11 00:00:00",100,-8
"2018-07-12 00:00:00",347,-21
"2018-07-13 00:00:00",87,-12
"2018-07-14 00:00:00",124,-2
"2018-07-15 00:00:00",,
"2018-07-16 00:00:00",458,-18
"2018-07-17 00:00:00",101,
"2018-07-18 00:00:00",,
"2018-07-19 00:00:00",,-6
"2018-07-20 00:00:00",215,-8
"2018-07-21 00:00:00",105,
"2018-07-22 00:00:00",287,-21
"2018-07-23 00:00:00",,
"2018-07-24 00:00:00",90,-4
"2018-07-25 00:00:00",,-12
"2018-07-26 00:00:00",458,-8
"2018-07-27 00:00:00",104,-7
"2018-07-28 00:00:00",78,-11
"2018-07-29 00:00:00",,
"2018-07-30 00:00:00",465,-17
"2018-07-31 00:00:00",,-7
"2018-08-01 00:00:00",338,-18
"2018-08-02 00:00:00",,-7
"2018-08-03 00:00:00",473,-6
"2018-08-04 00:00:00",,
"2018-08-05 00:00:00",89,-10
"2018-08-06 00:00:00",449,-8
"2018-08-07 00:00:00",110,-12
"2018-08-08 00:00:00",,-13
"2018-08-09 00:00:00",72,-8
"2018-08-10 00:00:00",332,-18
"2018-08-11 00:00:00",75,-5
"2018-08-12 00:00:00",,-2
"2018-08-13 00:00:00",335,-23
"2018-08-14 00:00:00",,
"2018-08-15 00:00:00",,
"2018-08-16 00:00:00",206,-7
"2018-08-17 00:00:00",106,-14
"2018-08-18 00:00:00",87,-6
"2018-08-19 00:00:00",101,-7
"2018-08-20 00:00:00",,-14
"2018-08-21 00:00:00",477,-15
"2018-08-22 00:00:00",88,-11
"2018-08-23 00:00:00",,-3
"2018-08-24 00:00:00",239,-12
"2018-08-25 00:00:00",,
"2018-08-26 00:00:00",219,-26
"2018-08-27 00:00:00",,-15
"2018-08-28 00:00:00",455,-10
"2018-08-29 00:00:00",,-16
"2018-08-30 00:00:00",225,-11
"2018-08-31 00:00:00",77,
"2018-09-01 00:00:00",321,-2
"2018-09-02 00:00:00",,-5
"2018-09-03 00:00:00",234,-17
"2018-09-04 00:00:00",315,-19
"2018-09-05 00:00:00",,-4
"2018-09-06 00:00:00",78,
"2018-09-07 00:00:00",349,-23
"2018-09-08 00:00:00",76,-8
"2018-09-09 00:00:00",90,-16
"2018-09-10 00:00:00",74,-6
"2018-09-11 00:00:00",66,
"2018-09-12 00:00:00",73,-5
"2018-09-13 00:00:00",92,-9
"2018-09-14 00:00:00",,-1
"2018-09-15 00:00:00",71,-5
"2018-09-16 00:00:00",237,-5
"2018-09-17 00:00:00",106,-7
"2018-09-18 00:00:00",,-1
"2018-09-19 00:00:00",418,-12
"2018-09-20 00:00:00",,
"2018-09-21 00:00:00",67,-5
"2018-09-22 00:00:00",460,-16
"2018-09-23 00:00:00",,-9
"2018-09-24 00:00:00",457,-18
"2018-09-25 00:00:00",70,
"2018-09-26 00:00:00",,-3
"2018-09-27 00:00:00",307,-13
"2018-09-28 00:00:00",56,-9
"2018-09-29 00:00:00",,
"2018-09-30 00:00:00",276,
"2018-10-01 00:00:00",69,-19
"2018-10-02 00:00:00",65,-6
"2018-10-03 00:00:00",55,-10
"2018-10-04 00:00:00",87,
"2018-10-05 00:00:00",104,-10
"2018-10-06 00:00:00",70,-8
"2018-10-07 00:00:00",110,
"2018-10-08 00:00:00",87,-4
"2018-10-09 00:00:00",77,-10
"2018-10-10 00:00:00",77,
"2018-10-11 00:00:00",61,-7
"2018-10-12 00:00:00",62,-3
"2018-10-13 00:00:00",56,-2
"2018-10-14 00:00:00",74,-15
"2018-10-15 00:00:00",106,-4
"2018-10-16 00:00:00",90,-5
"2018-10-17 00:00:00",61,-8
"2018-10-18 00:00:00",70,-15
"2018-10-19 00:00:00",91,-7
"2018-10-20 00:00:00",75,
"2018-10-21 00:00:00",155,
"2018-10-22 00:00:00",86,-12
"2018-10-23 00:00:00",97,
"2018-10-24 00:00:00",83,-5
"2018-10-25 00:00:00",60,-9
"2018-10-26 00:00:00",52,-6
"2018-10-27 00:00:00",70,-2
"2018-10-28 00:00:00",145,-5
"2018-10-29 00:00:00",79,-9
"2018-10-30 00:00:00",93,
"2018-10-31 00:00:00",99,-1
"2018-11-01 00:00:00",73,-4
"2018-11-02 00:00:00",83,
"2018-11-03 00:00:00",58,-5
"2018-11-04 00:00:00",86,-9
"2018-11-05 00:00:00",88,-9
"2018-11-06 00:00:00",73,-10
"2018-11-07 00:00:00",92,
"2018-11-08 00:00:00",69,-1
"2018-11-09 00:00:00",53,-16
"2018-11-10 00:00:00",60,-21
"2018-11-11 00:00:00",91,-14
"2018-11-12 00:00:00",73,-14
"2018-11-13 00:00:00",72,-9
"2018-11-14 00:00:00",58,-7
"2018-11-15 00:00:00",44,-14
"2018-11-16 00:00:00",61,-5
"2018-11-17 00:00:00",103,-3
"2018-11-18 00:00:00",104,-8
"2018-11-19 00:00:00",120,-19
"2018-11-20 00:00:00",52,-5
"2018-11-21 00:00:00",68,-1
"2018-11-22 00:00:00",1261,-18
"2018-11-23 00:00:00",2874,
"2018-11-24 00:00:00",1743,-1
"2018-11-25 00:00:00",1132,-15
"2018-11-26 00:00:00",961,-30
"2018-11-27 00:00:00",612,-16
"2018-11-28 00:00:00",460,-14
"2018-11-29 00:00:00",85,-10
"2018-11-30 00:00:00",59,
"2018-12-01 00:00:00",68,-15
"2018-12-02 00:00:00",107,-1
"2018-12-03 00:00:00",91,
"2018-12-04 00:00:00",39,-6
"2018-12-05 00:00:00",80,
"2018-12-06 00:00:00",60,-12
"2018-12-07 00:00:00",41,-3
"2018-12-08 00:00:00",63,-10
"2018-12-09 00:00:00",66,-9
"2018-12-10 00:00:00",60,-14
"2018-12-11 00:00:00",58,
"2018-12-12 00:00:00",60,-10
"2018-12-13 00:00:00",40,
"2018-12-14 00:00:00",62,
"2018-12-15 00:00:00",57,-5
"2018-12-16 00:00:00",87,
"2018-12-17 00:00:00",93,-6
"2018-12-18 00:00:00",67,-3
"2018-12-19 00:00:00",62,
"2018-12-20 00:00:00",60,-37
"2018-12-21 00:00:00",96,-8
"2018-12-22 00:00:00",386,-5
"2018-12-23 00:00:00",143,-22
"2018-12-24 00:00:00",126,-15
"2018-12-25 00:00:00",123,-5
"2018-12-26 00:00:00",110,-10
"2018-12-27 00:00:00",161,-9
"2018-12-28 00:00:00",137,-18
"2018-12-29 00:00:00",139,-7
"2018-12-30 00:00:00",124,-14
"2018-12-31 00:00:00",127,-16
"2019-01-01 00:00:00",,
"2019-01-02 00:00:00",261,-11
"2019-01-03 00:00:00",122,-13
"2019-01-04 00:00:00",114,-4
"2019-01-05 00:00:00",102,-13
"2019-01-06 00:00:00",86,-10
"2019-01-07 00:00:00",111,-9
"2019-01-08 00:00:00",95,-12
"2019-01-09 00:00:00",96,-13
"2019-01-10 00:00:00",45,
"2019-01-11 00:00:00",70,-14
"2019-01-12 00:00:00",96,-4
"2019-01-13 00:00:00",92,-7
"2019-01-14 00:00:00",60,-12
"2019-01-15 00:00:00",55,-12
"2019-01-16 00:00:00",60,-4
"2019-01-17 00:00:00",80,-4
"2019-01-18 00:00:00",62,-8
"2019-01-19 00:00:00",54,-8
"2019-01-20 00:00:00",103,-4
"2019-01-21 00:00:00",104,-21
"2019-01-22 00:00:00",73,-2
"2019-01-23 00:00:00",86,-10
"2019-01-24 00:00:00",86,-5
"2019-01-25 00:00:00",70,-13
"2019-01-26 00:00:00",83,-5
"2019-01-27 00:00:00",122,-9
"2019-01-28 00:00:00",75,-5
"2019-01-29 00:00:00",57,-10
"2019-01-30 00:00:00",76,-3
"2019-01-31 00:00:00",80,-15
"2019-02-01 00:00:00",77,-9
"2019-02-02 00:00:00",93,-1
"2019-02-03 00:00:00",75,-14
"2019-02-04 00:00:00",88,-10
"2019-02-05 00:00:00",59,-4
"2019-02-06 00:00:00",76,-24
"2019-02-07 00:00:00",76,-13
"2019-02-08 00:00:00",84,
"2019-02-09 00:00:00",93,-14
"2019-02-10 00:00:00",102,-19
"2019-02-11 00:00:00",108,-19
"2019-02-12 00:00:00",105,-21
"2019-02-13 00:00:00",76,-11
"2019-02-14 00:00:00",63,-6
"2019-02-15 00:00:00",71,-6
"2019-02-16 00:00:00",42,-6
"2019-02-17 00:00:00",104,-17
"2019-02-18 00:00:00",53,-7
"2019-02-19 00:00:00",80,-16
"2019-02-20 00:00:00",79,-2
"2019-02-21 00:00:00",,
"2019-02-22 00:00:00",,
"2019-02-23 00:00:00",,
"2019-02-24 00:00:00",,
"2019-02-25 00:00:00",,
"2019-02-26 00:00:00",,
"2019-02-27 00:00:00",,
"2019-02-28 00:00:00",532,-65
"2019-03-01 00:00:00",59,-11
"2019-03-02 00:00:00",47,-8
"2019-03-03 00:00:00",51,-14
"2019-03-04 00:00:00",48,-6
"2019-03-05 00:00:00",49,-6
"2019-03-06 00:00:00",58,-3
"2019-03-07 00:00:00",63,-1
"2019-03-08 00:00:00",76,-14
"2019-03-09 00:00:00",66,-9
"2019-03-10 00:00:00",58,-5
"2019-03-11 00:00:00",96,-8
"2019-03-12 00:00:00",66,
"2019-03-13 00:00:00",47,-5
"2019-03-14 00:00:00",51,
"2019-03-15 00:00:00",77,-4
"2019-03-16 00:00:00",37,-6
"2019-03-17 00:00:00",82,-4
"2019-03-18 00:00:00",73,-14
"2019-03-19 00:00:00",67,-6
"2019-03-20 00:00:00",52,-5
"2019-03-21 00:00:00",92,-14
"2019-03-22 00:00:00",54,-8
"2019-03-23 00:00:00",34,-9
"2019-03-24 00:00:00",71,
"2019-03-25 00:00:00",72,-5
"2019-03-26 00:00:00",51,-7
"2019-03-27 00:00:00",62,
"2019-03-28 00:00:00",81,-2
"2019-03-29 00:00:00",33,
"2019-03-30 00:00:00",101,
"2019-03-31 00:00:00",66,
"2019-04-01 00:00:00",78,-3
"2019-04-02 00:00:00",69,-6
"2019-04-03 00:00:00",55,-3
"2019-04-04 00:00:00",66,-5
"2019-04-05 00:00:00",48,-3
"2019-04-06 00:00:00",71,-6
"2019-04-07 00:00:00",80,-8
"2019-04-08 00:00:00",55,-3
"2019-04-09 00:00:00",57,
"2019-04-10 00:00:00",66,-2
"2019-04-11 00:00:00",53,-2
"2019-04-12 00:00:00",85,-1
"2019-04-13 00:00:00",63,-11
"2019-04-14 00:00:00",71,
"2019-04-15 00:00:00",98,-10
"2019-04-16 00:00:00",60,-10
"2019-04-17 00:00:00",41,-5
"2019-04-18 00:00:00",61,
"2019-04-19 00:00:00",82,-12
"2019-04-20 00:00:00",84,-6
"2019-04-21 00:00:00",69,-3
"2019-04-22 00:00:00",74,-5
"2019-04-23 00:00:00",77,
"2019-04-24 00:00:00",66,-1
"2019-04-25 00:00:00",45,-8
"2019-04-26 00:00:00",102,-7
"2019-04-27 00:00:00",59,-15
"2019-04-28 00:00:00",89,
"2019-04-29 00:00:00",76,
"2019-04-30 00:00:00",66,-4
"2019-05-01 00:00:00",48,
"2019-05-02 00:00:00",6,
"2019-05-03 00:00:00",65,-7
"2019-05-04 00:00:00",56,-1
"2019-05-05 00:00:00",108,-3
"2019-05-06 00:00:00",47,-9
"2019-05-07 00:00:00",41,-3
"2019-05-08 00:00:00",44,-9
"2019-05-09 00:00:00",76,-6
"2019-05-10 00:00:00",36,-5
"2019-05-11 00:00:00",55,-6
"2019-05-12 00:00:00",96,-18
"2019-05-13 00:00:00",60,-9
"2019-05-14 00:00:00",37,-4
"2019-05-15 00:00:00",,
"2019-05-16 00:00:00",,
"2019-05-17 00:00:00",,
"2019-05-18 00:00:00",,
"2019-05-19 00:00:00",,
"2019-05-20 00:00:00",,
"2019-05-21 00:00:00",,
"2019-05-22 00:00:00",,
"2019-05-23 00:00:00",,
"2019-05-24 00:00:00",,
"2019-05-25 00:00:00",,
"2019-05-26 00:00:00",,
"2019-05-27 00:00:00",,
"2019-05-28 00:00:00",,
"2019-05-29 00:00:00",1156,-55
"2019-05-30 00:00:00",46,-8
"2019-05-31 00:00:00",58,-7
"2019-06-01 00:00:00",50,-1
"2019-06-02 00:00:00",67,-1
"2019-06-03 00:00:00",64,-13
"2019-06-04 00:00:00",55,-7
"2019-06-05 00:00:00",33,
"2019-06-06 00:00:00",73,-14
"2019-06-07 00:00:00",48,
"2019-06-08 00:00:00",58,-7
"2019-06-09 00:00:00",51,-10
"2019-06-10 00:00:00",72,-5
"2019-06-11 00:00:00",66,
"2019-06-12 00:00:00",84,-3
"2019-06-13 00:00:00",55,
"2019-06-14 00:00:00",46,-8
"2019-06-15 00:00:00",77,-3
"2019-06-16 00:00:00",51,-11
"2019-06-17 00:00:00",61,-10
"2019-06-18 00:00:00",75,-8
"2019-06-19 00:00:00",56,-11
"2019-06-20 00:00:00",38,-1
"2019-06-21 00:00:00",53,
"2019-06-22 00:00:00",56,-8
"2019-06-23 00:00:00",61,-6
"2019-06-24 00:00:00",47,-5
"2019-06-25 00:00:00",64,
"2019-06-26 00:00:00",70,-7
"2019-06-27 00:00:00",161,-12
"2019-06-28 00:00:00",113,-3
"2019-06-29 00:00:00",143,-18
"2019-06-30 00:00:00",8536,-585
"2019-07-01 00:00:00",4415,-187
"2019-07-02 00:00:00",4533,-175
"2019-07-03 00:00:00",2292,-88
"2019-07-04 00:00:00",1852,-79
"2019-07-05 00:00:00",1320,-70
"2019-07-06 00:00:00",1161,-97
"2019-07-07 00:00:00",1151,-52
"2019-07-08 00:00:00",630,-32
"2019-07-09 00:00:00",38,-5
"2019-07-10 00:00:00",79,
"2019-07-11 00:00:00",58,-4
"2019-07-12 00:00:00",64,-9
"2019-07-13 00:00:00",36,-16
"2019-07-14 00:00:00",48,-17
"2019-07-15 00:00:00",71,-5
"2019-07-16 00:00:00",53,-7
"2019-07-17 00:00:00",70,-3
"2019-07-18 00:00:00",57,-1
"2019-07-19 00:00:00",71,-5
"2019-07-20 00:00:00",27,-11
"2019-07-21 00:00:00",55,-8
"2019-07-22 00:00:00",54,-10
"2019-07-23 00:00:00",50,-16
"2019-07-24 00:00:00",42,-8
"2019-07-25 00:00:00",37,
"2019-07-26 00:00:00",68,-12
"2019-07-27 00:00:00",112,-22
"2019-07-28 00:00:00",112,-13
"2019-07-29 00:00:00",52,-5
"2019-07-30 00:00:00",69,-6
"2019-07-31 00:00:00",61,-5
"2019-08-01 00:00:00",53,
"2019-08-02 00:00:00",49,-2
"2019-08-03 00:00:00",61,-15
"2019-08-04 00:00:00",86,-13
"2019-08-05 00:00:00",49,-8
"2019-08-06 00:00:00",47,-16
"2019-08-07 00:00:00",86,-18
"2019-08-08 00:00:00",44,-1
"2019-08-09 00:00:00",32,-12
"2019-08-10 00:00:00",41,
"2019-08-11 00:00:00",44,-4
"2019-08-12 00:00:00",67,-15
"2019-08-13 00:00:00",47,-16
"2019-08-14 00:00:00",16,-10
"2019-08-15 00:00:00",66,-1
"2019-08-16 00:00:00",30,-12
"2019-08-17 00:00:00",30,-3
"2019-08-18 00:00:00",49,-3
"2019-08-19 00:00:00",53,-3
"2019-08-20 00:00:00",45,-10
"2019-08-21 00:00:00",47,-11
"2019-08-22 00:00:00",41,
"2019-08-23 00:00:00",56,-4
"2019-08-24 00:00:00",87,
"2019-08-25 00:00:00",45,-3
"2019-08-26 00:00:00",70,-2
"2019-08-27 00:00:00",15,
"2019-08-28 00:00:00",54,
"2019-08-29 00:00:00",50,
"2019-08-30 00:00:00",52,-2
"2019-08-31 00:00:00",47,
"2019-09-01 00:00:00",57,-7
"2019-09-02 00:00:00",40,-1
"2019-09-03 00:00:00",54,-8
"2019-09-04 00:00:00",19,-4
"2019-09-05 00:00:00",39,-11
"2019-09-06 00:00:00",26,-4
"2019-09-07 00:00:00",8,-5
"2019-09-08 00:00:00",63,-4
"2019-09-09 00:00:00",84,
"2019-09-10 00:00:00",41,-7
"2019-09-11 00:00:00",28,-7
"2019-09-12 00:00:00",41,-4
"2019-09-13 00:00:00",65,-4
"2019-09-14 00:00:00",32,-6
"2019-09-15 00:00:00",41,-1
"2019-09-16 00:00:00",97,-7
"2019-09-17 00:00:00",37,-3
"2019-09-18 00:00:00",35,
"2019-09-19 00:00:00",30,-10
"2019-09-20 00:00:00",34,-2
"2019-09-21 00:00:00",54,-7
"2019-09-22 00:00:00",,
"2019-09-23 00:00:00",69,-1
"2019-09-24 00:00:00",85,-2
"2019-09-25 00:00:00",40,
"2019-09-26 00:00:00",13,
"2019-09-27 00:00:00",,
"2019-09-28 00:00:00",79,-13
"2019-09-29 00:00:00",40,-10
"2019-09-30 00:00:00",,
"2019-10-01 00:00:00",105,
"2019-10-02 00:00:00",27,-18
"2019-10-03 00:00:00",18,-5
"2019-10-04 00:00:00",35,-3
"2019-10-05 00:00:00",25,-7
"2019-10-06 00:00:00",111,-7
"2019-10-07 00:00:00",50,-2
"2019-10-08 00:00:00",3,
"2019-10-09 00:00:00",32,-3
"2019-10-10 00:00:00",46,-3
"2019-10-11 00:00:00",,
"2019-10-12 00:00:00",149,-8
"2019-10-13 00:00:00",65,
"2019-10-14 00:00:00",41,
"2019-10-15 00:00:00",81,-8
"2019-10-16 00:00:00",23,-5
"2019-10-17 00:00:00",45,
"2019-10-18 00:00:00",31,-1
"2019-10-19 00:00:00",103,-9
"2019-10-20 00:00:00",48,-4
"2019-10-21 00:00:00",48,-4
"2019-10-22 00:00:00",53,-10
"2019-10-23 00:00:00",79,-10
"2019-10-24 00:00:00",64,-9
"2019-10-25 00:00:00",225,-3
"2019-10-26 00:00:00",351,-3
"2019-10-27 00:00:00",280,-15
"2019-10-28 00:00:00",172,-11
"2019-10-29 00:00:00",,
"2019-10-30 00:00:00",127,-7
"2019-10-31 00:00:00",237,-5
"2019-11-01 00:00:00",,
"2019-11-02 00:00:00",3515,-4
"2019-11-03 00:00:00",2637,-14
"2019-11-04 00:00:00",702,-4
"2019-11-05 00:00:00",,
"2019-11-06 00:00:00",716,-11
"2019-11-07 00:00:00",550,-5
"2019-11-08 00:00:00",619,-3
"2019-11-09 00:00:00",634,
"2019-11-10 00:00:00",735,
"2019-11-11 00:00:00",691,-19
"2019-11-12 00:00:00",482,-10
"2019-11-13 00:00:00",428,-17
"2019-11-14 00:00:00",357,-5
"2019-11-15 00:00:00",408,-6
"2019-11-16 00:00:00",463,-16
"2019-11-17 00:00:00",632,-13
"2019-11-18 00:00:00",545,-7
"2019-11-19 00:00:00",320,-2
"2019-11-20 00:00:00",304,-5
"2019-11-21 00:00:00",311,-9
"2019-11-22 00:00:00",395,-7
"2019-11-23 00:00:00",432,-5
"2019-11-24 00:00:00",486,-8
"2019-11-25 00:00:00",347,-14
"2019-11-26 00:00:00",314,-3
"2019-11-27 00:00:00",1420,-14
"2019-11-28 00:00:00",1230,-15
"2019-11-29 00:00:00",1068,-8
"2019-11-30 00:00:00",795,-6
"2019-12-01 00:00:00",754,-9
"2019-12-02 00:00:00",1102,-22
"2019-12-03 00:00:00",459,-3
"2019-12-04 00:00:00",365,-10
"2019-12-05 00:00:00",215,-8
"2019-12-06 00:00:00",264,-7
"2019-12-07 00:00:00",359,-3
"2019-12-08 00:00:00",384,-9
"2019-12-09 00:00:00",341,-18
"2019-12-10 00:00:00",217,-14
"2019-12-11 00:00:00",232,-3
"2019-12-12 00:00:00",212,-22
"2019-12-13 00:00:00",231,-14
"2019-12-14 00:00:00",253,-8
"2019-12-15 00:00:00",342,-7
"2019-12-16 00:00:00",288,-20
"2019-12-17 00:00:00",634,-37
"2019-12-18 00:00:00",285,-14
"2019-12-19 00:00:00",256,-25
"2019-12-20 00:00:00",361,-33
"2019-12-21 00:00:00",404,-15
"2019-12-22 00:00:00",364,-13
"2019-12-23 00:00:00",379,-15
"2019-12-24 00:00:00",357,-12
"2019-12-25 00:00:00",296,-9
"2019-12-26 00:00:00",531,-15
"2019-12-27 00:00:00",799,-42
"2019-12-28 00:00:00",392,-9
"2019-12-29 00:00:00",374,-14
"2019-12-30 00:00:00",397,-17
"2019-12-31 00:00:00",325,-22
"2020-01-01 00:00:00",,
"2020-01-02 00:00:00",672,-31
"2020-01-03 00:00:00",358,-5
"2020-01-04 00:00:00",372,-39
"2020-01-05 00:00:00",362,-7
"2020-01-06 00:00:00",,
"2020-01-07 00:00:00",581,-35
"2020-01-08 00:00:00",229,-24
"2020-01-09 00:00:00",246,
"2020-01-10 00:00:00",237,-3
"2020-01-11 00:00:00",260,-14
"2020-01-12 00:00:00",326,-27
"2020-01-13 00:00:00",241,-18
"2020-01-14 00:00:00",215,-13
"2020-01-15 00:00:00",228,-21
"2020-01-16 00:00:00",256,-20
"2020-01-17 00:00:00",254,-17
"2020-01-18 00:00:00",259,-19
"2020-01-19 00:00:00",436,-23
"2020-01-20 00:00:00",294,-18
"2020-01-21 00:00:00",306,-13
"2020-01-22 00:00:00",224,-4
"2020-01-23 00:00:00",219,-4
"2020-01-24 00:00:00",260,-15
"2020-01-25 00:00:00",,
"2020-01-26 00:00:00",403,-13
"2020-01-27 00:00:00",353,-15
"2020-01-28 00:00:00",223,-9
"2020-01-29 00:00:00",226,-10
"2020-01-30 00:00:00",228,-3
"2020-01-31 00:00:00",339,-19
"2020-02-01 00:00:00",329,-16
"2020-02-02 00:00:00",305,-16
"2020-02-03 00:00:00",,
"2020-02-04 00:00:00",389,-34
"2020-02-05 00:00:00",127,-19
"2020-02-06 00:00:00",164,-11
"2020-02-07 00:00:00",199,-10
"2020-02-08 00:00:00",210,-4
"2020-02-09 00:00:00",542,-12
"2020-02-10 00:00:00",187,-6
"2020-02-11 00:00:00",172,
"2020-02-12 00:00:00",178,-5
"2020-02-13 00:00:00",,
"2020-02-14 00:00:00",284,-29
"2020-02-15 00:00:00",339,-19
"2020-02-16 00:00:00",271,-6
"2020-02-17 00:00:00",247,-7
"2020-02-18 00:00:00",210,-13
"2020-02-19 00:00:00",243,-9
"2020-02-20 00:00:00",288,-25
"2020-02-21 00:00:00",,
"2020-02-22 00:00:00",407,-14
"2020-02-23 00:00:00",258,-13
"2020-02-24 00:00:00",234,-7
"2020-02-25 00:00:00",186,-22
"2020-02-26 00:00:00",145,-10
"2020-02-27 00:00:00",352,-32
"2020-02-28 00:00:00",145,-25
"2020-02-29 00:00:00",299,-26
"2020-03-01 00:00:00",250,-27
"2020-03-02 00:00:00",186,-17
"2020-03-03 00:00:00",138,-7
"2020-03-04 00:00:00",160,-19
"2020-03-05 00:00:00",148,-10
"2020-03-06 00:00:00",130,-4
"2020-03-07 00:00:00",426,-31
"2020-03-08 00:00:00",229,-9
"2020-03-09 00:00:00",204,-17
"2020-03-10 00:00:00",159,-2
"2020-03-11 00:00:00",219,-18
"2020-03-12 00:00:00",180,-21
"2020-03-13 00:00:00",241,-13
"2020-03-14 00:00:00",240,
"2020-03-15 00:00:00",282,-11
"2020-03-16 00:00:00",574,-31
"2020-03-17 00:00:00",306,-10
"2020-03-18 00:00:00",269,-2
"2020-03-19 00:00:00",252,-26
"2020-03-20 00:00:00",320,-12
"2020-03-21 00:00:00",308,-27
"2020-03-22 00:00:00",331,-10
"2020-03-23 00:00:00",311,-10
"2020-03-24 00:00:00",308,-25
"2020-03-25 00:00:00",300,-1
"2020-03-26 00:00:00",279,-10
"2020-03-27 00:00:00",366,-29
"2020-03-28 00:00:00",331,-12
"2020-03-29 00:00:00",307,-9
"2020-03-30 00:00:00",329,-19
"2020-03-31 00:00:00",322,-6
"2020-04-01 00:00:00",282,-19
"2020-04-02 00:00:00",42,
"2020-04-03 00:00:00",504,-34
"2020-04-04 00:00:00",297,-53
"2020-04-05 00:00:00",247,-51
"2020-04-06 00:00:00",268,-68
"2020-04-07 00:00:00",226,-78
"2020-04-08 00:00:00",342,-34
"2020-04-09 00:00:00",377,
"2020-04-10 00:00:00",286,-7
"2020-04-11 00:00:00",335,
"2020-04-12 00:00:00",307,
"2020-04-13 00:00:00",320,-14
"2020-04-14 00:00:00",404,
"2020-04-15 00:00:00",534,-2
"2020-04-16 00:00:00",411,-1
"2020-04-17 00:00:00",389,
"2020-04-18 00:00:00",347,-2
"2020-04-19 00:00:00",422,-6
"2020-04-20 00:00:00",,
"2020-04-21 00:00:00",756,-38
"2020-04-22 00:00:00",364,-10
"2020-04-23 00:00:00",410,-90
"2020-04-24 00:00:00",378,-1
"2020-04-25 00:00:00",357,-18
"2020-04-26 00:00:00",326,
"2020-04-27 00:00:00",278,-6
"2020-04-28 00:00:00",,
"2020-04-29 00:00:00",1089,-46
"2020-04-30 00:00:00",291,-10
"2020-05-01 00:00:00",235,-14
"2020-05-02 00:00:00",472,-2
"2020-05-03 00:00:00",341,-15
"2020-05-04 00:00:00",380,-9
"2020-05-05 00:00:00",328,-24
"2020-05-06 00:00:00",364,
"2020-05-07 00:00:00",373,-12
"2020-05-08 00:00:00",314,-13
"2020-05-09 00:00:00",367,-7
"2020-05-10 00:00:00",280,-9
"2020-05-11 00:00:00",,
"2020-05-12 00:00:00",611,-50
"2020-05-13 00:00:00",287,-36
"2020-05-14 00:00:00",586,-40
"2020-05-15 00:00:00",327,-21
"2020-05-16 00:00:00",297,-16
"2020-05-17 00:00:00",193,-6
"2020-05-18 00:00:00",309,-35
"2020-05-19 00:00:00",209,-15
"2020-05-20 00:00:00",298,-22
"2020-05-21 00:00:00",253,-24
"2020-05-22 00:00:00",328,-32
"2020-05-23 00:00:00",312,-31
"2020-05-24 00:00:00",382,-27
"2020-05-25 00:00:00",,
"2020-05-26 00:00:00",453,-56
"2020-05-27 00:00:00",423,-22
"2020-05-28 00:00:00",229,-32
"2020-05-29 00:00:00",277,-18
"2020-05-30 00:00:00",263,-29
"2020-05-31 00:00:00",245,-18
"2020-06-01 00:00:00",293,-21
"2020-06-02 00:00:00",245,-33
"2020-06-03 00:00:00",251,-24
"2020-06-04 00:00:00",278,-29
"2020-06-05 00:00:00",266,-20
"2020-06-06 00:00:00",249,-23
"2020-06-07 00:00:00",253,-35
"2020-06-08 00:00:00",296,-28
"2020-06-09 00:00:00",242,-37
"2020-06-10 00:00:00",283,-29
"2020-06-11 00:00:00",251,-29
"2020-06-12 00:00:00",229,-25
"2020-06-13 00:00:00",249,-66
"2020-06-14 00:00:00",239,-31
"2020-06-15 00:00:00",310,-41
"2020-06-16 00:00:00",,
"2020-06-17 00:00:00",240,-29
"2020-06-18 00:00:00",430,-30
"2020-06-19 00:00:00",272,-34
"2020-06-20 00:00:00",236,-20
"2020-06-21 00:00:00",263,-17
"2020-06-22 00:00:00",296,-23
"2020-06-23 00:00:00",274,-19
"2020-06-24 00:00:00",255,-22
"2020-06-25 00:00:00",274,-28
"2020-06-26 00:00:00",384,-40
"2020-06-27 00:00:00",410,-31
"2020-06-28 00:00:00",555,-48
"2020-06-29 00:00:00",,
"2020-06-30 00:00:00",368,-42
"2020-07-01 00:00:00",286,-10
"2020-07-02 00:00:00",447,-41
"2020-07-03 00:00:00",252,-20
"2020-07-04 00:00:00",317,-32
"2020-07-05 00:00:00",275,-21
"2020-07-06 00:00:00",297,-23
"2020-07-07 00:00:00",302,-16
"2020-07-08 00:00:00",274,-23
"2020-07-09 00:00:00",252,-17
"2020-07-10 00:00:00",289,-20
"2020-07-11 00:00:00",220,-17
"2020-07-12 00:00:00",227,-34
"2020-07-13 00:00:00",305,-17
"2020-07-14 00:00:00",240,-27
"2020-07-15 00:00:00",279,-12
"2020-07-16 00:00:00",257,-7
"2020-07-17 00:00:00",283,-12
"2020-07-18 00:00:00",263,-26
"2020-07-19 00:00:00",215,-17
"2020-07-20 00:00:00",295,-17
"2020-07-21 00:00:00",265,-15
"2020-07-22 00:00:00",280,-36
"2020-07-23 00:00:00",252,-22
"2020-07-24 00:00:00",234,-24
"2020-07-25 00:00:00",,
"2020-07-26 00:00:00",507,-16
"2020-07-27 00:00:00",329,-38
"2020-07-28 00:00:00",286,-20
"2020-07-29 00:00:00",275,-8
"2020-07-30 00:00:00",280,-22
"2020-07-31 00:00:00",265,-7
"2020-08-01 00:00:00",230,-20
"2020-08-02 00:00:00",249,-23
"2020-08-03 00:00:00",286,-21
"2020-08-04 00:00:00",261,-10
"2020-08-05 00:00:00",268,-16
"2020-08-06 00:00:00",210,-30
"2020-08-07 00:00:00",261,-30
"2020-08-08 00:00:00",227,-27
"2020-08-09 00:00:00",254,-29
"2020-08-10 00:00:00",303,-16
"2020-08-11 00:00:00",292,-16
"2020-08-12 00:00:00",278,-14
"2020-08-13 00:00:00",263,-25
"2020-08-14 00:00:00",,
"2020-08-15 00:00:00",541,-28
"2020-08-16 00:00:00",,
"2020-08-17 00:00:00",912,-45
"2020-08-18 00:00:00",261,-27
"2020-08-19 00:00:00",300,-33
"2020-08-20 00:00:00",289,-33
"2020-08-21 00:00:00",335,-15
"2020-08-22 00:00:00",519,-29
"2020-08-23 00:00:00",345,-25
"2020-08-24 00:00:00",438,-30
"2020-08-25 00:00:00",282,-25
"2020-08-26 00:00:00",301,-17
"2020-08-27 00:00:00",258,-19
"2020-08-28 00:00:00",401,-29
"2020-08-29 00:00:00",332,-8
"2020-08-30 00:00:00",350,-20
"2020-08-31 00:00:00",331,-8
"2020-09-01 00:00:00",290,-22
"2020-09-02 00:00:00",331,-33
"2020-09-03 00:00:00",253,
"2020-09-04 00:00:00",247,-27
"2020-09-05 00:00:00",306,-9
"2020-09-06 00:00:00",277,-38
"2020-09-07 00:00:00",358,-23
"2020-09-08 00:00:00",305,-17
"2020-09-09 00:00:00",284,-21
"2020-09-10 00:00:00",316,-22
"2020-09-11 00:00:00",239,-20
"2020-09-12 00:00:00",307,-21
"2020-09-13 00:00:00",326,-3
"2020-09-14 00:00:00",374,-21
"2020-09-15 00:00:00",280,-33
"2020-09-16 00:00:00",475,-31
"2020-09-17 00:00:00",290,-17
"2020-09-18 00:00:00",282,-10
"2020-09-19 00:00:00",271,-17
"2020-09-20 00:00:00",307,-18
"2020-09-21 00:00:00",267,-11
"2020-09-22 00:00:00",258,-21
"2020-09-23 00:00:00",300,-5
"2020-09-24 00:00:00",237,-13
"2020-09-25 00:00:00",238,-10
"2020-09-26 00:00:00",252,-23
"2020-09-27 00:00:00",287,-29
"2020-09-28 00:00:00",283,-18
"2020-09-29 00:00:00",266,-15
"2020-09-30 00:00:00",255,-21
"2020-10-01 00:00:00",237,-7
"2020-10-02 00:00:00",446,-12
"2020-10-03 00:00:00",439,-8
"2020-10-04 00:00:00",377,-13
"2020-10-05 00:00:00",433,-15
"2020-10-06 00:00:00",303,-2
"2020-10-07 00:00:00",279,-8
"2020-10-08 00:00:00",287,-25
"2020-10-09 00:00:00",384,
"2020-10-10 00:00:00",392,-9
"2020-10-11 00:00:00",316,-17
"2020-10-12 00:00:00",324,-21
"2020-10-13 00:00:00",312,-5
"2020-10-14 00:00:00",262,-12
"2020-10-15 00:00:00",257,-11
"2020-10-16 00:00:00",352,-9
"2020-10-17 00:00:00",290,-19
"2020-10-18 00:00:00",315,-11
"2020-10-19 00:00:00",289,-3
"2020-10-20 00:00:00",311,-17
"2020-10-21 00:00:00",256,-16
"2020-10-22 00:00:00",242,-7
"2020-10-23 00:00:00",227,-15
"2020-10-24 00:00:00",251,-28
"2020-10-25 00:00:00",294,-5
"2020-10-26 00:00:00",282,-11
"2020-10-27 00:00:00",263,-12
"2020-10-28 00:00:00",260,-7
"2020-10-29 00:00:00",216,-11
"2020-10-30 00:00:00",374,-16
"2020-10-31 00:00:00",260,-19
"2020-11-01 00:00:00",214,-14
"2020-11-02 00:00:00",260,-25
"2020-11-03 00:00:00",304,-14
"2020-11-04 00:00:00",277,-10
"2020-11-05 00:00:00",205,-18
"2020-11-06 00:00:00",301,-11
"2020-11-07 00:00:00",,
"2020-11-08 00:00:00",525,-28
"2020-11-09 00:00:00",249,-27
"2020-11-10 00:00:00",217,-25
"2020-11-11 00:00:00",261,-16
"2020-11-12 00:00:00",239,-6
"2020-11-13 00:00:00",210,-21
"2020-11-14 00:00:00",255,-16
"2020-11-15 00:00:00",241,-10
"2020-11-16 00:00:00",301,-6
"2020-11-17 00:00:00",179,-13
"2020-11-18 00:00:00",300,-12
"2020-11-19 00:00:00",218,-20
"2020-11-20 00:00:00",217,-1
"2020-11-21 00:00:00",216,-10
"2020-11-22 00:00:00",186,-13
"2020-11-23 00:00:00",,
"2020-11-24 00:00:00",503,-53
"2020-11-25 00:00:00",429,-21
"2020-11-26 00:00:00",1842,-8
"2020-11-27 00:00:00",1152,-35
"2020-11-28 00:00:00",947,-21
"2020-11-29 00:00:00",737,-18
"2020-11-30 00:00:00",1199,-45
"2020-12-01 00:00:00",574,-26
"2020-12-02 00:00:00",188,-21
"2020-12-03 00:00:00",144,-17
"2020-12-04 00:00:00",253,-28
"2020-12-05 00:00:00",339,-21
"2020-12-06 00:00:00",253,-24
"2020-12-07 00:00:00",546,-35
"2020-12-08 00:00:00",276,-11
"2020-12-09 00:00:00",249,-8
"2020-12-10 00:00:00",368,-4
"2020-12-11 00:00:00",321,-11
"2020-12-12 00:00:00",313,-11
"2020-12-13 00:00:00",346,-12
"2020-12-14 00:00:00",,
"2020-12-15 00:00:00",260,-6
"2020-12-16 00:00:00",276,-8
"2020-12-17 00:00:00",466,-20
"2020-12-18 00:00:00",172,-21
"2020-12-19 00:00:00",217,-5
"2020-12-20 00:00:00",240,-7
"2020-12-21 00:00:00",271,-10
"2020-12-22 00:00:00",250,-25
"2020-12-23 00:00:00",232,-14
"2020-12-24 00:00:00",271,
"2020-12-25 00:00:00",247,-6
"2020-12-26 00:00:00",385,-6
"2020-12-27 00:00:00",425,-16
"2020-12-28 00:00:00",424,-38
"2020-12-29 00:00:00",355,-34
"2020-12-30 00:00:00",300,-27
"2020-12-31 00:00:00",368,-14
"2021-01-01 00:00:00",,
"2021-01-02 00:00:00",628,-51
"2021-01-03 00:00:00",350,-38
"2021-01-04 00:00:00",282,-40
"2021-01-05 00:00:00",372,-22
"2021-01-06 00:00:00",330,-27
"2021-01-07 00:00:00",,
"2021-01-08 00:00:00",545,-46
"2021-01-09 00:00:00",657,-59
"2021-01-10 00:00:00",269,-26
"2021-01-11 00:00:00",323,-21
"2021-01-12 00:00:00",299,-21
"2021-01-13 00:00:00",280,-8
"2021-01-14 00:00:00",273,-23
"2021-01-15 00:00:00",264,-12
"2021-01-16 00:00:00",278,-11
"2021-01-17 00:00:00",513,-33
"2021-01-18 00:00:00",382,-17
"2021-01-19 00:00:00",259,-11
"2021-01-20 00:00:00",254,-16
"2021-01-21 00:00:00",272,-15
"2021-01-22 00:00:00",228,-18
"2021-01-23 00:00:00",254,-26
"2021-01-24 00:00:00",270,-12
"2021-01-25 00:00:00",327,-33
"2021-01-26 00:00:00",279,-19
"2021-01-27 00:00:00",232,-13
"2021-01-28 00:00:00",252,-24
"2021-01-29 00:00:00",232,-18
"2021-01-30 00:00:00",321,-25
"2021-01-31 00:00:00",193,-25
"2021-02-01 00:00:00",,
"2021-02-02 00:00:00",536,-55
"2021-02-03 00:00:00",285,-14
"2021-02-04 00:00:00",227,-13
"2021-02-05 00:00:00",399,-36
"2021-02-06 00:00:00",266,-21
"2021-02-07 00:00:00",248,-30
"2021-02-08 00:00:00",286,-16
"2021-02-09 00:00:00",267,-3
"2021-02-10 00:00:00",259,-4
"2021-02-11 00:00:00",264,-16
"2021-02-12 00:00:00",,
"2021-02-13 00:00:00",652,-55
"2021-02-14 00:00:00",,
"2021-02-15 00:00:00",,
"2021-02-16 00:00:00",695,-97
"2021-02-17 00:00:00",,
"2021-02-18 00:00:00",,
"2021-02-19 00:00:00",882,-110
"2021-02-20 00:00:00",350,-35
"2021-02-21 00:00:00",,
"2021-02-22 00:00:00",461,-38
"2021-02-23 00:00:00",275,-31
"2021-02-24 00:00:00",193,-35
"2021-02-25 00:00:00",215,-23
"2021-02-26 00:00:00",224,-26
"2021-02-27 00:00:00",390,-61
"2021-02-28 00:00:00",229,-29
"2021-03-01 00:00:00",214,-26
"2021-03-02 00:00:00",249,-25
"2021-03-03 00:00:00",280,-17
"2021-03-04 00:00:00",234,-20
"2021-03-05 00:00:00",232,-20
"2021-03-06 00:00:00",265,-23
"2021-03-07 00:00:00",498,-43
"2021-03-08 00:00:00",266,-22
"2021-03-09 00:00:00",189,-11
"2021-03-10 00:00:00",,
"2021-03-11 00:00:00",317,-20
"2021-03-12 00:00:00",343,-32
"2021-03-13 00:00:00",183,-22
"2021-03-14 00:00:00",368,-44
"2021-03-15 00:00:00",181,-25
"2021-03-16 00:00:00",235,-30
"2021-03-17 00:00:00",322,
"2021-03-18 00:00:00",148,-7
"2021-03-19 00:00:00",310,-37
"2021-03-20 00:00:00",182,-9
"2021-03-21 00:00:00",186,-10
"2021-03-22 00:00:00",306,-59
"2021-03-23 00:00:00",210,-14
"2021-03-24 00:00:00",302,-44
"2021-03-25 00:00:00",203,-22
"2021-03-26 00:00:00",314,-37
"2021-03-27 00:00:00",218,-6
"2021-03-28 00:00:00",310,-22
"2021-03-29 00:00:00",163,-11
"2021-03-30 00:00:00",308,-20
"2021-03-31 00:00:00",135,-13
"2021-04-01 00:00:00",161,-24
"2021-04-02 00:00:00",297,-17
"2021-04-03 00:00:00",170,-12
"2021-04-04 00:00:00",279,-34
"2021-04-05 00:00:00",181,-12
"2021-04-06 00:00:00",337,-48
"2021-04-07 00:00:00",183,-12
"2021-04-08 00:00:00",292,-42
"2021-04-09 00:00:00",211,-35
"2021-04-10 00:00:00",287,-42
"2021-04-11 00:00:00",227,-25
"2021-04-12 00:00:00",315,-44
"2021-04-13 00:00:00",148,-35
"2021-04-14 00:00:00",281,-45
"2021-04-15 00:00:00",154,-9
"2021-04-16 00:00:00",141,-20
"2021-04-17 00:00:00",283,-33
"2021-04-18 00:00:00",161,-31
"2021-04-19 00:00:00",328,-52
"2021-04-20 00:00:00",144,-34
"2021-04-21 00:00:00",145,-9
"2021-04-22 00:00:00",293,-42
"2021-04-23 00:00:00",174,-32
"2021-04-24 00:00:00",243,-50
"2021-04-25 00:00:00",160,-33
"2021-04-26 00:00:00",154,-29
"2021-04-27 00:00:00",269,-39
"2021-04-28 00:00:00",118,-31
"2021-04-29 00:00:00",232,-45
"2021-04-30 00:00:00",116,-23
"2021-05-01 00:00:00",187,-10
"2021-05-02 00:00:00",273,-29
"2021-05-03 00:00:00",203,-21
"2021-05-04 00:00:00",254,-42
"2021-05-05 00:00:00",124,-27
"2021-05-06 00:00:00",285,-48
"2021-05-07 00:00:00",128,-31
"2021-05-08 00:00:00",136,-45
"2021-05-09 00:00:00",278,-62
"2021-05-10 00:00:00",144,-31
"2021-05-11 00:00:00",275,-70
"2021-05-12 00:00:00",142,-53
"2021-05-13 00:00:00",239,-79
"2021-05-14 00:00:00",159,-28
"2021-05-15 00:00:00",276,-52
"2021-05-16 00:00:00",202,-43
"2021-05-17 00:00:00",268,-48
"2021-05-18 00:00:00",323,-43
"2021-05-19 00:00:00",105,-17
"2021-05-20 00:00:00",150,-13
"2021-05-21 00:00:00",243,-45
"2021-05-22 00:00:00",168,-30
"2021-05-23 00:00:00",292,-38
"2021-05-24 00:00:00",180,-18
"2021-05-25 00:00:00",179,-11
"2021-05-26 00:00:00",245,-53
"2021-05-27 00:00:00",149,-16
"2021-05-28 00:00:00",260,-43
"2021-05-29 00:00:00",148,-46
"2021-05-30 00:00:00",147,-25
"2021-05-31 00:00:00",275,-44
"2021-06-01 00:00:00",163,-24
"2021-06-02 00:00:00",240,-37
"2021-06-03 00:00:00",184,-15
"2021-06-04 00:00:00",214,-46
"2021-06-05 00:00:00",191,-29
"2021-06-06 00:00:00",136,-34
"2021-06-07 00:00:00",275,-33
"2021-06-08 00:00:00",160,-13
"2021-06-09 00:00:00",172,-19
"2021-06-10 00:00:00",235,-38
"2021-06-11 00:00:00",152,-17
"2021-06-12 00:00:00",267,-28
"2021-06-13 00:00:00",151,-14
"2021-06-14 00:00:00",233,-49
"2021-06-15 00:00:00",113,-26
"2021-06-16 00:00:00",174,-20
"2021-06-17 00:00:00",241,-40
"2021-06-18 00:00:00",130,-16
"2021-06-19 00:00:00",241,-45
"2021-06-20 00:00:00",149,-19
"2021-06-21 00:00:00",190,-23
"2021-06-22 00:00:00",251,-48
"2021-06-23 00:00:00",441,-3
"2021-06-24 00:00:00",438,-17
"2021-06-25 00:00:00",187,-23
"2021-06-26 00:00:00",197,-14
"2021-06-27 00:00:00",375,-56
"2021-06-28 00:00:00",195,-13
"2021-06-29 00:00:00",209,-34
"2021-06-30 00:00:00",311,-53
"2021-07-01 00:00:00",212,-13
"2021-07-02 00:00:00",329,-37
"2021-07-03 00:00:00",174,-26
"2021-07-04 00:00:00",399,-40
"2021-07-05 00:00:00",297,-29
"2021-07-06 00:00:00",140,-10
"2021-07-07 00:00:00",309,-5
"2021-07-08 00:00:00",144,-18
"2021-07-09 00:00:00",171,-13
"2021-07-10 00:00:00",301,-46
"2021-07-11 00:00:00",143,-11
"2021-07-12 00:00:00",247,-20
"2021-07-13 00:00:00",173,-15
"2021-07-14 00:00:00",308,-64
"2021-07-15 00:00:00",194,-17
"2021-07-16 00:00:00",183,
"2021-07-17 00:00:00",345,-37
"2021-07-18 00:00:00",196,-21
"2021-07-19 00:00:00",309,-39
"2021-07-20 00:00:00",185,-21
"2021-07-21 00:00:00",303,-44
"2021-07-22 00:00:00",178,-33
"2021-07-23 00:00:00",278,-36
"2021-07-24 00:00:00",160,-3
"2021-07-25 00:00:00",175,-4
"2021-07-26 00:00:00",319,-37
"2021-07-27 00:00:00",200,-9
"2021-07-28 00:00:00",339,-36
"2021-07-29 00:00:00",155,-20
"2021-07-30 00:00:00",330,-29
"2021-07-31 00:00:00",168,-18
"2021-08-01 00:00:00",165,-20
"2021-08-02 00:00:00",300,-47
"2021-08-03 00:00:00",195,-20
"2021-08-04 00:00:00",317,-30
"2021-08-05 00:00:00",184,-25
"2021-08-06 00:00:00",199,-14
"2021-08-07 00:00:00",290,-39
"2021-08-08 00:00:00",188,-7
"2021-08-09 00:00:00",309,-37
"2021-08-10 00:00:00",182,-12
"2021-08-11 00:00:00",187,-20
"2021-08-12 00:00:00",299,-42
"2021-08-13 00:00:00",174,-18
"2021-08-14 00:00:00",183,-20
"2021-08-15 00:00:00",293,-58
"2021-08-16 00:00:00",189,-24
"2021-08-17 00:00:00",294,-40
"2021-08-18 00:00:00",143,-17
"2021-08-19 00:00:00",248,-9
"2021-08-20 00:00:00",194,-25
"2021-08-21 00:00:00",368,-42
"2021-08-22 00:00:00",171,-16
"2021-08-23 00:00:00",167,-13
"2021-08-24 00:00:00",209,-18
"2021-08-25 00:00:00",165,-20
"2021-08-26 00:00:00",354,-53
"2021-08-27 00:00:00",187,-11
"2021-08-28 00:00:00",177,-21
"2021-08-29 00:00:00",223,-23
"2021-08-30 00:00:00",235,-29
"2021-08-31 00:00:00",221,-34
"2021-09-01 00:00:00",186,-26
"2021-09-02 00:00:00",174,-21
"2021-09-03 00:00:00",208,-21
"2021-09-04 00:00:00",343,-45
"2021-09-05 00:00:00",257,-21
"2021-09-06 00:00:00",191,-15
"2021-09-07 00:00:00",176,-9
"2021-09-08 00:00:00",155,-19
"2021-09-09 00:00:00",143,-22
"2021-09-10 00:00:00",310,-56
"2021-09-11 00:00:00",166,-19
"2021-09-12 00:00:00",235,-26
"2021-09-13 00:00:00",198,-26
"2021-09-14 00:00:00",173,-14
"2021-09-15 00:00:00",198,-15
"2021-09-16 00:00:00",204,-34
"2021-09-17 00:00:00",182,-38
"2021-09-18 00:00:00",543,-46
"2021-09-19 00:00:00",257,-23
"2021-09-20 00:00:00",185,-16
"2021-09-21 00:00:00",213,-31
"2021-09-22 00:00:00",181,-21
"2021-09-23 00:00:00",147,-23
"2021-09-24 00:00:00",110,-26
"2021-09-25 00:00:00",184,-7
"2021-09-26 00:00:00",231,-7
"2021-09-27 00:00:00",323,-30
"2021-09-28 00:00:00",175,-18
"2021-09-29 00:00:00",164,-10
"2021-09-30 00:00:00",164,-18
"2021-10-01 00:00:00",171,-15
"2021-10-02 00:00:00",236,-15
"2021-10-03 00:00:00",234,-10
"2021-10-04 00:00:00",242,-22
"2021-10-05 00:00:00",287,-26
"2021-10-06 00:00:00",303,-24
"2021-10-07 00:00:00",216,-12
"2021-10-08 00:00:00",188,-15
"2021-10-09 00:00:00",301,-15
"2021-10-10 00:00:00",265,-32
"2021-10-11 00:00:00",216,-24
"2021-10-12 00:00:00",305,-46
"2021-10-13 00:00:00",136,-18
"2021-10-14 00:00:00",263,-17
"2021-10-15 00:00:00",222,-19
"2021-10-16 00:00:00",167,-22
"2021-10-17 00:00:00",203,-22
"2021-10-18 00:00:00",165,-23
"2021-10-19 00:00:00",174,-16
"2021-10-20 00:00:00",127,-11
"2021-10-21 00:00:00",258,-26
"2021-10-22 00:00:00",134,-17
"2021-10-23 00:00:00",213,-11
"2021-10-24 00:00:00",268,-8
"2021-10-25 00:00:00",203,-26
"2021-10-26 00:00:00",194,-21
"2021-10-27 00:00:00",152,-16
"2021-10-28 00:00:00",282,-29
"2021-10-29 00:00:00",184,-15
"2021-10-30 00:00:00",245,
"2021-10-31 00:00:00",251,-7
"2021-11-01 00:00:00",200,-10
"2021-11-02 00:00:00",155,-33
"2021-11-03 00:00:00",121,-5
"2021-11-04 00:00:00",134,-10
"2021-11-05 00:00:00",277,-19
"2021-11-06 00:00:00",154,-11
"2021-11-07 00:00:00",205,-12
"2021-11-08 00:00:00",143,-8
"2021-11-09 00:00:00",105,-9
"2021-11-10 00:00:00",100,-11
"2021-11-11 00:00:00",127,-17
"2021-11-12 00:00:00",117,-9
"2021-11-13 00:00:00",300,-24
"2021-11-14 00:00:00",174,
"2021-11-15 00:00:00",139,-17
"2021-11-16 00:00:00",194,-7
"2021-11-17 00:00:00",208,-3
"2021-11-18 00:00:00",127,-1
"2021-11-19 00:00:00",287,-23
"2021-11-20 00:00:00",226,-6
"2021-11-21 00:00:00",216,-15
"2021-11-22 00:00:00",176,-13
"2021-11-23 00:00:00",142,-12
"2021-11-24 00:00:00",141,-28
"2021-11-25 00:00:00",1111,-33
"2021-11-26 00:00:00",1050,-23
"2021-11-27 00:00:00",701,-26
"2021-11-28 00:00:00",1143,-36
"2021-11-29 00:00:00",590,-14
"2021-11-30 00:00:00",518,-19
"2021-12-01 00:00:00",1152,-25
"2021-12-02 00:00:00",133,-12
"2021-12-03 00:00:00",209,-7
"2021-12-04 00:00:00",264,-29
"2021-12-05 00:00:00",237,-6
"2021-12-06 00:00:00",198,-21
"2021-12-07 00:00:00",126,-24
"2021-12-08 00:00:00",261,-35
"2021-12-09 00:00:00",174,-13
"2021-12-10 00:00:00",129,-15
"2021-12-11 00:00:00",183,-9
"2021-12-12 00:00:00",222,-9
"2021-12-13 00:00:00",141,-18
"2021-12-14 00:00:00",123,-15
"2021-12-15 00:00:00",202,-8
"2021-12-16 00:00:00",139,-5
"2021-12-17 00:00:00",134,-12
"2021-12-18 00:00:00",214,-18
"2021-12-19 00:00:00",171,-12
"2021-12-20 00:00:00",183,-24
"2021-12-21 00:00:00",156,-5
"2021-12-22 00:00:00",193,-10
"2021-12-23 00:00:00",192,-9
"2021-12-24 00:00:00",314,-13
"2021-12-25 00:00:00",263,
"2021-12-26 00:00:00",284,-17
"2021-12-27 00:00:00",293,-25
"2021-12-28 00:00:00",,
"2021-12-29 00:00:00",247,-12
"2021-12-30 00:00:00",234,-15
"2021-12-31 00:00:00",222,-17
"2022-01-01 00:00:00",,
"2022-01-02 00:00:00",505,-43
"2022-01-03 00:00:00",239,-28
"2022-01-04 00:00:00",240,-21
"2022-01-05 00:00:00",190,-10
"2022-01-06 00:00:00",257,-24
"2022-01-07 00:00:00",169,-19
"2022-01-08 00:00:00",191,-25
"2022-01-09 00:00:00",388,-48
"2022-01-10 00:00:00",155,-21
"2022-01-11 00:00:00",122,-28
"2022-01-12 00:00:00",162,-18
"2022-01-13 00:00:00",119,-17
"2022-01-14 00:00:00",136,-25
"2022-01-15 00:00:00",182,-19
"2022-01-16 00:00:00",230,-27
"2022-01-17 00:00:00",188,-17
"2022-01-18 00:00:00",156,-29
"2022-01-19 00:00:00",152,-26
"2022-01-20 00:00:00",172,-36
"2022-01-21 00:00:00",359,-16
"2022-01-22 00:00:00",173,-30
"2022-01-23 00:00:00",205,-26
"2022-01-24 00:00:00",191,-27
"2022-01-25 00:00:00",161,-12
"2022-01-26 00:00:00",142,-15
"2022-01-27 00:00:00",177,-30
"2022-01-28 00:00:00",180,-25
"2022-01-29 00:00:00",194,-31
"2022-01-30 00:00:00",274,-25
"2022-01-31 00:00:00",,
"2022-02-01 00:00:00",204,-35
"2022-02-02 00:00:00",155,-1
"2022-02-03 00:00:00",195,-20
"2022-02-04 00:00:00",359,-35
"2022-02-05 00:00:00",203,-36
"2022-02-06 00:00:00",210,-51
"2022-02-07 00:00:00",175,-22
"2022-02-08 00:00:00",187,-34
"2022-02-09 00:00:00",175,-41
"2022-02-10 00:00:00",123,-35
"2022-02-11 00:00:00",169,-24
"2022-02-12 00:00:00",159,-39
"2022-02-13 00:00:00",217,-34
"2022-02-14 00:00:00",213,-35
"2022-02-15 00:00:00",145,-25
"2022-02-16 00:00:00",161,-17
"2022-02-17 00:00:00",170,-19
"2022-02-18 00:00:00",143,-16
"2022-02-19 00:00:00",379,-32
"2022-02-20 00:00:00",254,-4
"2022-02-21 00:00:00",201,-20
"2022-02-22 00:00:00",179,-29
"2022-02-23 00:00:00",,
"2022-02-24 00:00:00",208,-26
"2022-02-25 00:00:00",143,-14
"2022-02-26 00:00:00",178,-22
"2022-02-27 00:00:00",382,-41
"2022-02-28 00:00:00",125,-21
"2022-03-01 00:00:00",149,-29
"2022-03-02 00:00:00",122,-19
"2022-03-03 00:00:00",131,-23
"2022-03-04 00:00:00",133,-33
"2022-03-05 00:00:00",167,-18
"2022-03-06 00:00:00",237,-10
"2022-03-07 00:00:00",172,-11
"2022-03-08 00:00:00",157,-38
"2022-03-09 00:00:00",171,-27
"2022-03-10 00:00:00",158,-22
"2022-03-11 00:00:00",180,-20
"2022-03-12 00:00:00",176,-18
"2022-03-13 00:00:00",238,-29
"2022-03-14 00:00:00",170,-20
"2022-03-15 00:00:00",332,-30
"2022-03-16 00:00:00",131,-13
"2022-03-17 00:00:00",131,-12
"2022-03-18 00:00:00",142,-18
"2022-03-19 00:00:00",197,-1
"2022-03-20 00:00:00",212,-28
"2022-03-21 00:00:00",138,-28
"2022-03-22 00:00:00",136,-30
"2022-03-23 00:00:00",118,-23
"2022-03-24 00:00:00",153,-23
"2022-03-25 00:00:00",138,-27
"2022-03-26 00:00:00",174,
"2022-03-27 00:00:00",231,
"2022-03-28 00:00:00",168,-20
"2022-03-29 00:00:00",218,-20
"2022-03-30 00:00:00",181,-21
"2022-03-31 00:00:00",195,-17
"2022-04-01 00:00:00",314,-40
"2022-04-02 00:00:00",188,-16
"2022-04-03 00:00:00",208,-17
"2022-04-04 00:00:00",111,-11
"2022-04-05 00:00:00",123,-5
"2022-04-06 00:00:00",129,-14
"2022-04-07 00:00:00",144,-8
"2022-04-08 00:00:00",138,-20
"2022-04-09 00:00:00",178,-37
"2022-04-10 00:00:00",163,-33
"2022-04-11 00:00:00",188,-20
"2022-04-12 00:00:00",140,-10
"2022-04-13 00:00:00",150,-18
"2022-04-14 00:00:00",153,-17
"2022-04-15 00:00:00",161,-19
"2022-04-16 00:00:00",325,-22
"2022-04-17 00:00:00",145,-17
"2022-04-18 00:00:00",152,-31
"2022-04-19 00:00:00",174,-19
"2022-04-20 00:00:00",127,-26
"2022-04-21 00:00:00",98,-17
"2022-04-22 00:00:00",148,-25
"2022-04-23 00:00:00",160,-19
"2022-04-24 00:00:00",171,-14
"2022-04-25 00:00:00",186,-17
"2022-04-26 00:00:00",142,-29
"2022-04-27 00:00:00",132,-21
"2022-04-28 00:00:00",225,-26
"2022-04-29 00:00:00",123,-10
"2022-04-30 00:00:00",122,-13
"2022-05-01 00:00:00",209,-19
"2022-05-02 00:00:00",178,-25
"2022-05-03 00:00:00",153,-23
"2022-05-04 00:00:00",187,-12
"2022-05-05 00:00:00",174,-5
"2022-05-06 00:00:00",114,-14
"2022-05-07 00:00:00",135,-18
"2022-05-08 00:00:00",158,-11
"2022-05-09 00:00:00",285,-64
"2022-05-10 00:00:00",120,-43
"2022-05-11 00:00:00",128,-34
"2022-05-12 00:00:00",100,-19
"2022-05-13 00:00:00",142,-11
"2022-05-14 00:00:00",166,-25
"2022-05-15 00:00:00",166,-36
"2022-05-16 00:00:00",105,-50
"2022-05-17 00:00:00",114,-29
"2022-05-18 00:00:00",149,-34
"2022-05-19 00:00:00",143,-30
"2022-05-20 00:00:00",108,-17
"2022-05-21 00:00:00",151,-27
"2022-05-22 00:00:00",175,-51
"2022-05-23 00:00:00",166,-39
"2022-05-24 00:00:00",132,-34
"2022-05-25 00:00:00",142,-33
"2022-05-26 00:00:00",148,-34
"2022-05-27 00:00:00",295,-61
"2022-05-28 00:00:00",249,-6
"2022-05-29 00:00:00",276,-14
"2022-05-30 00:00:00",276,-40
"2022-05-31 00:00:00",197,-24
"2022-06-01 00:00:00",382,-30
"2022-06-02 00:00:00",176,-23
"2022-06-03 00:00:00",200,-13
"2022-06-04 00:00:00",195,-20
"2022-06-05 00:00:00",216,-44
"2022-06-06 00:00:00",175,-36
"2022-06-07 00:00:00",166,-28
"2022-06-08 00:00:00",161,-21
"2022-06-09 00:00:00",148,-17
"2022-06-10 00:00:00",144,-10
"2022-06-11 00:00:00",164,-18
"2022-06-12 00:00:00",205,-34
"2022-06-13 00:00:00",193,-47
"2022-06-14 00:00:00",197,-22
"2022-06-15 00:00:00",181,-22
"2022-06-16 00:00:00",119,-22
"2022-06-17 00:00:00",334,-46
"2022-06-18 00:00:00",,
"2022-06-19 00:00:00",191,-39
"2022-06-20 00:00:00",390,-48
"2022-06-21 00:00:00",161,-27
"2022-06-22 00:00:00",239,-13
"2022-06-23 00:00:00",211,-7
"2022-06-24 00:00:00",299,
"2022-06-25 00:00:00",247,
"2022-06-26 00:00:00",287,-7
"2022-06-27 00:00:00",254,-20
"2022-06-28 00:00:00",218,
"2022-06-29 00:00:00",262,
"2022-06-30 00:00:00",227,-11
"2022-07-01 00:00:00",239,
"2022-07-02 00:00:00",184,-17
"2022-07-03 00:00:00",214,-18
"2022-07-04 00:00:00",211,-7
"2022-07-05 00:00:00",267,-9
"2022-07-06 00:00:00",234,-20
"2022-07-07 00:00:00",,
"2022-07-08 00:00:00",233,
"2022-07-09 00:00:00",526,
"2022-07-10 00:00:00",204,
"2022-07-11 00:00:00",200,-9
"2022-07-12 00:00:00",247,
"2022-07-13 00:00:00",264,-1
"2022-07-14 00:00:00",204,-14
"2022-07-15 00:00:00",178,-3
"2022-07-16 00:00:00",249,-14
"2022-07-17 00:00:00",220,-8
"2022-07-18 00:00:00",209,-7
"2022-07-19 00:00:00",228,-15
"2022-07-20 00:00:00",204,-3
"2022-07-21 00:00:00",187,
"2022-07-22 00:00:00",230,-13
"2022-07-23 00:00:00",207,-5
"2022-07-24 00:00:00",222,-25
"2022-07-25 00:00:00",212,-2
"2022-07-26 00:00:00",199,-19
"2022-07-27 00:00:00",210,-6
"2022-07-28 00:00:00",236,-4
"2022-07-29 00:00:00",221,
"2022-07-30 00:00:00",312,
"2022-07-31 00:00:00",276,-1
"2022-08-01 00:00:00",212,-9
"2022-08-02 00:00:00",232,
"2022-08-03 00:00:00",182,
"2022-08-04 00:00:00",224,-1
"2022-08-05 00:00:00",187,-1
"2022-08-06 00:00:00",241,
"2022-08-07 00:00:00",239,-4
"2022-08-08 00:00:00",227,
"2022-08-09 00:00:00",206,-2
"2022-08-10 00:00:00",206,-7
"2022-08-11 00:00:00",209,-13
"2022-08-12 00:00:00",251,-6
"2022-08-13 00:00:00",247,
"2022-08-14 00:00:00",258,-3
"2022-08-15 00:00:00",216,-25
"2022-08-16 00:00:00",221,-20
"2022-08-17 00:00:00",221,-3
"2022-08-18 00:00:00",239,-8
"2022-08-19 00:00:00",187,-3
"2022-08-20 00:00:00",233,-17
"2022-08-21 00:00:00",222,-19
"2022-08-22 00:00:00",232,-9
"2022-08-23 00:00:00",234,
"2022-08-24 00:00:00",222,-6
"2022-08-25 00:00:00",222,-8
"2022-08-26 00:00:00",223,-12
"2022-08-27 00:00:00",277,-6
"2022-08-28 00:00:00",287,-10
"2022-08-29 00:00:00",283,-17
"2022-08-30 00:00:00",,
"2022-08-31 00:00:00",,
"2022-09-01 00:00:00",471,-23
"2022-09-02 00:00:00",191,-17
"2022-09-03 00:00:00",227,-4
"2022-09-04 00:00:00",320,-3
"2022-09-05 00:00:00",305,
"2022-09-06 00:00:00",272,-25
"2022-09-07 00:00:00",166,-11
"2022-09-08 00:00:00",215,-15
"2022-09-09 00:00:00",210,-6
"2022-09-10 00:00:00",243,
"2022-09-11 00:00:00",270,-22
"2022-09-12 00:00:00",270,-3
"2022-09-13 00:00:00",209,-1
"2022-09-14 00:00:00",175,-2
"2022-09-15 00:00:00",160,-8
"2022-09-16 00:00:00",168,-4
"2022-09-17 00:00:00",220,-19
"2022-09-18 00:00:00",275,-8
"2022-09-19 00:00:00",227,-12
"2022-09-20 00:00:00",213,-9
"2022-09-21 00:00:00",173,-8
"2022-09-22 00:00:00",185,
"2022-09-23 00:00:00",158,-19
"2022-09-24 00:00:00",243,-20
"2022-09-25 00:00:00",265,-9
"2022-09-26 00:00:00",257,-8
"2022-09-27 00:00:00",312,-22
"2022-09-28 00:00:00",198,-5
"2022-09-29 00:00:00",232,-1
"2022-09-30 00:00:00",172,-9
"2022-10-01 00:00:00",268,-4
"2022-10-02 00:00:00",322,-7
"2022-10-03 00:00:00",237,
"2022-10-04 00:00:00",163,-6
"2022-10-05 00:00:00",187,-9
"2022-10-06 00:00:00",419,-3
"2022-10-07 00:00:00",,
"2022-10-08 00:00:00",288,
"2022-10-09 00:00:00",374,-9
"2022-10-10 00:00:00",317,-6
"2022-10-11 00:00:00",253,-8
"2022-10-12 00:00:00",250,-7
"2022-10-13 00:00:00",208,-17
"2022-10-14 00:00:00",197,-7
"2022-10-15 00:00:00",229,-14
"2022-10-16 00:00:00",254,-6
"2022-10-17 00:00:00",184,-10
"2022-10-18 00:00:00",151,-11
"2022-10-19 00:00:00",222,
"2022-10-20 00:00:00",145,
"2022-10-21 00:00:00",166,-11
"2022-10-22 00:00:00",,
"2022-10-23 00:00:00",243,-6
"2022-10-24 00:00:00",290,-12
"2022-10-25 00:00:00",141,
"2022-10-26 00:00:00",145,-17
"2022-10-27 00:00:00",122,-13
"2022-10-28 00:00:00",142,-5
"2022-10-29 00:00:00",221,
"2022-10-30 00:00:00",197,-20
"2022-10-31 00:00:00",180,-2
"2022-11-01 00:00:00",150,-4
"2022-11-02 00:00:00",153,-18
"2022-11-03 00:00:00",148,-4
"2022-11-04 00:00:00",181,
"2022-11-05 00:00:00",,
"2022-11-06 00:00:00",244,-23
"2022-11-07 00:00:00",229,-12
"2022-11-08 00:00:00",164,
"2022-11-09 00:00:00",156,
"2022-11-10 00:00:00",119,-15
"2022-11-11 00:00:00",158,-12
"2022-11-12 00:00:00",268,-14
"2022-11-13 00:00:00",,
"2022-11-14 00:00:00",174,-4
"2022-11-15 00:00:00",128,-6
"2022-11-16 00:00:00",133,-10
"2022-11-17 00:00:00",167,-6
"2022-11-18 00:00:00",119,-13
"2022-11-19 00:00:00",150,-11
"2022-11-20 00:00:00",188,-10
"2022-11-21 00:00:00",170,
"2022-11-22 00:00:00",146,-9
"2022-11-23 00:00:00",991,
"2022-11-24 00:00:00",1612,-8
"2022-11-25 00:00:00",5765,-7
"2022-11-26 00:00:00",710,
"2022-11-27 00:00:00",937,-4
"2022-11-28 00:00:00",1138,-8
"2022-11-29 00:00:00",1967,-9
"2022-11-30 00:00:00",642,-8
"2022-12-01 00:00:00",133,-1
"2022-12-02 00:00:00",174,-3
"2022-12-03 00:00:00",220,-10
"2022-12-04 00:00:00",244,-5
"2022-12-05 00:00:00",,
"2022-12-06 00:00:00",147,-4
"2022-12-07 00:00:00",195,-3
"2022-12-08 00:00:00",219,
"2022-12-09 00:00:00",88,-2
"2022-12-10 00:00:00",157,-14
"2022-12-11 00:00:00",244,-5
"2022-12-12 00:00:00",194,
"2022-12-13 00:00:00",119,-6
"2022-12-14 00:00:00",154,-5
"2022-12-15 00:00:00",199,
"2022-12-16 00:00:00",146,-5
"2022-12-17 00:00:00",,
"2022-12-18 00:00:00",,
"2022-12-19 00:00:00",435,-20
"2022-12-20 00:00:00",170,
"2022-12-21 00:00:00",173,
"2022-12-22 00:00:00",177,-11
"2022-12-23 00:00:00",193,-18
"2022-12-24 00:00:00",233,-13
"2022-12-25 00:00:00",338,-18
"2022-12-26 00:00:00",,
"2022-12-27 00:00:00",368,
"2022-12-28 00:00:00",344,-19
"2022-12-29 00:00:00",315,-21
"2022-12-30 00:00:00",274,-15
"2022-12-31 00:00:00",325,-14
"2023-01-01 00:00:00",,
"2023-01-02 00:00:00",,
"2023-01-03 00:00:00",,
"2023-01-04 00:00:00",854,-46
"2023-01-05 00:00:00",218,-16
"2023-01-06 00:00:00",244,-11
"2023-01-07 00:00:00",291,-15
"2023-01-08 00:00:00",234,-12
"2023-01-09 00:00:00",230,-16
"2023-01-10 00:00:00",180,-10
"2023-01-11 00:00:00",,
"2023-01-12 00:00:00",199,-21
"2023-01-13 00:00:00",178,-16
"2023-01-14 00:00:00",200,-13
"2023-01-15 00:00:00",210,-3
"2023-01-16 00:00:00",217,-13
"2023-01-17 00:00:00",224,-10
"2023-01-18 00:00:00",160,-4
"2023-01-19 00:00:00",181,-10
"2023-01-20 00:00:00",197,-10
"2023-01-21 00:00:00",202,-15
"2023-01-22 00:00:00",259,-2
"2023-01-23 00:00:00",,
"2023-01-24 00:00:00",216,-8
"2023-01-25 00:00:00",178,-10
"2023-01-26 00:00:00",,
"2023-01-27 00:00:00",333,-9
"2023-01-28 00:00:00",230,-12
"2023-01-29 00:00:00",270,-9
"2023-01-30 00:00:00",204,-21
"2023-01-31 00:00:00",182,-23
"2023-02-01 00:00:00",,
"2023-02-02 00:00:00",185,-22
"2023-02-03 00:00:00",154,-18
"2023-02-04 00:00:00",194,-20
"2023-02-05 00:00:00",223,-24
"2023-02-06 00:00:00",226,-17
"2023-02-07 00:00:00",158,-19
"2023-02-08 00:00:00",157,-6
"2023-02-09 00:00:00",144,-27
"2023-02-10 00:00:00",,
"2023-02-11 00:00:00",,
"2023-02-12 00:00:00",639,
"2023-02-13 00:00:00",218,-16
"2023-02-14 00:00:00",173,-9
"2023-02-15 00:00:00",159,-34
"2023-02-16 00:00:00",136,-39
"2023-02-17 00:00:00",,
"2023-02-18 00:00:00",219,-18
"2023-02-19 00:00:00",272,-10
"2023-02-20 00:00:00",377,-23
"2023-02-21 00:00:00",,
"2023-02-22 00:00:00",199,-15
"2023-02-23 00:00:00",184,-28
"2023-02-24 00:00:00",151,-14
"2023-02-25 00:00:00",186,-23
"2023-02-26 00:00:00",210,-39
"2023-02-27 00:00:00",139,-16
"2023-02-28 00:00:00",148,-20
"2023-03-01 00:00:00",,
"2023-03-02 00:00:00",169,-19
"2023-03-03 00:00:00",183,-18
"2023-03-04 00:00:00",173,-15
"2023-03-05 00:00:00",224,-13
"2023-03-06 00:00:00",202,-8
"2023-03-07 00:00:00",137,-19
"2023-03-08 00:00:00",154,
"2023-03-09 00:00:00",152,-4
"2023-03-10 00:00:00",,
"2023-03-11 00:00:00",206,-11
"2023-03-12 00:00:00",246,-8
"2023-03-13 00:00:00",211,-3
"2023-03-14 00:00:00",166,-14
"2023-03-15 00:00:00",160,-14
"2023-03-16 00:00:00",155,-11
"2023-03-17 00:00:00",203,
"2023-03-18 00:00:00",,
"2023-03-19 00:00:00",292,-25
"2023-03-20 00:00:00",254,-10
"2023-03-21 00:00:00",219,
"2023-03-22 00:00:00",241,-7
"2023-03-23 00:00:00",166,-12
"2023-03-24 00:00:00",,
"2023-03-25 00:00:00",248,-3
"2023-03-26 00:00:00",248,-16
"2023-03-27 00:00:00",223,-14
"2023-03-28 00:00:00",183,-12
"2023-03-29 00:00:00",168,-19
"2023-03-30 00:00:00",,
"2023-03-31 00:00:00",215,-3
"2023-04-01 00:00:00",250,-27
"2023-04-02 00:00:00",278,-23
"2023-04-03 00:00:00",217,-5
"2023-04-04 00:00:00",239,-13
"2023-04-05 00:00:00",,
"2023-04-06 00:00:00",220,-17
"2023-04-07 00:00:00",202,-20
"2023-04-08 00:00:00",270,-5
"2023-04-09 00:00:00",250,-24
"2023-04-10 00:00:00",261,-16
"2023-04-11 00:00:00",,
"2023-04-12 00:00:00",239,-5
"2023-04-13 00:00:00",222,
"2023-04-14 00:00:00",225,-3
"2023-04-15 00:00:00",257,-10
"2023-04-16 00:00:00",299,-18
"2023-04-17 00:00:00",241,-14
"2023-04-18 00:00:00",,
"2023-04-19 00:00:00",222,
"2023-04-20 00:00:00",174,-19
"2023-04-21 00:00:00",173,
"2023-04-22 00:00:00",295,-9
"2023-04-23 00:00:00",269,-18
"2023-04-24 00:00:00",249,
"2023-04-25 00:00:00",,
"2023-04-26 00:00:00",229,-14
"2023-04-27 00:00:00",215,-3
"2023-04-28 00:00:00",196,-8
"2023-04-29 00:00:00",290,-18
"2023-04-30 00:00:00",291,-13
"2023-05-01 00:00:00",,
"2023-05-02 00:00:00",293,-25
"2023-05-03 00:00:00",158,-14
"2023-05-04 00:00:00",186,-12
"2023-05-05 00:00:00",206,-15
"2023-05-06 00:00:00",304,-16
"2023-05-07 00:00:00",,
"2023-05-08 00:00:00",283,-26
"2023-05-09 00:00:00",241,-18
"2023-05-10 00:00:00",201,-11
"2023-05-11 00:00:00",178,
"2023-05-12 00:00:00",193,-9
"2023-05-13 00:00:00",276,-18
"2023-05-14 00:00:00",,
"2023-05-15 00:00:00",269,-17
"2023-05-16 00:00:00",166,-18
"2023-05-17 00:00:00",172,-4
"2023-05-18 00:00:00",211,
"2023-05-19 00:00:00",247,
"2023-05-20 00:00:00",,
"2023-05-21 00:00:00",274,-5
"2023-05-22 00:00:00",284,-21
"2023-05-23 00:00:00",170,-14
"2023-05-24 00:00:00",240,-15
"2023-05-25 00:00:00",229,-23
"2023-05-26 00:00:00",,
"2023-05-27 00:00:00",240,-6
"2023-05-28 00:00:00",273,-22
"2023-05-29 00:00:00",235,
"2023-05-30 00:00:00",266,-12
"2023-05-31 00:00:00",247,-6
"2023-06-01 00:00:00",,
"2023-06-02 00:00:00",288,-14
"2023-06-03 00:00:00",231,-5
"2023-06-04 00:00:00",263,-18
"2023-06-05 00:00:00",,-3
"2023-06-06 00:00:00",221,-2
"2023-06-07 00:00:00",,
"2023-06-08 00:00:00",234,-9
"2023-06-09 00:00:00",185,-18
"2023-06-10 00:00:00",197,
"2023-06-11 00:00:00",281,-10
"2023-06-12 00:00:00",221,-8
"2023-06-13 00:00:00",,
"2023-06-14 00:00:00",236,-22
"2023-06-15 00:00:00",241,-12
"2023-06-16 00:00:00",230,-2
"2023-06-17 00:00:00",284,-8
"2023-06-18 00:00:00",241,-5
"2023-06-19 00:00:00",,
"2023-06-20 00:00:00",234,-9
"2023-06-21 00:00:00",256,-11
"2023-06-22 00:00:00",228,
"2023-06-23 00:00:00",276,-14
"2023-06-24 00:00:00",,
"2023-06-25 00:00:00",275,-13
"2023-06-26 00:00:00",301,-5
"2023-06-27 00:00:00",239,-17
"2023-06-28 00:00:00",309,-15
"2023-06-29 00:00:00",,
"2023-06-30 00:00:00",289,-1
"2023-07-01 00:00:00",328,-15
"2023-07-02 00:00:00",351,-23
"2023-07-03 00:00:00",,
"2023-07-04 00:00:00",234,-15
"2023-07-05 00:00:00",273,
"2023-07-06 00:00:00",308,-22
"2023-07-07 00:00:00",,
"2023-07-08 00:00:00",291,-15
"2023-07-09 00:00:00",225,-18
"2023-07-10 00:00:00",264,-9
"2023-07-11 00:00:00",,
"2023-07-12 00:00:00",322,-13
"2023-07-13 00:00:00",649,-34
"2023-07-14 00:00:00",633,-25
"2023-07-15 00:00:00",,
"2023-07-16 00:00:00",474,-2
"2023-07-17 00:00:00",472,-20
"2023-07-18 00:00:00",512,-34
"2023-07-19 00:00:00",,
"2023-07-20 00:00:00",418,-10
"2023-07-21 00:00:00",546,-27
"2023-07-22 00:00:00",533,-13
"2023-07-23 00:00:00",,
"2023-07-24 00:00:00",441,-22
"2023-07-25 00:00:00",425,-16
"2023-07-26 00:00:00",407,-10
"2023-07-27 00:00:00",386,-3
"2023-07-28 00:00:00",,
"2023-07-29 00:00:00",445,-16
"2023-07-30 00:00:00",343,-12
"2023-07-31 00:00:00",371,-27
"2023-08-01 00:00:00",,
"2023-08-02 00:00:00",366,-2
"2023-08-03 00:00:00",359,-22
"2023-08-04 00:00:00",,
"2023-08-05 00:00:00",,
"2023-08-06 00:00:00",,
"2023-08-07 00:00:00",1173,-17
"2023-08-08 00:00:00",364,-12
"2023-08-09 00:00:00",367,-3
"2023-08-10 00:00:00",,
"2023-08-11 00:00:00",509,-23
"2023-08-12 00:00:00",780,-19
"2023-08-13 00:00:00",808,-50
"2023-08-14 00:00:00",,
"2023-08-15 00:00:00",614,-31
"2023-08-16 00:00:00",553,-27
"2023-08-17 00:00:00",494,-18
"2023-08-18 00:00:00",,
"2023-08-19 00:00:00",472,-25
"2023-08-20 00:00:00",509,-13
"2023-08-21 00:00:00",442,-31
"2023-08-22 00:00:00",,
"2023-08-23 00:00:00",415,-10
"2023-08-24 00:00:00",376,-29
"2023-08-25 00:00:00",455,-27
"2023-08-26 00:00:00",,
"2023-08-27 00:00:00",507,-18
"2023-08-28 00:00:00",409,-29
"2023-08-29 00:00:00",417,-8
"2023-08-30 00:00:00",,
"2023-08-31 00:00:00",406,-3
"2023-09-01 00:00:00",491,-10
"2023-09-02 00:00:00",547,-21
"2023-09-03 00:00:00",,
"2023-09-04 00:00:00",433,-10
"2023-09-05 00:00:00",376,-16
"2023-09-06 00:00:00",331,-6
"2023-09-07 00:00:00",301,-9
"2023-09-08 00:00:00",,
"2023-09-09 00:00:00",350,-17
"2023-09-10 00:00:00",490,-16
"2023-09-11 00:00:00",355,-17
"2023-09-12 00:00:00",,
"2023-09-13 00:00:00",272,-3
"2023-09-14 00:00:00",295,-17
"2023-09-15 00:00:00",369,-11
"2023-09-16 00:00:00",,
"2023-09-17 00:00:00",459,-14
"2023-09-18 00:00:00",342,-26
"2023-09-19 00:00:00",319,-11
"2023-09-20 00:00:00",,
"2023-09-21 00:00:00",252,-11
"2023-09-22 00:00:00",287,-2
"2023-09-23 00:00:00",444,-16
"2023-09-24 00:00:00",,
"2023-09-25 00:00:00",421,-18
"2023-09-26 00:00:00",222,-14
"2023-09-27 00:00:00",363,-16
"2023-09-28 00:00:00",,
"2023-09-29 00:00:00",276,-7
"2023-09-30 00:00:00",281,-6
"2023-10-01 00:00:00",449,-12
"2023-10-02 00:00:00",,
"2023-10-03 00:00:00",330,
"2023-10-04 00:00:00",257,-19
"2023-10-05 00:00:00",298,-2
"2023-10-06 00:00:00",,
"2023-10-07 00:00:00",332,-9
"2023-10-08 00:00:00",408,-10
"2023-10-09 00:00:00",409,-9
"2023-10-10 00:00:00",,
"2023-10-11 00:00:00",541,-23
"2023-10-12 00:00:00",286,-16
"2023-10-13 00:00:00",,
"2023-10-14 00:00:00",423,-27
"2023-10-15 00:00:00",473,-17
"2023-10-16 00:00:00",382,-8
"2023-10-17 00:00:00",,
"2023-10-18 00:00:00",283,-19
"2023-10-19 00:00:00",222,
"2023-10-20 00:00:00",345,-6
"2023-10-21 00:00:00",,
"2023-10-22 00:00:00",406,-27
"2023-10-23 00:00:00",289,-22
"2023-10-24 00:00:00",227,-5
"2023-10-25 00:00:00",,
"2023-10-26 00:00:00",220,-5
"2023-10-27 00:00:00",210,-10
"2023-10-28 00:00:00",342,-15
"2023-10-29 00:00:00",388,-22
"2023-10-30 00:00:00",,
"2023-10-31 00:00:00",233,-24
"2023-11-01 00:00:00",292,-6
"2023-11-02 00:00:00",338,-30
"2023-11-03 00:00:00",,
"2023-11-04 00:00:00",251,-34
"2023-11-05 00:00:00",364,-19
"2023-11-06 00:00:00",,
"2023-11-07 00:00:00",253,-17
"2023-11-08 00:00:00",198,
"2023-11-09 00:00:00",222,-13
"2023-11-10 00:00:00",,
"2023-11-11 00:00:00",275,-44
"2023-11-12 00:00:00",301,-11
"2023-11-13 00:00:00",,
"2023-11-14 00:00:00",238,-31
"2023-11-15 00:00:00",173,-15
"2023-11-16 00:00:00",,
"2023-11-17 00:00:00",196,-19
"2023-11-18 00:00:00",276,-16
"2023-11-19 00:00:00",,
"2023-11-20 00:00:00",391,-25
"2023-11-21 00:00:00",478,-8
"2023-11-22 00:00:00",,
"2023-11-23 00:00:00",3178,-21
"2023-11-24 00:00:00",1302,-1
"2023-11-25 00:00:00",,
"2023-11-26 00:00:00",1050,-28
"2023-11-27 00:00:00",1697,-21
"2023-11-28 00:00:00",,
"2023-11-29 00:00:00",359,-12
"2023-11-30 00:00:00",257,-20
"2023-12-01 00:00:00",,
"2023-12-02 00:00:00",267,-15
"2023-12-03 00:00:00",353,-3
"2023-12-04 00:00:00",,
"2023-12-05 00:00:00",221,-8
"2023-12-06 00:00:00",176,-4
"2023-12-07 00:00:00",,
"2023-12-08 00:00:00",371,-17
"2023-12-09 00:00:00",461,-19
"2023-12-10 00:00:00",,
"2023-12-11 00:00:00",293,-22
"2023-12-12 00:00:00",266,-18
"2023-12-13 00:00:00",,
"2023-12-14 00:00:00",3,-21
"2023-12-15 00:00:00",238,-8
"2023-12-16 00:00:00",,
"2023-12-17 00:00:00",349,-3
"2023-12-18 00:00:00",263,-23
"2023-12-19 00:00:00",,
"2023-12-20 00:00:00",287,-20
"2023-12-21 00:00:00",240,-10
"2023-12-22 00:00:00",,
"2023-12-23 00:00:00",362,-17
"2023-12-24 00:00:00",323,-14
"2023-12-25 00:00:00",,
"2023-12-26 00:00:00",404,-17
"2023-12-27 00:00:00",,
"2023-12-28 00:00:00",422,-25
"2023-12-29 00:00:00",319,-31
"2023-12-30 00:00:00",,
"2023-12-31 00:00:00",426,-37
"2024-01-01 00:00:00",373,-29
"2024-01-02 00:00:00",,
"2024-01-03 00:00:00",365,-16
"2024-01-04 00:00:00",329,-31
"2024-01-05 00:00:00",,
"2024-01-06 00:00:00",332,-19
"2024-01-07 00:00:00",335,-45
"2024-01-08 00:00:00",,
"2024-01-09 00:00:00",211,-26
"2024-01-10 00:00:00",285,-16
"2024-01-11 00:00:00",,
"2024-01-12 00:00:00",205,-276
"2024-01-13 00:00:00",213,-95
"2024-01-14 00:00:00",,
"2024-01-15 00:00:00",359,-92
"2024-01-16 00:00:00",264,-62
"2024-01-17 00:00:00",,
"2024-01-18 00:00:00",255,-35
"2024-01-19 00:00:00",,
"2024-01-20 00:00:00",275,-51
"2024-01-21 00:00:00",343,-45
"2024-01-22 00:00:00",,
"2024-01-23 00:00:00",297,-34
"2024-01-24 00:00:00",188,-40
"2024-01-25 00:00:00",,
"2024-01-26 00:00:00",231,-30
"2024-01-27 00:00:00",330,-34
"2024-01-28 00:00:00",,
"2024-01-29 00:00:00",472,-60
"2024-01-30 00:00:00",,
"2024-01-31 00:00:00",218,-28
"2024-02-01 00:00:00",245,-24
"2024-02-02 00:00:00",,
"2024-02-03 00:00:00",274,-28
"2024-02-04 00:00:00",339,-42
"2024-02-05 00:00:00",,
"2024-02-06 00:00:00",318,-34
"2024-02-07 00:00:00",239,-22
"2024-02-08 00:00:00",,
"2024-02-09 00:00:00",285,-32
"2024-02-10 00:00:00",406,-24
"2024-02-11 00:00:00",,
"2024-02-12 00:00:00",402,-61
"2024-02-13 00:00:00",,
"2024-02-14 00:00:00",467,-16
"2024-02-15 00:00:00",,
"2024-02-16 00:00:00",341,-17
"2024-02-17 00:00:00",349,-35
"2024-02-18 00:00:00",,
"2024-02-19 00:00:00",377,-39
"2024-02-20 00:00:00",,
"2024-02-21 00:00:00",353,-29
"2024-02-22 00:00:00",232,-23
"2024-02-23 00:00:00",,
"2024-02-24 00:00:00",275,-32
"2024-02-25 00:00:00",,
"2024-02-26 00:00:00",396,-27
"2024-02-27 00:00:00",226,-38
"2024-02-28 00:00:00",,
"2024-02-29 00:00:00",240,-30
"2024-03-01 00:00:00",229,-42
"2024-03-02 00:00:00",,
"2024-03-03 00:00:00",456,-39
"2024-03-04 00:00:00",,
"2024-03-05 00:00:00",296,-15
"2024-03-06 00:00:00",,
"2024-03-07 00:00:00",220,-11
"2024-03-08 00:00:00",,
"2024-03-09 00:00:00",397,-30
"2024-03-10 00:00:00",,
"2024-03-11 00:00:00",318,-35
"2024-03-12 00:00:00",,
"2024-03-13 00:00:00",190,-22
"2024-03-14 00:00:00",228,-16
"2024-03-15 00:00:00",,
"2024-03-16 00:00:00",286,-29
"2024-03-17 00:00:00",,
"2024-03-18 00:00:00",361,-33
"2024-03-19 00:00:00",168,-46
"2024-03-20 00:00:00",,
"2024-03-21 00:00:00",209,-25
"2024-03-22 00:00:00",222,-20
"2024-03-23 00:00:00",,
"2024-03-24 00:00:00",319,-38
"2024-03-25 00:00:00",,
"2024-03-26 00:00:00",247,-31
"2024-03-27 00:00:00",185,-42
"2024-03-28 00:00:00",,
"2024-03-29 00:00:00",221,-35
"2024-03-30 00:00:00",232,-42
"2024-03-31 00:00:00",,
"2024-04-01 00:00:00",272,-34
"2024-04-02 00:00:00",194,-36
"2024-04-03 00:00:00",101,-15
"2024-04-04 00:00:00",,
"2024-04-05 00:00:00",262,-32
"2024-04-06 00:00:00",,
"2024-04-07 00:00:00",326,-40
"2024-04-08 00:00:00",144,-21
"2024-04-09 00:00:00",119,-4
"2024-04-10 00:00:00",116,-13
"2024-04-11 00:00:00",126,-22
"2024-04-12 00:00:00",115,-50
"2024-04-13 00:00:00",117,-24
"2024-04-14 00:00:00",145,-35
"2024-04-15 00:00:00",191,-19
"2024-04-16 00:00:00",137,-23
"2024-04-17 00:00:00",88,-18
"2024-04-18 00:00:00",174,-42
"2024-04-19 00:00:00",222,
"2024-04-20 00:00:00",136,
"2024-04-21 00:00:00",210,-15
"2024-04-22 00:00:00",237,-16
"2024-04-23 00:00:00",108,-7
"2024-04-24 00:00:00",82,-14
"2024-04-25 00:00:00",104,-7
"2024-04-26 00:00:00",108,-5
"2024-04-27 00:00:00",136,-14
"2024-04-28 00:00:00",186,-18
"2024-04-29 00:00:00",139,-18
"2024-04-30 00:00:00",135,-15
"2024-05-01 00:00:00",111,-53
"2024-05-02 00:00:00",78,-25
"2024-05-03 00:00:00",130,-28
"2024-05-04 00:00:00",133,-39
"2024-05-05 00:00:00",192,-23
"2024-05-06 00:00:00",164,-22
"2024-05-07 00:00:00",131,-38
"2024-05-08 00:00:00",105,-27
"2024-05-09 00:00:00",141,-29
"2024-05-10 00:00:00",98,-21
"2024-05-11 00:00:00",152,-32
"2024-05-12 00:00:00",160,-17
"2024-05-13 00:00:00",162,-26
"2024-05-14 00:00:00",103,-19
"2024-05-15 00:00:00",134,-12
"2024-05-16 00:00:00",40,-10
"2024-05-17 00:00:00",122,-29
"2024-05-18 00:00:00",140,-24
"2024-05-19 00:00:00",179,-27
"2024-05-20 00:00:00",134,-28
"2024-05-21 00:00:00",115,-50
"2024-05-22 00:00:00",85,-44
"2024-05-23 00:00:00",106,-60
"2024-05-24 00:00:00",72,-22
"2024-05-25 00:00:00",146,-30
"2024-05-26 00:00:00",150,-49
"2024-05-27 00:00:00",,-1428
"2024-05-28 00:00:00",,-700
"2024-05-29 00:00:00",,-296
"2024-05-30 00:00:00",52,-226
"2024-05-31 00:00:00",4,-171
"2024-06-01 00:00:00",,-322
"2024-06-02 00:00:00",,-539
"2024-06-03 00:00:00",,-3799
"2024-06-04 00:00:00",,-22245
"2024-06-05 00:00:00",,-22979
"2024-06-06 00:00:00",,-11806
"2024-06-07 00:00:00",,-4655
"2024-06-08 00:00:00",,-4101
"2024-06-09 00:00:00",,-3587
"2024-06-10 00:00:00",,-3108
"2024-06-11 00:00:00",,-2582
"2024-06-12 00:00:00",,-2713
"2024-06-13 00:00:00",,-1353
"2024-06-14 00:00:00",,-2086
"2024-06-15 00:00:00",,-627
"2024-06-16 00:00:00",,-1146
"2024-06-17 00:00:00",,-957
"2024-06-18 00:00:00",,-770
"2024-06-19 00:00:00",,-633
"2024-06-20 00:00:00",,-622
"2024-06-21 00:00:00",,-695
"2024-06-22 00:00:00",,-478
"2024-06-23 00:00:00",,-461
"2024-06-24 00:00:00",,-632
"2024-06-25 00:00:00",,-272
"2024-06-26 00:00:00",,-391
"2024-06-27 00:00:00",43,-372
"2024-06-28 00:00:00",185,
"2024-06-29 00:00:00",582,
"2024-06-30 00:00:00",652,
"2024-07-01 00:00:00",523,
"2024-07-02 00:00:00",926,
"2024-07-03 00:00:00",983,
"2024-07-04 00:00:00",650,
"2024-07-05 00:00:00",588,
"2024-07-06 00:00:00",865,
"2024-07-07 00:00:00",589,
"2024-07-08 00:00:00",596,
"2024-07-09 00:00:00",570,
"2024-07-10 00:00:00",580,
"2024-07-11 00:00:00",1013,
"2024-07-12 00:00:00",1190,
"2024-07-13 00:00:00",767,
"2024-07-14 00:00:00",699,
"2024-07-15 00:00:00",568,
"2024-07-16 00:00:00",527,
"2024-07-17 00:00:00",522,
"2024-07-18 00:00:00",587,
"2024-07-19 00:00:00",1655,
"2024-07-20 00:00:00",430,
"2024-07-21 00:00:00",778,
"2024-07-22 00:00:00",873,
"2024-07-23 00:00:00",477,
"2024-07-24 00:00:00",510,
"2024-07-25 00:00:00",848,
"2024-07-26 00:00:00",335,
"2024-07-27 00:00:00",463,
"2024-07-28 00:00:00",414,
"2024-07-29 00:00:00",461,
"2024-07-30 00:00:00",440,
"2024-07-31 00:00:00",491,
"2024-08-01 00:00:00",394,
"2024-08-02 00:00:00",680,
"2024-08-03 00:00:00",242,
"2024-08-04 00:00:00",465,
"2024-08-05 00:00:00",512,
"2024-08-06 00:00:00",576,
"2024-08-07 00:00:00",491,
"2024-08-08 00:00:00",394,
"2024-08-09 00:00:00",402,
"2024-08-10 00:00:00",428,
"2024-08-11 00:00:00",385,
"2024-08-12 00:00:00",374,
"2024-08-13 00:00:00",368,
"2024-08-14 00:00:00",385,
"2024-08-15 00:00:00",580,
"2024-08-16 00:00:00",226,
"2024-08-17 00:00:00",345,
"2024-08-18 00:00:00",394,
"2024-08-19 00:00:00",468,
"2024-08-20 00:00:00",165,
"2024-08-21 00:00:00",268,
"2024-08-22 00:00:00",306,
"2024-08-23 00:00:00",319,
"2024-08-24 00:00:00",338,
"2024-08-25 00:00:00",374,
"2024-08-26 00:00:00",321,
"2024-08-27 00:00:00",323,
"2024-08-28 00:00:00",379,
"2024-08-29 00:00:00",158,
"2024-08-30 00:00:00",287,
"2024-08-31 00:00:00",304,
"2024-09-01 00:00:00",313,
"2024-09-02 00:00:00",330,
"2024-09-03 00:00:00",247,
"2024-09-04 00:00:00",208,
"2024-09-05 00:00:00",228,
"2024-09-06 00:00:00",285,
"2024-09-07 00:00:00",216,
"2024-09-08 00:00:00",277,
"2024-09-09 00:00:00",362,
"2024-09-10 00:00:00",114,
"2024-09-11 00:00:00",212,
"2024-09-12 00:00:00",171,
"2024-09-13 00:00:00",250,
"2024-09-14 00:00:00",248,
"2024-09-15 00:00:00",296,
"2024-09-16 00:00:00",296,
"2024-09-17 00:00:00",353,
"2024-09-18 00:00:00",146,
"2024-09-19 00:00:00",256,
"2024-09-20 00:00:00",219,
"2024-09-21 00:00:00",274,
"2024-09-22 00:00:00",295,
"2024-09-23 00:00:00",244,
"2024-09-24 00:00:00",198,
"2024-09-25 00:00:00",279,
"2024-09-26 00:00:00",116,
"2024-09-27 00:00:00",217,
"2024-09-28 00:00:00",202,
"2024-09-29 00:00:00",266,
"2024-09-30 00:00:00",265,
"2024-10-01 00:00:00",199,
"2024-10-02 00:00:00",191,
"2024-10-03 00:00:00",255,
"2024-10-04 00:00:00",192,
"2024-10-05 00:00:00",254,
"2024-10-06 00:00:00",278,
"2024-10-07 00:00:00",231,
"2024-10-08 00:00:00",252,
"2024-10-09 00:00:00",154,
"2024-10-10 00:00:00",279,
"2024-10-11 00:00:00",265,
"2024-10-12 00:00:00",415,
"2024-10-13 00:00:00",325,
"2024-10-14 00:00:00",280,
"2024-10-15 00:00:00",194,
"2024-10-16 00:00:00",151,
"2024-10-17 00:00:00",228,
"2024-10-18 00:00:00",251,
"2024-10-19 00:00:00",181,
"2024-10-20 00:00:00",307,
"2024-10-21 00:00:00",221,
"2024-10-22 00:00:00",165,
"2024-10-23 00:00:00",225,
"2024-10-24 00:00:00",235,
"2024-10-25 00:00:00",293,
"2024-10-26 00:00:00",168,
"2024-10-27 00:00:00",240,
"2024-10-28 00:00:00",190,
"2024-10-29 00:00:00",210,
"2024-10-30 00:00:00",142,
"2024-10-31 00:00:00",194,
"2024-11-01 00:00:00",142,
"2024-11-02 00:00:00",188,
"2024-11-03 00:00:00",217,
"2024-11-04 00:00:00",229,
"2024-11-05 00:00:00",169,
"2024-11-06 00:00:00",165,
"2024-11-07 00:00:00",121,
"2024-11-08 00:00:00",157,
"2024-11-09 00:00:00",168,
"2024-11-10 00:00:00",199,
"2024-11-11 00:00:00",176,
"2024-11-12 00:00:00",154,
"2024-11-13 00:00:00",125,
"2024-11-14 00:00:00",252,
"2024-11-15 00:00:00",181,
"2024-11-16 00:00:00",103,
"2024-11-17 00:00:00",233,
"2024-11-18 00:00:00",243,
"2024-11-19 00:00:00",164,
"2024-11-20 00:00:00",86,
"2024-11-21 00:00:00",155,
"2024-11-22 00:00:00",176,
"2024-11-23 00:00:00",124,
"2024-11-24 00:00:00",205,
"2024-11-25 00:00:00",194,
"2024-11-26 00:00:00",198,
"2024-11-27 00:00:00",90,
"2024-11-28 00:00:00",2305,
"2024-11-29 00:00:00",2271,
"2024-11-30 00:00:00",1732,
"2024-12-01 00:00:00",741,
"2024-12-02 00:00:00",,
"2024-12-03 00:00:00",94,
"2024-12-04 00:00:00",2183,
"2024-12-05 00:00:00",496,
"2024-12-06 00:00:00",127,
"2024-12-07 00:00:00",200,
"2024-12-08 00:00:00",,
"2024-12-09 00:00:00",176,
"2024-12-10 00:00:00",207,
"2024-12-11 00:00:00",228,
"2024-12-12 00:00:00",162,
"2024-12-13 00:00:00",169,
"2024-12-14 00:00:00",177,
"2024-12-15 00:00:00",266,
"2024-12-16 00:00:00",166,
"2024-12-17 00:00:00",274,
"2024-12-18 00:00:00",76,
"2024-12-19 00:00:00",259,
"2024-12-20 00:00:00",157,
"2024-12-21 00:00:00",359,
"2024-12-22 00:00:00",255,
"2024-12-23 00:00:00",224,
"2024-12-24 00:00:00",296,
"2024-12-25 00:00:00",275,
"2024-12-26 00:00:00",213,
"2024-12-27 00:00:00",296,
"2024-12-28 00:00:00",293,
"2024-12-29 00:00:00",249,
"2024-12-30 00:00:00",347,
"2024-12-31 00:00:00",142,
"2025-01-01 00:00:00",304,
"2025-01-02 00:00:00",238,
"2025-01-03 00:00:00",242,
"2025-01-04 00:00:00",197,
"2025-01-05 00:00:00",353,
"2025-01-06 00:00:00",213,
"2025-01-07 00:00:00",243,
"2025-01-08 00:00:00",166,
"2025-01-09 00:00:00",191,
"2025-01-10 00:00:00",218,
"2025-01-11 00:00:00",321,
"2025-01-12 00:00:00",276,
"2025-01-13 00:00:00",223,
"2025-01-14 00:00:00",,
"2025-01-15 00:00:00",238,
"2025-01-16 00:00:00",95,
"2025-01-17 00:00:00",156,
"2025-01-18 00:00:00",206,
"2025-01-19 00:00:00",266,
"2025-01-20 00:00:00",222,
"2025-01-21 00:00:00",208,
"2025-01-22 00:00:00",213,
"2025-01-23 00:00:00",235,
"2025-01-24 00:00:00",223,
"2025-01-25 00:00:00",241,
"2025-01-26 00:00:00",235,
"2025-01-27 00:00:00",191,
"2025-01-28 00:00:00",199,
"2025-01-29 00:00:00",212,
"2025-01-30 00:00:00",183,
"2025-01-31 00:00:00",176,
"2025-02-01 00:00:00",233,
"2025-02-02 00:00:00",290,
"2025-02-03 00:00:00",228,
"2025-02-04 00:00:00",198,
"2025-02-05 00:00:00",183,
"2025-02-06 00:00:00",230,
"2025-02-07 00:00:00",195,
"2025-02-08 00:00:00",268,
"2025-02-09 00:00:00",345,
"2025-02-10 00:00:00",310,
"2025-02-11 00:00:00",115,
"2025-02-12 00:00:00",159,
"2025-02-13 00:00:00",95,
"2025-02-14 00:00:00",245,
"2025-02-15 00:00:00",163,
"2025-02-16 00:00:00",206,-54
"2025-02-17 00:00:00",182,-29
"2025-02-18 00:00:00",247,-2
"2025-02-19 00:00:00",292,
"2025-02-20 00:00:00",309,
"2025-02-21 00:00:00",225,
"2025-02-22 00:00:00",278,
"2025-02-23 00:00:00",265,
"2025-02-24 00:00:00",279,
"2025-02-25 00:00:00",190,
"2025-02-26 00:00:00",190,
"2025-02-27 00:00:00",247,
"2025-02-28 00:00:00",193,
"2025-03-01 00:00:00",273,
"2025-03-02 00:00:00",289,
"2025-03-03 00:00:00",261,
"2025-03-04 00:00:00",192,
"2025-03-05 00:00:00",334,
"2025-03-06 00:00:00",89,
"2025-03-07 00:00:00",214,
"2025-03-08 00:00:00",270,
"2025-03-09 00:00:00",223,
"2025-03-10 00:00:00",227,
"2025-03-11 00:00:00",156,
"2025-03-12 00:00:00",177,
"2025-03-13 00:00:00",188,
"2025-03-14 00:00:00",248,
"2025-03-15 00:00:00",246,
"2025-03-16 00:00:00",247,
"2025-03-17 00:00:00",226,
"2025-03-18 00:00:00",177,
"2025-03-19 00:00:00",206,
"2025-03-20 00:00:00",191,
"2025-03-21 00:00:00",196,
"2025-03-22 00:00:00",200,
"2025-03-23 00:00:00",220,
"2025-03-24 00:00:00",236,
"2025-03-25 00:00:00",192,
"2025-03-26 00:00:00",157,
"2025-03-27 00:00:00",149,
"2025-03-28 00:00:00",141,
"2025-03-29 00:00:00",201,
"2025-03-30 00:00:00",222,
"2025-03-31 00:00:00",161,
"2025-04-01 00:00:00",184,
"2025-04-02 00:00:00",188,
"2025-04-03 00:00:00",140,
"2025-04-04 00:00:00",118,
"2025-04-05 00:00:00",132,
"2025-04-06 00:00:00",190,
"2025-04-07 00:00:00",188,
"2025-04-08 00:00:00",156,
"2025-04-09 00:00:00",136,
"2025-04-10 00:00:00",159,
"2025-04-11 00:00:00",173,
"2025-04-12 00:00:00",250,
"2025-04-13 00:00:00",210,
"2025-04-14 00:00:00",203,
"2025-04-15 00:00:00",178,
"2025-04-16 00:00:00",170,
"2025-04-17 00:00:00",151,
"2025-04-18 00:00:00",162,
"2025-04-19 00:00:00",180,
"2025-04-20 00:00:00",191,
"2025-04-21 00:00:00",173,
"2025-04-22 00:00:00",150,
"2025-04-23 00:00:00",115,
"2025-04-24 00:00:00",115,
"2025-04-25 00:00:00",146,
"2025-04-26 00:00:00",176,
"2025-04-27 00:00:00",156,
"2025-04-28 00:00:00",170,
"2025-04-29 00:00:00",146,
"2025-04-30 00:00:00",130,
"2025-05-01 00:00:00",218,
"2025-05-02 00:00:00",223,
"2025-05-03 00:00:00",195,
"2025-05-04 00:00:00",199,
"2025-05-05 00:00:00",187,
"2025-05-06 00:00:00",160,
"2025-05-07 00:00:00",186,
"2025-05-08 00:00:00",201,
"2025-05-09 00:00:00",353,
"2025-05-10 00:00:00",870,
"2025-05-11 00:00:00",107,
"2025-05-12 00:00:00",699,
"2025-05-13 00:00:00",313,
"2025-05-14 00:00:00",145,
"2025-05-15 00:00:00",190,
"2025-05-16 00:00:00",248,
"2025-05-17 00:00:00",319,
"2025-05-18 00:00:00",294,
"2025-05-19 00:00:00",272,
"2025-05-20 00:00:00",178,
"2025-05-21 00:00:00",162,
"2025-05-22 00:00:00",169,
"2025-05-23 00:00:00",268,
"2025-05-24 00:00:00",311,
"2025-05-25 00:00:00",332,
"2025-05-26 00:00:00",268,
"2025-05-27 00:00:00",234,
"2025-05-28 00:00:00",179,
"2025-05-29 00:00:00",219,
"2025-05-30 00:00:00",149,
"2025-05-31 00:00:00",239,
"2025-06-01 00:00:00",195,
"2025-06-02 00:00:00",221,
"2025-06-03 00:00:00",193,
"2025-06-04 00:00:00",276,
"2025-06-05 00:00:00",189,
"2025-06-06 00:00:00",257,
"2025-06-07 00:00:00",167,
"2025-06-08 00:00:00",256,
"2025-06-09 00:00:00",240,
"2025-06-10 00:00:00",218,
"2025-06-11 00:00:00",202,
"2025-06-12 00:00:00",218,
"2025-06-13 00:00:00",243,
"2025-06-14 00:00:00",231,
"2025-06-15 00:00:00",214,
"2025-06-16 00:00:00",235,
"2025-06-17 00:00:00",209,
"2025-06-18 00:00:00",208,
"2025-06-19 00:00:00",271,
"2025-06-20 00:00:00",234,
"2025-06-21 00:00:00",214,
"2025-06-22 00:00:00",178,
"2025-06-23 00:00:00",190,
"2025-06-24 00:00:00",248,
"2025-06-25 00:00:00",227,
"2025-06-26 00:00:00",267,
"2025-06-27 00:00:00",223,
"2025-06-28 00:00:00",205,
"2025-06-29 00:00:00",195,
"2025-06-30 00:00:00",255,
"2025-07-01 00:00:00",240,
"2025-07-02 00:00:00",309,
"2025-07-03 00:00:00",151,
"2025-07-04 00:00:00",177,
"2025-07-05 00:00:00",227,
"2025-07-06 00:00:00",212,
"2025-07-07 00:00:00",200,
"2025-07-08 00:00:00",232,
"2025-07-09 00:00:00",223,
"2025-07-10 00:00:00",237,
"2025-07-11 00:00:00",165,
"2025-07-12 00:00:00",212,
"2025-07-13 00:00:00",207,
"2025-07-14 00:00:00",206,
"2025-07-15 00:00:00",209,
"2025-07-16 00:00:00",203,
"2025-07-17 00:00:00",193,
"2025-07-18 00:00:00",197,
"2025-07-19 00:00:00",182,
"2025-07-20 00:00:00",190,
"2025-07-21 00:00:00",179,
"2025-07-22 00:00:00",189,
"2025-07-23 00:00:00",183,
"2025-07-24 00:00:00",381,
"2025-07-25 00:00:00",446,
"2025-07-26 00:00:00",210,
"2025-07-27 00:00:00",293,
"2025-07-28 00:00:00",228,
"2025-07-29 00:00:00",173,
"2025-07-30 00:00:00",283,
"2025-07-31 00:00:00",159,
"2025-08-01 00:00:00",339,
"2025-08-02 00:00:00",121,
"2025-08-03 00:00:00",213,
"2025-08-04 00:00:00",222,
"2025-08-05 00:00:00",204,
"2025-08-06 00:00:00",209,
"2025-08-07 00:00:00",296,
"2025-08-08 00:00:00",108,
"2025-08-09 00:00:00",199,
"2025-08-10 00:00:00",153,
"2025-08-11 00:00:00",184,
"2025-08-12 00:00:00",227,
"2025-08-13 00:00:00",172,
"2025-08-14 00:00:00",339,
"2025-08-15 00:00:00",152,
"2025-08-16 00:00:00",272,
"2025-08-17 00:00:00",182,
"2025-08-18 00:00:00",238,
"2025-08-19 00:00:00",194,
"2025-08-20 00:00:00",179,
"2025-08-21 00:00:00",148,
"2025-08-22 00:00:00",175,
"2025-08-23 00:00:00",190,
"2025-08-24 00:00:00",200,
"2025-08-25 00:00:00",226,
"2025-08-26 00:00:00",182,
"2025-08-27 00:00:00",299,
"2025-08-28 00:00:00",78,
"2025-08-29 00:00:00",185,
"2025-08-30 00:00:00",223,
"2025-08-31 00:00:00",197,
"2025-09-01 00:00:00",238,
"2025-09-02 00:00:00",211,
"2025-09-03 00:00:00",179,
"2025-09-04 00:00:00",149,
"2025-09-05 00:00:00",161,
"2025-09-06 00:00:00",226,
"2025-09-07 00:00:00",254,
"2025-09-08 00:00:00",245,
"2025-09-09 00:00:00",114,
"2025-09-10 00:00:00",269,
"2025-09-11 00:00:00",111,
"2025-09-12 00:00:00",167,
"2025-09-13 00:00:00",,
"2025-09-14 00:00:00",522,
"2025-09-15 00:00:00",222,
"2025-09-16 00:00:00",140,
"2025-09-17 00:00:00",214,
"2025-09-18 00:00:00",168,
"2025-09-19 00:00:00",159,
"2025-09-20 00:00:00",214,
"2025-09-21 00:00:00",256,
"2025-09-22 00:00:00",213,
"2025-09-23 00:00:00",180,
"2025-09-24 00:00:00",166,
"2025-09-25 00:00:00",119,
"2025-09-26 00:00:00",184,
"2025-09-27 00:00:00",252,
"2025-09-28 00:00:00",195,
"2025-09-29 00:00:00",199,
"2025-09-30 00:00:00",164,
"2025-10-01 00:00:00",175,
"2025-10-02 00:00:00",132,
"2025-10-03 00:00:00",150,
"2025-10-04 00:00:00",232,
"2025-10-05 00:00:00",219,
"2025-10-06 00:00:00",247,
"2025-10-07 00:00:00",163,
"2025-10-08 00:00:00",173,
"2025-10-09 00:00:00",193,
"2025-10-10 00:00:00",386,-7
"2025-10-11 00:00:00",167,
"2025-10-12 00:00:00",255,-18
"2025-10-13 00:00:00",279,
"2025-10-14 00:00:00",91,
"2025-10-15 00:00:00",308,
"2025-10-16 00:00:00",57,
"2025-10-17 00:00:00",165,
"2025-10-18 00:00:00",182,
"2025-10-19 00:00:00",187,
"2025-10-20 00:00:00",186,
"2025-10-21 00:00:00",91,-69
"2025-10-22 00:00:00",88,-31
"2025-10-23 00:00:00",186,-7
"2025-10-24 00:00:00",68,
"2025-10-25 00:00:00",245,
"2025-10-26 00:00:00",175,
"2025-10-27 00:00:00",247,
"2025-10-28 00:00:00",64,
"2025-10-29 00:00:00",122,
"2025-10-30 00:00:00",220,
"2025-10-31 00:00:00",60,
"2025-11-01 00:00:00",146,
"2025-11-02 00:00:00",158,
"2025-11-03 00:00:00",122,
"2025-11-04 00:00:00",125,
"2025-11-05 00:00:00",84,
"2025-11-06 00:00:00",66,
"2025-11-07 00:00:00",159,
"2025-11-08 00:00:00",47,-8
"2025-11-09 00:00:00",232,
"2025-11-10 00:00:00",142,
"2025-11-11 00:00:00",110,-3
"2025-11-12 00:00:00",89,
"2025-11-13 00:00:00",84,
"2025-11-14 00:00:00",102,
"2025-11-15 00:00:00",154,
"2025-11-16 00:00:00",160,
"2025-11-17 00:00:00",176,
"2025-11-18 00:00:00",103,
"2025-11-19 00:00:00",91,
"2025-11-20 00:00:00",102,
"2025-11-21 00:00:00",94,
"2025-11-22 00:00:00",144,
"2025-11-23 00:00:00",166,
"2025-11-24 00:00:00",148,
"2025-11-25 00:00:00",2151,
"2025-11-26 00:00:00",1085,
"2025-11-27 00:00:00",941,
"2025-11-28 00:00:00",1274,
"2025-11-29 00:00:00",3911,
"2025-11-30 00:00:00",3108,
"2025-12-01 00:00:00",464,-32
"2025-12-02 00:00:00",530,
"2025-12-03 00:00:00",124,
"2025-12-04 00:00:00",131,
"2025-12-05 00:00:00",105,
"2025-12-06 00:00:00",153,
"2025-12-07 00:00:00",189,
"2025-12-08 00:00:00",162,
"2025-12-09 00:00:00",189,
"2025-12-10 00:00:00",210,
"2025-12-11 00:00:00",250,
"2025-12-12 00:00:00",83,
"2025-12-13 00:00:00",209,
"2025-12-14 00:00:00",216,
"2025-12-15 00:00:00",160,
"2025-12-16 00:00:00",128,
"2025-12-17 00:00:00",140,
"2025-12-18 00:00:00",213,
"2025-12-19 00:00:00",143,
"2025-12-20 00:00:00",116,
"2025-12-21 00:00:00",165,
"2025-12-22 00:00:00",165,
"2025-12-23 00:00:00",137,
"2025-12-24 00:00:00",213,
"2025-12-25 00:00:00",105,
"2025-12-26 00:00:00",287,
"2025-12-27 00:00:00",176,
"2025-12-28 00:00:00",210,
"2025-12-29 00:00:00",192,
"2025-12-30 00:00:00",174,
"2025-12-31 00:00:00",176,-1
"2026-01-01 00:00:00",231,
"2026-01-02 00:00:00",176,
"2026-01-03 00:00:00",180,
"2026-01-04 00:00:00",181,
"2026-01-05 00:00:00",200,
"2026-01-06 00:00:00",174,
"2026-01-07 00:00:00",160,
"2026-01-08 00:00:00",175,
"2026-01-09 00:00:00",169,
"2026-01-10 00:00:00",307,
"2026-01-11 00:00:00",199,
"2026-01-12 00:00:00",177,
"2026-01-13 00:00:00",170,
"2026-01-14 00:00:00",92,
"2026-01-15 00:00:00",,
"2026-01-16 00:00:00",31,
"2026-01-17 00:00:00",190,
"2026-01-18 00:00:00",210,
"2026-01-19 00:00:00",180,
"2026-01-20 00:00:00",140,
"2026-01-21 00:00:00",147,
"2026-01-22 00:00:00",117,
"2026-01-23 00:00:00",165,
"2026-01-24 00:00:00",174,
"2026-01-25 00:00:00",208,
"2026-01-26 00:00:00",198,
"2026-01-27 00:00:00",148,
"2026-01-28 00:00:00",178,
"2026-01-29 00:00:00",203,
"2026-01-30 00:00:00",182,
"2026-01-31 00:00:00",245,
"2026-02-01 00:00:00",214,
"2026-02-02 00:00:00",221,
"2026-02-03 00:00:00",172,
"2026-02-04 00:00:00",168,-2
"2026-02-05 00:00:00",153,
"2026-02-06 00:00:00",186,
"2026-02-07 00:00:00",257,
"2026-02-08 00:00:00",263,
"2026-02-09 00:00:00",233,
"2026-02-10 00:00:00",200,
"2026-02-11 00:00:00",178,
"2026-02-12 00:00:00",239,
"2026-02-13 00:00:00",127,
"2026-02-14 00:00:00",,
"2026-02-15 00:00:00",219,
"2026-02-16 00:00:00",231,
"2026-02-17 00:00:00",208,
"2026-02-18 00:00:00",166,
"2026-02-19 00:00:00",129,
"2026-02-20 00:00:00",134,
"2026-02-21 00:00:00",202,-14
"2026-02-22 00:00:00",193,
"2026-02-23 00:00:00",222,
"2026-02-24 00:00:00",194,
"2026-02-25 00:00:00",173,
"2026-02-26 00:00:00",169,
"2026-02-27 00:00:00",194,-3
"2026-02-28 00:00:00",125,
"2026-03-01 00:00:00",247,
"2026-03-02 00:00:00",145,-7
"2026-03-03 00:00:00",188,
"2026-03-04 00:00:00",141,
"2026-03-05 00:00:00",134,
"2026-03-06 00:00:00",260,
"2026-03-07 00:00:00",277,
"2026-03-08 00:00:00",255,
"2026-03-09 00:00:00",219,
"2026-03-10 00:00:00",149,
"2026-03-11 00:00:00",251,
"2026-03-12 00:00:00",120,
"2026-03-13 00:00:00",190,
"2026-03-14 00:00:00",173,
"2026-03-15 00:00:00",242,
"2026-03-16 00:00:00",202,
"2026-03-17 00:00:00",164,-2
"2026-03-18 00:00:00",141,-1
"2026-03-19 00:00:00",170,
"2026-03-20 00:00:00",161,
"2026-03-21 00:00:00",148,
"2026-03-22 00:00:00",309,
"2026-03-23 00:00:00",168,
"2026-03-24 00:00:00",141,
"2026-03-25 00:00:00",153,-6
"2026-03-26 00:00:00",135,
"2026-03-27 00:00:00",109,
"2026-03-28 00:00:00",182,
"2026-03-29 00:00:00",229,
"2026-03-30 00:00:00",223,
"2026-03-31 00:00:00",102,
"2026-04-01 00:00:00",138,
"2026-04-02 00:00:00",250,
"2026-04-03 00:00:00",180,
"2026-04-04 00:00:00",123,
"2026-04-05 00:00:00",180,
"2026-04-06 00:00:00",155,
"2026-04-07 00:00:00",249,-1
"2026-04-08 00:00:00",79,
"2026-04-09 00:00:00",157,
"2026-04-10 00:00:00",192,-8
"2026-04-11 00:00:00",218,
"2026-04-12 00:00:00",309,
"2026-04-13 00:00:00",175,-1
"2026-04-14 00:00:00",156,
"2026-04-15 00:00:00",132,
"2026-04-16 00:00:00",166,
"2026-04-17 00:00:00",308,-3
"2026-04-18 00:00:00",240,-6
"2026-04-19 00:00:00",283,-9
"2026-04-20 00:00:00",242,
"2026-04-21 00:00:00",171,
"2026-04-22 00:00:00",138,-1
"2026-04-23 00:00:00",142,
"2026-04-24 00:00:00",182,
"2026-04-25 00:00:00",272,
"2026-04-26 00:00:00",193,
"2026-04-27 00:00:00",274,-2
"2026-04-28 00:00:00",124,-2
"2026-04-29 00:00:00",115,
"2026-04-30 00:00:00",165,
"2026-05-01 00:00:00",206,
"2026-05-02 00:00:00",163,-7
"2026-05-03 00:00:00",189,
"2026-05-04 00:00:00",139,
"2026-05-05 00:00:00",108,-2
"2026-05-06 00:00:00",201,-2
"2026-05-07 00:00:00",68,
"2026-05-08 00:00:00",108,
"2026-05-09 00:00:00",162,
"2026-05-10 00:00:00",156,
"2026-05-11 00:00:00",181,
"2026-05-12 00:00:00",128,
"2026-05-13 00:00:00",132,
"2026-05-14 00:00:00",94,-4
"2026-05-15 00:00:00",144,
"2026-05-16 00:00:00",155,
"2026-05-17 00:00:00",198,
"2026-05-18 00:00:00",186,
"2026-05-19 00:00:00",118,
"2026-05-20 00:00:00",122,
"2026-05-21 00:00:00",92,-4
"2026-05-22 00:00:00",213,
"2026-05-23 00:00:00",172,-9
"2026-05-24 00:00:00",209,-43
"2026-05-25 00:00:00",256,-33
"2026-05-26 00:00:00",177,-5
"2026-05-27 00:00:00",240,-7
"2026-05-28 00:00:00",256,
"2026-05-29 00:00:00",170,
"2026-05-30 00:00:00",159,-4
"2026-05-31 00:00:00",227,-10
"2026-06-01 00:00:00",180,
"2026-06-02 00:00:00",174,-7
"2026-06-03 00:00:00",309,
"2026-06-04 00:00:00",151,-8
"2026-06-05 00:00:00",187,-5
"2026-06-06 00:00:00",163,-5
"2026-06-07 00:00:00",170,-3
"2026-06-08 00:00:00",155,-14
"2026-06-09 00:00:00",227,-1
"2026-06-10 00:00:00",168,
"2026-06-11 00:00:00",195,
"2026-06-12 00:00:00",364,
"2026-06-13 00:00:00",220,
"2026-06-14 00:00:00",168,-3
"2026-06-15 00:00:00",192,
"2026-06-16 00:00:00",257,
"2026-06-17 00:00:00",134,
"2026-06-18 00:00:00",167,
"2026-06-19 00:00:00",212,
"2026-06-20 00:00:00",179,-3
"2026-06-21 00:00:00",153,-4
"2026-06-22 00:00:00",130,-10
"2026-06-23 00:00:00",172,
"2026-06-24 00:00:00",162,
"2026-06-25 00:00:00",144,
"2026-06-26 00:00:00",144,-8
"2026-06-27 00:00:00",203,
"2026-06-28 00:00:00",162,
"2026-06-29 00:00:00",108,-9
"2026-06-30 00:00:00",154,
"2026-07-01 00:00:00",124,-10
"2026-07-02 00:00:00",134,
"2026-07-03 00:00:00",224,-5
"2026-07-04 00:00:00",150,
"2026-07-05 00:00:00",168,-5
"2026-07-06 00:00:00",148,-2
"2026-07-07 00:00:00",179,-5
"2026-07-08 00:00:00",409,
"2026-07-09 00:00:00",184,-15
"2026-07-10 00:00:00",220,-5
"2026-07-11 00:00:00",158,
"2026-07-12 00:00:00",150,-15
"2026-07-13 00:00:00",132,-10
"2026-07-14 00:00:00",235,-9
"2026-07-15 00:00:00",125,-2
"2026-07-16 00:00:00",215,