"DateTime","Positive reviews","Negative reviews"
"2016-05-09 00:00:00",4,
"2016-05-10 00:00:00",570,-34
"2016-05-11 00:00:00",1345,-61
"2016-05-12 00:00:00",696,-44
"2016-05-13 00:00:00",488,-48
"2016-05-14 00:00:00",325,-53
"2016-05-15 00:00:00",288,-70
"2016-05-16 00:00:00",331,-60
"2016-05-17 00:00:00",275,-53
"2016-05-18 00:00:00",198,-38
"2016-05-19 00:00:00",150,-35
"2016-05-20 00:00:00",134,-35
"2016-05-21 00:00:00",110,-16
"2016-05-22 00:00:00",111,-41
"2016-05-23 00:00:00",100,-31
"2016-05-24 00:00:00",93,-39
"2016-05-25 00:00:00",88,-47
"2016-05-26 00:00:00",84,-34
"2016-05-27 00:00:00",74,-28
"2016-05-28 00:00:00",76,-17
"2016-05-29 00:00:00",78,-11
"2016-05-30 00:00:00",52,-29
"2016-05-31 00:00:00",65,-11
"2016-06-01 00:00:00",46,-11
"2016-06-02 00:00:00",46,-12
"2016-06-03 00:00:00",30,-7
"2016-06-04 00:00:00",58,-12
"2016-06-05 00:00:00",44,-13
"2016-06-06 00:00:00",47,-13
"2016-06-07 00:00:00",38,-16
"2016-06-08 00:00:00",34,-3
"2016-06-09 00:00:00",35,-8
"2016-06-10 00:00:00",25,-9
"2016-06-11 00:00:00",23,-5
"2016-06-12 00:00:00",34,-7
"2016-06-13 00:00:00",25,-11
"2016-06-14 00:00:00",21,-10
"2016-06-15 00:00:00",18,-2
"2016-06-16 00:00:00",18,-4
"2016-06-17 00:00:00",14,-7
"2016-06-18 00:00:00",15,-5
"2016-06-19 00:00:00",14,-14
"2016-06-20 00:00:00",21,-7
"2016-06-21 00:00:00",9,-10
"2016-06-22 00:00:00",21,-2
"2016-06-23 00:00:00",19,-4
"2016-06-24 00:00:00",39,-5
"2016-06-25 00:00:00",38,-8
"2016-06-26 00:00:00",37,-6
"2016-06-27 00:00:00",41,-5
"2016-06-28 00:00:00",39,-3
"2016-06-29 00:00:00",32,-7
"2016-06-30 00:00:00",28,-11
"2016-07-01 00:00:00",28,-8
"2016-07-02 00:00:00",28,-3
"2016-07-03 00:00:00",32,-11
"2016-07-04 00:00:00",43,-13
"2016-07-05 00:00:00",47,-2
"2016-07-06 00:00:00",25,-5
"2016-07-07 00:00:00",24,-5
"2016-07-08 00:00:00",23,-3
"2016-07-09 00:00:00",17,-3
"2016-07-10 00:00:00",22,-4
"2016-07-11 00:00:00",17,-5
"2016-07-12 00:00:00",22,-2
"2016-07-13 00:00:00",14,-7
"2016-07-14 00:00:00",20,-4
"2016-07-15 00:00:00",17,-2
"2016-07-16 00:00:00",22,
"2016-07-17 00:00:00",12,-1
"2016-07-18 00:00:00",20,-5
"2016-07-19 00:00:00",14,-2
"2016-07-20 00:00:00",13,-3
"2016-07-21 00:00:00",13,-4
"2016-07-22 00:00:00",12,
"2016-07-23 00:00:00",13,-1
"2016-07-24 00:00:00",12,-1
"2016-07-25 00:00:00",12,-4
"2016-07-26 00:00:00",11,-2
"2016-07-27 00:00:00",8,-2
"2016-07-28 00:00:00",12,-2
"2016-07-29 00:00:00",16,-1
"2016-07-30 00:00:00",18,-6
"2016-07-31 00:00:00",16,-2
"2016-08-01 00:00:00",12,-5
"2016-08-02 00:00:00",8,
"2016-08-03 00:00:00",13,
"2016-08-04 00:00:00",10,-8
"2016-08-05 00:00:00",32,-7
"2016-08-06 00:00:00",14,-12
"2016-08-07 00:00:00",12,-6
"2016-08-08 00:00:00",23,-1
"2016-08-09 00:00:00",13,-5
"2016-08-10 00:00:00",19,-4
"2016-08-11 00:00:00",11,-3
"2016-08-12 00:00:00",16,-2
"2016-08-13 00:00:00",10,
"2016-08-14 00:00:00",24,-7
"2016-08-15 00:00:00",21,-6
"2016-08-16 00:00:00",17,-1
"2016-08-17 00:00:00",10,-3
"2016-08-18 00:00:00",8,-4
"2016-08-19 00:00:00",8,
"2016-08-20 00:00:00",14,-1
"2016-08-21 00:00:00",20,-2
"2016-08-22 00:00:00",14,-1
"2016-08-23 00:00:00",21,-1
"2016-08-24 00:00:00",15,-3
"2016-08-25 00:00:00",10,
"2016-08-26 00:00:00",11,
"2016-08-27 00:00:00",12,-2
"2016-08-28 00:00:00",11,-5
"2016-08-29 00:00:00",19,-4
"2016-08-30 00:00:00",19,-4
"2016-08-31 00:00:00",17,-4
"2016-09-01 00:00:00",18,-2
"2016-09-02 00:00:00",11,
"2016-09-03 00:00:00",38,-2
"2016-09-04 00:00:00",27,-7
"2016-09-05 00:00:00",34,-7
"2016-09-06 00:00:00",26,-11
"2016-09-07 00:00:00",13,-3
"2016-09-08 00:00:00",20,-3
"2016-09-09 00:00:00",10,-3
"2016-09-10 00:00:00",11,-2
"2016-09-11 00:00:00",8,-4
"2016-09-12 00:00:00",12,-1
"2016-09-13 00:00:00",9,
"2016-09-14 00:00:00",11,-4
"2016-09-15 00:00:00",2,-1
"2016-09-16 00:00:00",23,-3
"2016-09-17 00:00:00",17,-1
"2016-09-18 00:00:00",11,-5
"2016-09-19 00:00:00",18,-5
"2016-09-20 00:00:00",18,-2
"2016-09-21 00:00:00",8,-1
"2016-09-22 00:00:00",15,-2
"2016-09-23 00:00:00",7,
"2016-09-24 00:00:00",8,-2
"2016-09-25 00:00:00",8,
"2016-09-26 00:00:00",12,-3
"2016-09-27 00:00:00",11,-1
"2016-09-28 00:00:00",8,-1
"2016-09-29 00:00:00",7,-1
"2016-09-30 00:00:00",12,
"2016-10-01 00:00:00",16,-4
"2016-10-02 00:00:00",10,-4
"2016-10-03 00:00:00",15,-3
"2016-10-04 00:00:00",14,-2
"2016-10-05 00:00:00",13,-1
"2016-10-06 00:00:00",15,-2
"2016-10-07 00:00:00",17,
"2016-10-08 00:00:00",10,-1
"2016-10-09 00:00:00",19,
"2016-10-10 00:00:00",11,-6
"2016-10-11 00:00:00",10,-2
"2016-10-12 00:00:00",9,
"2016-10-13 00:00:00",7,
"2016-10-14 00:00:00",11,-3
"2016-10-15 00:00:00",11,-5
"2016-10-16 00:00:00",13,-1
"2016-10-17 00:00:00",15,-5
"2016-10-18 00:00:00",26,
"2016-10-19 00:00:00",17,
"2016-10-20 00:00:00",29,-1
"2016-10-21 00:00:00",65,-4
"2016-10-22 00:00:00",57,-4
"2016-10-23 00:00:00",43,-3
"2016-10-24 00:00:00",50,-11
"2016-10-25 00:00:00",37,-9
"2016-10-26 00:00:00",19,-3
"2016-10-27 00:00:00",21,-1
"2016-10-28 00:00:00",20,-5
"2016-10-29 00:00:00",15,-2
"2016-10-30 00:00:00",28,-5
"2016-10-31 00:00:00",29,-3
"2016-11-01 00:00:00",13,-7
"2016-11-02 00:00:00",17,-4
"2016-11-03 00:00:00",21,-4
"2016-11-04 00:00:00",20,-3
"2016-11-05 00:00:00",7,
"2016-11-06 00:00:00",9,-6
"2016-11-07 00:00:00",12,-1
"2016-11-08 00:00:00",10,-8
"2016-11-09 00:00:00",17,-1
"2016-11-10 00:00:00",8,
"2016-11-11 00:00:00",11,-1
"2016-11-12 00:00:00",13,
"2016-11-13 00:00:00",23,-1
"2016-11-14 00:00:00",10,
"2016-11-15 00:00:00",16,
"2016-11-16 00:00:00",8,-3
"2016-11-17 00:00:00",6,-4
"2016-11-18 00:00:00",7,
"2016-11-19 00:00:00",8,-2
"2016-11-20 00:00:00",10,-5
"2016-11-21 00:00:00",12,-5
"2016-11-22 00:00:00",11,-5
"2016-11-23 00:00:00",6,-2
"2016-11-24 00:00:00",236,-1
"2016-11-25 00:00:00",574,-3
"2016-11-26 00:00:00",309,-4
"2016-11-27 00:00:00",233,-2
"2016-11-28 00:00:00",217,-5
"2016-11-29 00:00:00",121,-5
"2016-11-30 00:00:00",100,-4
"2016-12-01 00:00:00",18,-1
"2016-12-02 00:00:00",13,-4
"2016-12-03 00:00:00",19,-2
"2016-12-04 00:00:00",14,-2
"2016-12-05 00:00:00",9,-3
"2016-12-06 00:00:00",40,
"2016-12-07 00:00:00",113,
"2016-12-08 00:00:00",41,
"2016-12-09 00:00:00",37,-3
"2016-12-10 00:00:00",42,-4
"2016-12-11 00:00:00",39,-13
"2016-12-12 00:00:00",28,-5
"2016-12-13 00:00:00",16,-8
"2016-12-14 00:00:00",16,-4
"2016-12-15 00:00:00",16,-4
"2016-12-16 00:00:00",15,-2
"2016-12-17 00:00:00",12,-2
"2016-12-18 00:00:00",14,-4
"2016-12-19 00:00:00",10,
"2016-12-20 00:00:00",8,-6
"2016-12-21 00:00:00",5,
"2016-12-22 00:00:00",18,-1
"2016-12-23 00:00:00",21,-1
"2016-12-24 00:00:00",17,-6
"2016-12-25 00:00:00",38,-3
"2016-12-26 00:00:00",27,-9
"2016-12-27 00:00:00",32,-2
"2016-12-28 00:00:00",24,-5
"2016-12-29 00:00:00",24,-3
"2016-12-30 00:00:00",24,-4
"2016-12-31 00:00:00",25,-3
"2017-01-01 00:00:00",,
"2017-01-02 00:00:00",36,-11
"2017-01-03 00:00:00",38,-5
"2017-01-04 00:00:00",20,-5
"2017-01-05 00:00:00",21,-4
"2017-01-06 00:00:00",16,
"2017-01-07 00:00:00",19,-3
"2017-01-08 00:00:00",22,-4
"2017-01-09 00:00:00",13,-2
"2017-01-10 00:00:00",19,-1
"2017-01-11 00:00:00",8,-3
"2017-01-12 00:00:00",16,-2
"2017-01-13 00:00:00",14,-6
"2017-01-14 00:00:00",16,-6
"2017-01-15 00:00:00",15,-1
"2017-01-16 00:00:00",14,-1
"2017-01-17 00:00:00",16,-6
"2017-01-18 00:00:00",28,-3
"2017-01-19 00:00:00",44,-1
"2017-01-20 00:00:00",31,-4
"2017-01-21 00:00:00",31,-3
"2017-01-22 00:00:00",22,-5
"2017-01-23 00:00:00",22,-4
"2017-01-24 00:00:00",15,-3
"2017-01-25 00:00:00",12,-5
"2017-01-26 00:00:00",9,
"2017-01-27 00:00:00",10,-5
"2017-01-28 00:00:00",14,-2
"2017-01-29 00:00:00",13,
"2017-01-30 00:00:00",18,-2
"2017-01-31 00:00:00",16,-3
"2017-02-01 00:00:00",11,
"2017-02-02 00:00:00",12,-2
"2017-02-03 00:00:00",10,-2
"2017-02-04 00:00:00",16,-3
"2017-02-05 00:00:00",23,-1
"2017-02-06 00:00:00",14,-1
"2017-02-07 00:00:00",23,-2
"2017-02-08 00:00:00",13,-1
"2017-02-09 00:00:00",16,
"2017-02-10 00:00:00",12,-1
"2017-02-11 00:00:00",17,-4
"2017-02-12 00:00:00",10,-1
"2017-02-13 00:00:00",22,-5
"2017-02-14 00:00:00",14,
"2017-02-15 00:00:00",12,-4
"2017-02-16 00:00:00",15,-2
"2017-02-17 00:00:00",7,-3
"2017-02-18 00:00:00",13,
"2017-02-19 00:00:00",21,-2
"2017-02-20 00:00:00",17,-1
"2017-02-21 00:00:00",10,
"2017-02-22 00:00:00",14,-2
"2017-02-23 00:00:00",17,-4
"2017-02-24 00:00:00",10,-4
"2017-02-25 00:00:00",15,
"2017-02-26 00:00:00",14,-1
"2017-02-27 00:00:00",14,-3
"2017-02-28 00:00:00",11,-1
"2017-03-01 00:00:00",15,-2
"2017-03-02 00:00:00",16,-2
"2017-03-03 00:00:00",14,-4
"2017-03-04 00:00:00",8,-1
"2017-03-05 00:00:00",8,-2
"2017-03-06 00:00:00",9,-4
"2017-03-07 00:00:00",22,
"2017-03-08 00:00:00",13,-1
"2017-03-09 00:00:00",19,
"2017-03-10 00:00:00",14,-1
"2017-03-11 00:00:00",12,-2
"2017-03-12 00:00:00",17,-1
"2017-03-13 00:00:00",7,-2
"2017-03-14 00:00:00",15,-2
"2017-03-15 00:00:00",10,-1
"2017-03-16 00:00:00",11,-2
"2017-03-17 00:00:00",5,
"2017-03-18 00:00:00",11,
"2017-03-19 00:00:00",13,-5
"2017-03-20 00:00:00",12,-3
"2017-03-21 00:00:00",7,
"2017-03-22 00:00:00",9,
"2017-03-23 00:00:00",12,
"2017-03-24 00:00:00",7,
"2017-03-25 00:00:00",13,-1
"2017-03-26 00:00:00",12,-2
"2017-03-27 00:00:00",14,-2
"2017-03-28 00:00:00",8,-3
"2017-03-29 00:00:00",15,
"2017-03-30 00:00:00",5,
"2017-03-31 00:00:00",17,
"2017-04-01 00:00:00",23,
"2017-04-02 00:00:00",13,
"2017-04-03 00:00:00",11,-2
"2017-04-04 00:00:00",20,
"2017-04-05 00:00:00",23,
"2017-04-06 00:00:00",35,-2
"2017-04-07 00:00:00",83,
"2017-04-08 00:00:00",75,-5
"2017-04-09 00:00:00",55,-13
"2017-04-10 00:00:00",77,-15
"2017-04-11 00:00:00",51,-4
"2017-04-12 00:00:00",47,-7
"2017-04-13 00:00:00",27,-10
"2017-04-14 00:00:00",61,-2
"2017-04-15 00:00:00",40,-2
"2017-04-16 00:00:00",37,-5
"2017-04-17 00:00:00",31,-4
"2017-04-18 00:00:00",30,-3
"2017-04-19 00:00:00",25,-4
"2017-04-20 00:00:00",40,-2
"2017-04-21 00:00:00",31,-2
"2017-04-22 00:00:00",19,-1
"2017-04-23 00:00:00",25,-2
"2017-04-24 00:00:00",16,-6
"2017-04-25 00:00:00",23,
"2017-04-26 00:00:00",19,-1
"2017-04-27 00:00:00",17,
"2017-04-28 00:00:00",13,-1
"2017-04-29 00:00:00",17,
"2017-04-30 00:00:00",28,
"2017-05-01 00:00:00",29,-3
"2017-05-02 00:00:00",32,-3
"2017-05-03 00:00:00",15,-2
"2017-05-04 00:00:00",13,-3
"2017-05-05 00:00:00",17,-3
"2017-05-06 00:00:00",19,-2
"2017-05-07 00:00:00",13,
"2017-05-08 00:00:00",22,-9
"2017-05-09 00:00:00",26,-2
"2017-05-10 00:00:00",58,
"2017-05-11 00:00:00",89,-2
"2017-05-12 00:00:00",48,-12
"2017-05-13 00:00:00",46,-7
"2017-05-14 00:00:00",54,-8
"2017-05-15 00:00:00",56,-5
"2017-05-16 00:00:00",44,-7
"2017-05-17 00:00:00",49,-6
"2017-05-18 00:00:00",19,-7
"2017-05-19 00:00:00",36,-17
"2017-05-20 00:00:00",25,-9
"2017-05-21 00:00:00",32,-4
"2017-05-22 00:00:00",26,
"2017-05-23 00:00:00",26,-5
"2017-05-24 00:00:00",27,-20
"2017-05-25 00:00:00",25,-37
"2017-05-26 00:00:00",23,-14
"2017-05-27 00:00:00",30,-15
"2017-05-28 00:00:00",22,-28
"2017-05-29 00:00:00",19,-17
"2017-05-30 00:00:00",33,-11
"2017-05-31 00:00:00",28,-14
"2017-06-01 00:00:00",23,-11
"2017-06-02 00:00:00",23,-16
"2017-06-03 00:00:00",23,-8
"2017-06-04 00:00:00",24,-14
"2017-06-05 00:00:00",22,-16
"2017-06-06 00:00:00",29,-10
"2017-06-07 00:00:00",15,-1
"2017-06-08 00:00:00",27,-7
"2017-06-09 00:00:00",13,-7
"2017-06-10 00:00:00",21,-6
"2017-06-11 00:00:00",23,-10
"2017-06-12 00:00:00",27,-9
"2017-06-13 00:00:00",16,-5
"2017-06-14 00:00:00",17,-9
"2017-06-15 00:00:00",11,-21
"2017-06-16 00:00:00",10,-46
"2017-06-17 00:00:00",7,-46
"2017-06-18 00:00:00",17,-49
"2017-06-19 00:00:00",30,-42
"2017-06-20 00:00:00",17,-28
"2017-06-21 00:00:00",10,-34
"2017-06-22 00:00:00",9,-19
"2017-06-23 00:00:00",23,-32
"2017-06-24 00:00:00",47,-22
"2017-06-25 00:00:00",47,-24
"2017-06-26 00:00:00",29,-37
"2017-06-27 00:00:00",32,-13
"2017-06-28 00:00:00",75,-18
"2017-06-29 00:00:00",69,-31
"2017-06-30 00:00:00",43,-9
"2017-07-01 00:00:00",35,-18
"2017-07-02 00:00:00",32,-17
"2017-07-03 00:00:00",50,-22
"2017-07-04 00:00:00",38,-9
"2017-07-05 00:00:00",27,-12
"2017-07-06 00:00:00",32,-20
"2017-07-07 00:00:00",39,
"2017-07-08 00:00:00",29,
"2017-07-09 00:00:00",19,-9
"2017-07-10 00:00:00",16,
"2017-07-11 00:00:00",19,
"2017-07-12 00:00:00",10,-7
"2017-07-13 00:00:00",18,-4
"2017-07-14 00:00:00",12,
"2017-07-15 00:00:00",6,-14
"2017-07-16 00:00:00",22,-14
"2017-07-17 00:00:00",13,-5
"2017-07-18 00:00:00",29,-2
"2017-07-19 00:00:00",6,-1
"2017-07-20 00:00:00",10,-4
"2017-07-21 00:00:00",15,-3
"2017-07-22 00:00:00",17,
"2017-07-23 00:00:00",10,-5
"2017-07-24 00:00:00",10,-2
"2017-07-25 00:00:00",8,
"2017-07-26 00:00:00",17,-8
"2017-07-27 00:00:00",10,
"2017-07-28 00:00:00",16,-1
"2017-07-29 00:00:00",10,-2
"2017-07-30 00:00:00",19,
"2017-07-31 00:00:00",14,-1
"2017-08-01 00:00:00",21,-7
"2017-08-02 00:00:00",,-4
"2017-08-03 00:00:00",19,-1
"2017-08-04 00:00:00",7,-7
"2017-08-05 00:00:00",14,
"2017-08-06 00:00:00",,
"2017-08-07 00:00:00",31,-10
"2017-08-08 00:00:00",7,
"2017-08-09 00:00:00",7,
"2017-08-10 00:00:00",13,
"2017-08-11 00:00:00",13,-7
"2017-08-12 00:00:00",9,
"2017-08-13 00:00:00",14,-2
"2017-08-14 00:00:00",7,-5
"2017-08-15 00:00:00",14,-1
"2017-08-16 00:00:00",9,
"2017-08-17 00:00:00",7,
"2017-08-18 00:00:00",22,
"2017-08-19 00:00:00",9,-7
"2017-08-20 00:00:00",7,
"2017-08-21 00:00:00",12,-6
"2017-08-22 00:00:00",16,
"2017-08-23 00:00:00",19,-4
"2017-08-24 00:00:00",13,
"2017-08-25 00:00:00",11,
"2017-08-26 00:00:00",4,
"2017-08-27 00:00:00",,
"2017-08-28 00:00:00",41,-5
"2017-08-29 00:00:00",12,
"2017-08-30 00:00:00",12,
"2017-08-31 00:00:00",16,
"2017-09-01 00:00:00",,
"2017-09-02 00:00:00",23,-2
"2017-09-03 00:00:00",22,
"2017-09-04 00:00:00",,
"2017-09-05 00:00:00",,
"2017-09-06 00:00:00",29,
"2017-09-07 00:00:00",,
"2017-09-08 00:00:00",21,-3
"2017-09-09 00:00:00",,
"2017-09-10 00:00:00",29,
"2017-09-11 00:00:00",,
"2017-09-12 00:00:00",,
"2017-09-13 00:00:00",45,
"2017-09-14 00:00:00",19,-1
"2017-09-15 00:00:00",6,
"2017-09-16 00:00:00",10,-2
"2017-09-17 00:00:00",28,-3
"2017-09-18 00:00:00",14,
"2017-09-19 00:00:00",13,
"2017-09-20 00:00:00",10,-1
"2017-09-21 00:00:00",20,
"2017-09-22 00:00:00",51,
"2017-09-23 00:00:00",69,-8
"2017-09-24 00:00:00",77,-6
"2017-09-25 00:00:00",60,-18
"2017-09-26 00:00:00",59,-8
"2017-09-27 00:00:00",42,-4
"2017-09-28 00:00:00",32,-6
"2017-09-29 00:00:00",27,-1
"2017-09-30 00:00:00",25,-4
"2017-10-01 00:00:00",31,-12
"2017-10-02 00:00:00",46,-3
"2017-10-03 00:00:00",17,-4
"2017-10-04 00:00:00",15,-5
"2017-10-05 00:00:00",23,-2
"2017-10-06 00:00:00",19,-8
"2017-10-07 00:00:00",17,-7
"2017-10-08 00:00:00",27,-7
"2017-10-09 00:00:00",16,-1
"2017-10-10 00:00:00",25,-3
"2017-10-11 00:00:00",13,-6
"2017-10-12 00:00:00",14,-3
"2017-10-13 00:00:00",24,-1
"2017-10-14 00:00:00",28,-1
"2017-10-15 00:00:00",17,-4
"2017-10-16 00:00:00",22,-5
"2017-10-17 00:00:00",14,
"2017-10-18 00:00:00",29,-5
"2017-10-19 00:00:00",6,
"2017-10-20 00:00:00",11,
"2017-10-21 00:00:00",16,-2
"2017-10-22 00:00:00",25,
"2017-10-23 00:00:00",23,-1
"2017-10-24 00:00:00",11,-4
"2017-10-25 00:00:00",21,-1
"2017-10-26 00:00:00",8,
"2017-10-27 00:00:00",23,
"2017-10-28 00:00:00",34,
"2017-10-29 00:00:00",27,-1
"2017-10-30 00:00:00",22,-3
"2017-10-31 00:00:00",22,-3
"2017-11-01 00:00:00",28,-7
"2017-11-02 00:00:00",33,-5
"2017-11-03 00:00:00",23,-14
"2017-11-04 00:00:00",30,-11
"2017-11-05 00:00:00",22,-10
"2017-11-06 00:00:00",21,-2
"2017-11-07 00:00:00",13,-7
"2017-11-08 00:00:00",17,-8
"2017-11-09 00:00:00",15,-3
"2017-11-10 00:00:00",14,-12
"2017-11-11 00:00:00",21,-1
"2017-11-12 00:00:00",10,-5
"2017-11-13 00:00:00",15,-2
"2017-11-14 00:00:00",13,-3
"2017-11-15 00:00:00",11,-7
"2017-11-16 00:00:00",15,-2
"2017-11-17 00:00:00",14,
"2017-11-18 00:00:00",21,-4
"2017-11-19 00:00:00",8,-2
"2017-11-20 00:00:00",12,-6
"2017-11-21 00:00:00",22,-6
"2017-11-22 00:00:00",14,
"2017-11-23 00:00:00",152,
"2017-11-24 00:00:00",893,-7
"2017-11-25 00:00:00",436,
"2017-11-26 00:00:00",360,-4
"2017-11-27 00:00:00",373,-14
"2017-11-28 00:00:00",178,
"2017-11-29 00:00:00",139,-8
"2017-11-30 00:00:00",91,-9
"2017-12-01 00:00:00",,-6
"2017-12-02 00:00:00",62,-4
"2017-12-03 00:00:00",,-1
"2017-12-04 00:00:00",96,-3
"2017-12-05 00:00:00",16,-9
"2017-12-06 00:00:00",18,
"2017-12-07 00:00:00",,
"2017-12-08 00:00:00",90,-7
"2017-12-09 00:00:00",,
"2017-12-10 00:00:00",92,-7
"2017-12-11 00:00:00",7,-5
"2017-12-12 00:00:00",44,-3
"2017-12-13 00:00:00",,-1
"2017-12-14 00:00:00",45,-1
"2017-12-15 00:00:00",25,-3
"2017-12-16 00:00:00",41,
"2017-12-17 00:00:00",,
"2017-12-18 00:00:00",72,-6
"2017-12-19 00:00:00",14,-3
"2017-12-20 00:00:00",9,-3
"2017-12-21 00:00:00",13,-5
"2017-12-22 00:00:00",,
"2017-12-23 00:00:00",65,-2
"2017-12-24 00:00:00",,-6
"2017-12-25 00:00:00",85,-3
"2017-12-26 00:00:00",28,
"2017-12-27 00:00:00",,-5
"2017-12-28 00:00:00",,-2
"2017-12-29 00:00:00",57,-6
"2017-12-30 00:00:00",34,-7
"2017-12-31 00:00:00",,-4
"2018-01-01 00:00:00",,
"2018-01-02 00:00:00",87,-14
"2018-01-03 00:00:00",62,-3
"2018-01-04 00:00:00",,-8
"2018-01-05 00:00:00",62,-2
"2018-01-06 00:00:00",30,-6
"2018-01-07 00:00:00",45,-2
"2018-01-08 00:00:00",,-5
"2018-01-09 00:00:00",15,
"2018-01-10 00:00:00",,-3
"2018-01-11 00:00:00",23,-6
"2018-01-12 00:00:00",28,-5
"2018-01-13 00:00:00",87,
"2018-01-14 00:00:00",24,-8
"2018-01-15 00:00:00",,-8
"2018-01-16 00:00:00",27,-4
"2018-01-17 00:00:00",,-1
"2018-01-18 00:00:00",50,-1
"2018-01-19 00:00:00",21,-3
"2018-01-20 00:00:00",13,-5
"2018-01-21 00:00:00",48,-5
"2018-01-22 00:00:00",19,-4
"2018-01-23 00:00:00",,-1
"2018-01-24 00:00:00",21,
"2018-01-25 00:00:00",16,-2
"2018-01-26 00:00:00",22,-4
"2018-01-27 00:00:00",23,
"2018-01-28 00:00:00",,
"2018-01-29 00:00:00",25,-6
"2018-01-30 00:00:00",22,-5
"2018-01-31 00:00:00",52,-4
"2018-02-01 00:00:00",19,
"2018-02-02 00:00:00",43,
"2018-02-03 00:00:00",,-1
"2018-02-04 00:00:00",81,-4
"2018-02-05 00:00:00",5,-8
"2018-02-06 00:00:00",21,
"2018-02-07 00:00:00",11,-1
"2018-02-08 00:00:00",46,-10
"2018-02-09 00:00:00",,-2
"2018-02-10 00:00:00",51,-2
"2018-02-11 00:00:00",43,-2
"2018-02-12 00:00:00",21,-4
"2018-02-13 00:00:00",,-3
"2018-02-14 00:00:00",9,-1
"2018-02-15 00:00:00",8,
"2018-02-16 00:00:00",15,-4
"2018-02-17 00:00:00",71,-2
"2018-02-18 00:00:00",48,-3
"2018-02-19 00:00:00",53,-3
"2018-02-20 00:00:00",,-4
"2018-02-21 00:00:00",77,
"2018-02-22 00:00:00",54,
"2018-02-23 00:00:00",112,-38
"2018-02-24 00:00:00",141,-135
"2018-02-25 00:00:00",196,-202
"2018-02-26 00:00:00",226,-192
"2018-02-27 00:00:00",212,-152
"2018-02-28 00:00:00",107,-99
"2018-03-01 00:00:00",111,-59
"2018-03-02 00:00:00",73,-51
"2018-03-03 00:00:00",61,-36
"2018-03-04 00:00:00",75,-60
"2018-03-05 00:00:00",27,-40
"2018-03-06 00:00:00",107,-31
"2018-03-07 00:00:00",54,-33
"2018-03-08 00:00:00",,-17
"2018-03-09 00:00:00",93,-27
"2018-03-10 00:00:00",27,-27
"2018-03-11 00:00:00",,-18
"2018-03-12 00:00:00",48,-26
"2018-03-13 00:00:00",22,-12
"2018-03-14 00:00:00",29,-17
"2018-03-15 00:00:00",,-8
"2018-03-16 00:00:00",63,-6
"2018-03-17 00:00:00",3,-41
"2018-03-18 00:00:00",,-40
"2018-03-19 00:00:00",49,-27
"2018-03-20 00:00:00",41,-16
"2018-03-21 00:00:00",,
"2018-03-22 00:00:00",54,-51
"2018-03-23 00:00:00",5,
"2018-03-24 00:00:00",9,-8
"2018-03-25 00:00:00",47,-22
"2018-03-26 00:00:00",,-19
"2018-03-27 00:00:00",24,-9
"2018-03-28 00:00:00",10,-16
"2018-03-29 00:00:00",18,-3
"2018-03-30 00:00:00",19,-5
"2018-03-31 00:00:00",,-15
"2018-04-01 00:00:00",69,-8
"2018-04-02 00:00:00",5,-12
"2018-04-03 00:00:00",,-14
"2018-04-04 00:00:00",12,-13
"2018-04-05 00:00:00",43,-22
"2018-04-06 00:00:00",,-12
"2018-04-07 00:00:00",45,-13
"2018-04-08 00:00:00",14,-20
"2018-04-09 00:00:00",36,-15
"2018-04-10 00:00:00",11,-12
"2018-04-11 00:00:00",24,-9
"2018-04-12 00:00:00",9,-10
"2018-04-13 00:00:00",9,-10
"2018-04-14 00:00:00",,-10
"2018-04-15 00:00:00",28,-12
"2018-04-16 00:00:00",,-14
"2018-04-17 00:00:00",66,-6
"2018-04-18 00:00:00",,-13
"2018-04-19 00:00:00",14,-13
"2018-04-20 00:00:00",14,-27
"2018-04-21 00:00:00",,-24
"2018-04-22 00:00:00",60,-18
"2018-04-23 00:00:00",22,-13
"2018-04-24 00:00:00",,-16
"2018-04-25 00:00:00",39,-22
"2018-04-26 00:00:00",,-71
"2018-04-27 00:00:00",,-105
"2018-04-28 00:00:00",40,-111
"2018-04-29 00:00:00",,-144
"2018-04-30 00:00:00",40,-49
"2018-05-01 00:00:00",15,-47
"2018-05-02 00:00:00",11,-57
"2018-05-03 00:00:00",,-31
"2018-05-04 00:00:00",88,-44
"2018-05-05 00:00:00",,-18
"2018-05-06 00:00:00",18,-32
"2018-05-07 00:00:00",18,-28
"2018-05-08 00:00:00",63,-37
"2018-05-09 00:00:00",19,-43
"2018-05-10 00:00:00",,-28
"2018-05-11 00:00:00",24,-21
"2018-05-12 00:00:00",,-35
"2018-05-13 00:00:00",75,-48
"2018-05-14 00:00:00",,-36
"2018-05-15 00:00:00",21,-39
"2018-05-16 00:00:00",,-48
"2018-05-17 00:00:00",66,-41
"2018-05-18 00:00:00",36,-57
"2018-05-19 00:00:00",66,-172
"2018-05-20 00:00:00",56,-125
"2018-05-21 00:00:00",83,-105
"2018-05-22 00:00:00",67,-68
"2018-05-23 00:00:00",147,-83
"2018-05-24 00:00:00",51,-94
"2018-05-25 00:00:00",20,-34
"2018-05-26 00:00:00",64,-35
"2018-05-27 00:00:00",41,-35
"2018-05-28 00:00:00",70,-21
"2018-05-29 00:00:00",,-26
"2018-05-30 00:00:00",71,-15
"2018-05-31 00:00:00",20,-18
"2018-06-01 00:00:00",,-25
"2018-06-02 00:00:00",68,-33
"2018-06-03 00:00:00",,-29
"2018-06-04 00:00:00",54,-36
"2018-06-05 00:00:00",,-15
"2018-06-06 00:00:00",14,-17
"2018-06-07 00:00:00",19,-11
"2018-06-08 00:00:00",,-14
"2018-06-09 00:00:00",67,-15
"2018-06-10 00:00:00",,-23
"2018-06-11 00:00:00",16,-20
"2018-06-12 00:00:00",10,-12
"2018-06-13 00:00:00",17,-8
"2018-06-14 00:00:00",7,-10
"2018-06-15 00:00:00",43,-10
"2018-06-16 00:00:00",14,-16
"2018-06-17 00:00:00",,-12
"2018-06-18 00:00:00",17,-8
"2018-06-19 00:00:00",39,-8
"2018-06-20 00:00:00",19,-11
"2018-06-21 00:00:00",9,-12
"2018-06-22 00:00:00",16,-4
"2018-06-23 00:00:00",24,-15
"2018-06-24 00:00:00",,-11
"2018-06-25 00:00:00",23,-13
"2018-06-26 00:00:00",42,-11
"2018-06-27 00:00:00",17,-15
"2018-06-28 00:00:00",29,-13
"2018-06-29 00:00:00",,-8
"2018-06-30 00:00:00",27,-10
"2018-07-01 00:00:00",49,-13
"2018-07-02 00:00:00",,-19
"2018-07-03 00:00:00",12,-19
"2018-07-04 00:00:00",46,-19
"2018-07-05 00:00:00",11,-15
"2018-07-06 00:00:00",20,-21
"2018-07-07 00:00:00",33,-15
"2018-07-08 00:00:00",8,-15
"2018-07-09 00:00:00",,-15
"2018-07-10 00:00:00",15,-2
"2018-07-11 00:00:00",14,-6
"2018-07-12 00:00:00",3,-10
"2018-07-13 00:00:00",27,-16
"2018-07-14 00:00:00",19,-12
"2018-07-15 00:00:00",48,-14
"2018-07-16 00:00:00",,-8
"2018-07-17 00:00:00",35,-14
"2018-07-18 00:00:00",,-9
"2018-07-19 00:00:00",31,-6
"2018-07-20 00:00:00",13,-8
"2018-07-21 00:00:00",,-4
"2018-07-22 00:00:00",48,-10
"2018-07-23 00:00:00",23,-12
"2018-07-24 00:00:00",9,-10
"2018-07-25 00:00:00",3,-12
"2018-07-26 00:00:00",,-4
"2018-07-27 00:00:00",40,-8
"2018-07-28 00:00:00",37,-13
"2018-07-29 00:00:00",,-9
"2018-07-30 00:00:00",30,-6
"2018-07-31 00:00:00",15,-16
"2018-08-01 00:00:00",,-11
"2018-08-02 00:00:00",,-8
"2018-08-03 00:00:00",36,-12
"2018-08-04 00:00:00",11,-10
"2018-08-05 00:00:00",31,-15
"2018-08-06 00:00:00",,-3
"2018-08-07 00:00:00",33,-5
"2018-08-08 00:00:00",,-14
"2018-08-09 00:00:00",30,-3
"2018-08-10 00:00:00",7,-5
"2018-08-11 00:00:00",,-1
"2018-08-12 00:00:00",34,
"2018-08-13 00:00:00",12,-4
"2018-08-14 00:00:00",,
"2018-08-15 00:00:00",15,-3
"2018-08-16 00:00:00",4,-3
"2018-08-17 00:00:00",9,-3
"2018-08-18 00:00:00",6,-2
"2018-08-19 00:00:00",19,-7
"2018-08-20 00:00:00",,-7
"2018-08-21 00:00:00",58,-13
"2018-08-22 00:00:00",,-7
"2018-08-23 00:00:00",9,-8
"2018-08-24 00:00:00",60,
"2018-08-25 00:00:00",,-7
"2018-08-26 00:00:00",64,
"2018-08-27 00:00:00",7,-3
"2018-08-28 00:00:00",,-6
"2018-08-29 00:00:00",,-6
"2018-08-30 00:00:00",63,-7
"2018-08-31 00:00:00",24,-5
"2018-09-01 00:00:00",66,-2
"2018-09-02 00:00:00",5,
"2018-09-03 00:00:00",27,-6
"2018-09-04 00:00:00",14,
"2018-09-05 00:00:00",,-2
"2018-09-06 00:00:00",26,-1
"2018-09-07 00:00:00",,-9
"2018-09-08 00:00:00",23,-19
"2018-09-09 00:00:00",48,-16
"2018-09-10 00:00:00",,-14
"2018-09-11 00:00:00",53,-16
"2018-09-12 00:00:00",14,-2
"2018-09-13 00:00:00",38,-9
"2018-09-14 00:00:00",,-2
"2018-09-15 00:00:00",9,-4
"2018-09-16 00:00:00",,-10
"2018-09-17 00:00:00",70,
"2018-09-18 00:00:00",,-6
"2018-09-19 00:00:00",25,-1
"2018-09-20 00:00:00",1,-5
"2018-09-21 00:00:00",14,-4
"2018-09-22 00:00:00",,
"2018-09-23 00:00:00",6,-5
"2018-09-24 00:00:00",32,-20
"2018-09-25 00:00:00",,-7
"2018-09-26 00:00:00",36,-6
"2018-09-27 00:00:00",18,-5
"2018-09-28 00:00:00",25,-5
"2018-09-29 00:00:00",,-7
"2018-09-30 00:00:00",31,-7
"2018-10-01 00:00:00",13,-17
"2018-10-02 00:00:00",17,-7
"2018-10-03 00:00:00",11,-14
"2018-10-04 00:00:00",10,-11
"2018-10-05 00:00:00",7,-8
"2018-10-06 00:00:00",15,-5
"2018-10-07 00:00:00",14,-8
"2018-10-08 00:00:00",13,-11
"2018-10-09 00:00:00",13,-3
"2018-10-10 00:00:00",8,-5
"2018-10-11 00:00:00",10,-2
"2018-10-12 00:00:00",6,-4
"2018-10-13 00:00:00",9,-3
"2018-10-14 00:00:00",6,-5
"2018-10-15 00:00:00",6,-4
"2018-10-16 00:00:00",6,-4
"2018-10-17 00:00:00",11,-3
"2018-10-18 00:00:00",2,-1
"2018-10-19 00:00:00",8,-5
"2018-10-20 00:00:00",10,-3
"2018-10-21 00:00:00",6,-3
"2018-10-22 00:00:00",15,-2
"2018-10-23 00:00:00",7,-2
"2018-10-24 00:00:00",8,
"2018-10-25 00:00:00",8,
"2018-10-26 00:00:00",16,-1
"2018-10-27 00:00:00",7,-2
"2018-10-28 00:00:00",13,
"2018-10-29 00:00:00",19,-1
"2018-10-30 00:00:00",21,-2
"2018-10-31 00:00:00",18,-8
"2018-11-01 00:00:00",16,-3
"2018-11-02 00:00:00",15,
"2018-11-03 00:00:00",4,-1
"2018-11-04 00:00:00",9,
"2018-11-05 00:00:00",21,-5
"2018-11-06 00:00:00",9,
"2018-11-07 00:00:00",7,
"2018-11-08 00:00:00",5,-2
"2018-11-09 00:00:00",5,
"2018-11-10 00:00:00",8,-1
"2018-11-11 00:00:00",13,
"2018-11-12 00:00:00",12,-3
"2018-11-13 00:00:00",14,-2
"2018-11-14 00:00:00",5,-4
"2018-11-15 00:00:00",5,
"2018-11-16 00:00:00",7,-1
"2018-11-17 00:00:00",12,-2
"2018-11-18 00:00:00",19,-2
"2018-11-19 00:00:00",4,-1
"2018-11-20 00:00:00",14,
"2018-11-21 00:00:00",13,-1
"2018-11-22 00:00:00",545,
"2018-11-23 00:00:00",946,
"2018-11-24 00:00:00",508,-2
"2018-11-25 00:00:00",396,
"2018-11-26 00:00:00",371,
"2018-11-27 00:00:00",259,-3
"2018-11-28 00:00:00",155,
"2018-11-29 00:00:00",19,-5
"2018-11-30 00:00:00",16,
"2018-12-01 00:00:00",83,
"2018-12-02 00:00:00",61,
"2018-12-03 00:00:00",38,
"2018-12-04 00:00:00",28,
"2018-12-05 00:00:00",29,
"2018-12-06 00:00:00",24,
"2018-12-07 00:00:00",121,
"2018-12-08 00:00:00",278,
"2018-12-09 00:00:00",135,-42
"2018-12-10 00:00:00",104,-58
"2018-12-11 00:00:00",69,-47
"2018-12-12 00:00:00",22,-42
"2018-12-13 00:00:00",43,-37
"2018-12-14 00:00:00",41,-22
"2018-12-15 00:00:00",20,-20
"2018-12-16 00:00:00",24,-33
"2018-12-17 00:00:00",32,-25
"2018-12-18 00:00:00",28,-24
"2018-12-19 00:00:00",18,-15
"2018-12-20 00:00:00",27,-8
"2018-12-21 00:00:00",25,-1
"2018-12-22 00:00:00",52,-11
"2018-12-23 00:00:00",59,-17
"2018-12-24 00:00:00",42,-15
"2018-12-25 00:00:00",54,-9
"2018-12-26 00:00:00",28,-10
"2018-12-27 00:00:00",32,-24
"2018-12-28 00:00:00",42,-17
"2018-12-29 00:00:00",44,-17
"2018-12-30 00:00:00",47,-25
"2018-12-31 00:00:00",32,-19
"2019-01-01 00:00:00",,
"2019-01-02 00:00:00",45,-38
"2019-01-03 00:00:00",26,-33
"2019-01-04 00:00:00",18,-34
"2019-01-05 00:00:00",25,-14
"2019-01-06 00:00:00",13,-28
"2019-01-07 00:00:00",21,-23
"2019-01-08 00:00:00",17,-21
"2019-01-09 00:00:00",8,-22
"2019-01-10 00:00:00",18,-23
"2019-01-11 00:00:00",10,-22
"2019-01-12 00:00:00",16,-37
"2019-01-13 00:00:00",13,-35
"2019-01-14 00:00:00",11,-16
"2019-01-15 00:00:00",12,-11
"2019-01-16 00:00:00",5,-20
"2019-01-17 00:00:00",5,-22
"2019-01-18 00:00:00",13,-15
"2019-01-19 00:00:00",9,-14
"2019-01-20 00:00:00",14,-8
"2019-01-21 00:00:00",16,-15
"2019-01-22 00:00:00",12,-6
"2019-01-23 00:00:00",11,-9
"2019-01-24 00:00:00",12,-5
"2019-01-25 00:00:00",10,-9
"2019-01-26 00:00:00",9,-15
"2019-01-27 00:00:00",13,-7
"2019-01-28 00:00:00",13,-4
"2019-01-29 00:00:00",20,-10
"2019-01-30 00:00:00",9,
"2019-01-31 00:00:00",17,-13
"2019-02-01 00:00:00",17,-13
"2019-02-02 00:00:00",17,-7
"2019-02-03 00:00:00",11,-5
"2019-02-04 00:00:00",20,-18
"2019-02-05 00:00:00",9,-11
"2019-02-06 00:00:00",15,-6
"2019-02-07 00:00:00",24,-10
"2019-02-08 00:00:00",23,-3
"2019-02-09 00:00:00",22,-5
"2019-02-10 00:00:00",23,-10
"2019-02-11 00:00:00",32,-22
"2019-02-12 00:00:00",21,-6
"2019-02-13 00:00:00",16,-7
"2019-02-14 00:00:00",15,-5
"2019-02-15 00:00:00",4,-7
"2019-02-16 00:00:00",6,-8
"2019-02-17 00:00:00",13,-9
"2019-02-18 00:00:00",11,-6
"2019-02-19 00:00:00",9,-8
"2019-02-20 00:00:00",7,-11
"2019-02-21 00:00:00",1,
"2019-02-22 00:00:00",,
"2019-02-23 00:00:00",,
"2019-02-24 00:00:00",,
"2019-02-25 00:00:00",,
"2019-02-26 00:00:00",,
"2019-02-27 00:00:00",,
"2019-02-28 00:00:00",87,-56
"2019-03-01 00:00:00",12,-3
"2019-03-02 00:00:00",12,-4
"2019-03-03 00:00:00",12,-3
"2019-03-04 00:00:00",9,
"2019-03-05 00:00:00",7,-6
"2019-03-06 00:00:00",9,-4
"2019-03-07 00:00:00",10,-7
"2019-03-08 00:00:00",10,-3
"2019-03-09 00:00:00",22,-6
"2019-03-10 00:00:00",5,-6
"2019-03-11 00:00:00",16,-5
"2019-03-12 00:00:00",14,
"2019-03-13 00:00:00",10,-4
"2019-03-14 00:00:00",8,
"2019-03-15 00:00:00",9,-8
"2019-03-16 00:00:00",12,-5
"2019-03-17 00:00:00",12,-9
"2019-03-18 00:00:00",12,-7
"2019-03-19 00:00:00",13,
"2019-03-20 00:00:00",9,-1
"2019-03-21 00:00:00",12,-2
"2019-03-22 00:00:00",5,-5
"2019-03-23 00:00:00",12,-4
"2019-03-24 00:00:00",21,-6
"2019-03-25 00:00:00",5,-8
"2019-03-26 00:00:00",5,-5
"2019-03-27 00:00:00",5,
"2019-03-28 00:00:00",10,-3
"2019-03-29 00:00:00",12,-5
"2019-03-30 00:00:00",6,-4
"2019-03-31 00:00:00",16,-6
"2019-04-01 00:00:00",3,-7
"2019-04-02 00:00:00",10,-2
"2019-04-03 00:00:00",3,-2
"2019-04-04 00:00:00",6,-3
"2019-04-05 00:00:00",6,
"2019-04-06 00:00:00",14,-3
"2019-04-07 00:00:00",10,-3
"2019-04-08 00:00:00",12,-2
"2019-04-09 00:00:00",4,-4
"2019-04-10 00:00:00",16,-2
"2019-04-11 00:00:00",8,-2
"2019-04-12 00:00:00",9,
"2019-04-13 00:00:00",9,-4
"2019-04-14 00:00:00",15,-5
"2019-04-15 00:00:00",13,-5
"2019-04-16 00:00:00",3,
"2019-04-17 00:00:00",8,-5
"2019-04-18 00:00:00",17,-5
"2019-04-19 00:00:00",9,-1
"2019-04-20 00:00:00",7,-2
"2019-04-21 00:00:00",12,-10
"2019-04-22 00:00:00",10,-3
"2019-04-23 00:00:00",11,-3
"2019-04-24 00:00:00",11,-2
"2019-04-25 00:00:00",8,-8
"2019-04-26 00:00:00",15,-2
"2019-04-27 00:00:00",5,-3
"2019-04-28 00:00:00",13,
"2019-04-29 00:00:00",6,-5
"2019-04-30 00:00:00",6,
"2019-05-01 00:00:00",8,-3
"2019-05-02 00:00:00",,
"2019-05-03 00:00:00",7,
"2019-05-04 00:00:00",14,
"2019-05-05 00:00:00",3,-6
"2019-05-06 00:00:00",18,
"2019-05-07 00:00:00",12,-4
"2019-05-08 00:00:00",12,-3
"2019-05-09 00:00:00",13,
"2019-05-10 00:00:00",35,-10
"2019-05-11 00:00:00",101,-27
"2019-05-12 00:00:00",90,-25
"2019-05-13 00:00:00",156,-52
"2019-05-14 00:00:00",106,-20
"2019-05-15 00:00:00",28,-6
"2019-05-16 00:00:00",,
"2019-05-17 00:00:00",,
"2019-05-18 00:00:00",,
"2019-05-19 00:00:00",,
"2019-05-20 00:00:00",,
"2019-05-21 00:00:00",,
"2019-05-22 00:00:00",,
"2019-05-23 00:00:00",,
"2019-05-24 00:00:00",,
"2019-05-25 00:00:00",,
"2019-05-26 00:00:00",,
"2019-05-27 00:00:00",,
"2019-05-28 00:00:00",,
"2019-05-29 00:00:00",320,-17
"2019-05-30 00:00:00",10,-2
"2019-05-31 00:00:00",13,-5
"2019-06-01 00:00:00",42,-11
"2019-06-02 00:00:00",42,-5
"2019-06-03 00:00:00",34,-14
"2019-06-04 00:00:00",30,
"2019-06-05 00:00:00",58,-7
"2019-06-06 00:00:00",51,
"2019-06-07 00:00:00",50,-6
"2019-06-08 00:00:00",38,-15
"2019-06-09 00:00:00",22,-12
"2019-06-10 00:00:00",30,-5
"2019-06-11 00:00:00",28,-3
"2019-06-12 00:00:00",18,-1
"2019-06-13 00:00:00",12,
"2019-06-14 00:00:00",18,-4
"2019-06-15 00:00:00",15,-7
"2019-06-16 00:00:00",23,-1
"2019-06-17 00:00:00",15,-4
"2019-06-18 00:00:00",11,-4
"2019-06-19 00:00:00",12,-6
"2019-06-20 00:00:00",15,-6
"2019-06-21 00:00:00",17,-2
"2019-06-22 00:00:00",10,
"2019-06-23 00:00:00",12,-2
"2019-06-24 00:00:00",15,-4
"2019-06-25 00:00:00",11,
"2019-06-26 00:00:00",22,-3
"2019-06-27 00:00:00",19,-3
"2019-06-28 00:00:00",13,-5
"2019-06-29 00:00:00",885,-5
"2019-06-30 00:00:00",548,-9
"2019-07-01 00:00:00",1406,-14
"2019-07-02 00:00:00",643,-5
"2019-07-03 00:00:00",676,-5
"2019-07-04 00:00:00",312,-7
"2019-07-05 00:00:00",285,
"2019-07-06 00:00:00",320,-6
"2019-07-07 00:00:00",280,-2
"2019-07-08 00:00:00",175,-7
"2019-07-09 00:00:00",22,-3
"2019-07-10 00:00:00",26,-5
"2019-07-11 00:00:00",26,
"2019-07-12 00:00:00",21,-3
"2019-07-13 00:00:00",18,-5
"2019-07-14 00:00:00",10,
"2019-07-15 00:00:00",14,-3
"2019-07-16 00:00:00",13,
"2019-07-17 00:00:00",15,
"2019-07-18 00:00:00",18,-4
"2019-07-19 00:00:00",12,
"2019-07-20 00:00:00",21,-7
"2019-07-21 00:00:00",26,-4
"2019-07-22 00:00:00",16,-8
"2019-07-23 00:00:00",20,-4
"2019-07-24 00:00:00",8,
"2019-07-25 00:00:00",11,-4
"2019-07-26 00:00:00",11,-4
"2019-07-27 00:00:00",14,-2
"2019-07-28 00:00:00",12,-2
"2019-07-29 00:00:00",15,-8
"2019-07-30 00:00:00",4,-7
"2019-07-31 00:00:00",11,-2
"2019-08-01 00:00:00",7,-6
"2019-08-02 00:00:00",9,-8
"2019-08-03 00:00:00",13,-1
"2019-08-04 00:00:00",15,-6
"2019-08-05 00:00:00",9,-1
"2019-08-06 00:00:00",7,-3
"2019-08-07 00:00:00",3,-4
"2019-08-08 00:00:00",17,-4
"2019-08-09 00:00:00",4,-2
"2019-08-10 00:00:00",11,-4
"2019-08-11 00:00:00",11,
"2019-08-12 00:00:00",6,-1
"2019-08-13 00:00:00",6,
"2019-08-14 00:00:00",15,-2
"2019-08-15 00:00:00",5,-1
"2019-08-16 00:00:00",16,-1
"2019-08-17 00:00:00",10,-5
"2019-08-18 00:00:00",2,
"2019-08-19 00:00:00",6,-4
"2019-08-20 00:00:00",11,
"2019-08-21 00:00:00",11,-1
"2019-08-22 00:00:00",10,-3
"2019-08-23 00:00:00",12,-1
"2019-08-24 00:00:00",7,-7
"2019-08-25 00:00:00",3,
"2019-08-26 00:00:00",18,-2
"2019-08-27 00:00:00",2,-1
"2019-08-28 00:00:00",14,
"2019-08-29 00:00:00",9,-5
"2019-08-30 00:00:00",,-3
"2019-08-31 00:00:00",9,-4
"2019-09-01 00:00:00",6,-4
"2019-09-02 00:00:00",6,-4
"2019-09-03 00:00:00",6,-3
"2019-09-04 00:00:00",11,
"2019-09-05 00:00:00",6,-1
"2019-09-06 00:00:00",2,-6
"2019-09-07 00:00:00",6,-2
"2019-09-08 00:00:00",8,-3
"2019-09-09 00:00:00",5,
"2019-09-10 00:00:00",5,-2
"2019-09-11 00:00:00",8,-4
"2019-09-12 00:00:00",4,
"2019-09-13 00:00:00",9,-2
"2019-09-14 00:00:00",6,
"2019-09-15 00:00:00",8,-8
"2019-09-16 00:00:00",8,
"2019-09-17 00:00:00",,-5
"2019-09-18 00:00:00",3,
"2019-09-19 00:00:00",20,
"2019-09-20 00:00:00",5,-1
"2019-09-21 00:00:00",10,-2
"2019-09-22 00:00:00",9,-7
"2019-09-23 00:00:00",,
"2019-09-24 00:00:00",6,-3
"2019-09-25 00:00:00",14,
"2019-09-26 00:00:00",3,-3
"2019-09-27 00:00:00",6,-5
"2019-09-28 00:00:00",9,-1
"2019-09-29 00:00:00",11,-3
"2019-09-30 00:00:00",4,-3
"2019-10-01 00:00:00",10,-3
"2019-10-02 00:00:00",2,
"2019-10-03 00:00:00",5,
"2019-10-04 00:00:00",6,
"2019-10-05 00:00:00",12,-4
"2019-10-06 00:00:00",7,-2
"2019-10-07 00:00:00",7,-5
"2019-10-08 00:00:00",1,
"2019-10-09 00:00:00",5,-1
"2019-10-10 00:00:00",12,-35
"2019-10-11 00:00:00",,-21
"2019-10-12 00:00:00",5,-11
"2019-10-13 00:00:00",12,-15
"2019-10-14 00:00:00",4,-22
"2019-10-15 00:00:00",8,-3
"2019-10-16 00:00:00",11,-3
"2019-10-17 00:00:00",8,-9
"2019-10-18 00:00:00",39,-14
"2019-10-19 00:00:00",22,-22
"2019-10-20 00:00:00",23,-23
"2019-10-21 00:00:00",57,-23
"2019-10-22 00:00:00",23,-12
"2019-10-23 00:00:00",15,-8
"2019-10-24 00:00:00",23,-20
"2019-10-25 00:00:00",65,-25
"2019-10-26 00:00:00",98,-25
"2019-10-27 00:00:00",89,-14
"2019-10-28 00:00:00",70,-13
"2019-10-29 00:00:00",41,-6
"2019-10-30 00:00:00",39,
"2019-10-31 00:00:00",432,-3
"2019-11-01 00:00:00",385,
"2019-11-02 00:00:00",358,-8
"2019-11-03 00:00:00",272,-7
"2019-11-04 00:00:00",244,-6
"2019-11-05 00:00:00",236,-3
"2019-11-06 00:00:00",173,-8
"2019-11-07 00:00:00",160,-2
"2019-11-08 00:00:00",121,-28
"2019-11-09 00:00:00",162,-10
"2019-11-10 00:00:00",168,-15
"2019-11-11 00:00:00",111,-24
"2019-11-12 00:00:00",112,-23
"2019-11-13 00:00:00",101,-7
"2019-11-14 00:00:00",,
"2019-11-15 00:00:00",105,-10
"2019-11-16 00:00:00",108,-11
"2019-11-17 00:00:00",148,-4
"2019-11-18 00:00:00",165,-11
"2019-11-19 00:00:00",99,-18
"2019-11-20 00:00:00",63,-13
"2019-11-21 00:00:00",92,-13
"2019-11-22 00:00:00",63,-1
"2019-11-23 00:00:00",114,-5
"2019-11-24 00:00:00",133,-6
"2019-11-25 00:00:00",,
"2019-11-26 00:00:00",170,-14
"2019-11-27 00:00:00",242,-9
"2019-11-28 00:00:00",329,-5
"2019-11-29 00:00:00",229,-8
"2019-11-30 00:00:00",208,-2
"2019-12-01 00:00:00",390,-12
"2019-12-02 00:00:00",132,-1
"2019-12-03 00:00:00",136,
"2019-12-04 00:00:00",119,-3
"2019-12-05 00:00:00",78,-12
"2019-12-06 00:00:00",69,-2
"2019-12-07 00:00:00",71,-4
"2019-12-08 00:00:00",85,-4
"2019-12-09 00:00:00",109,-4
"2019-12-10 00:00:00",81,-7
"2019-12-11 00:00:00",77,-7
"2019-12-12 00:00:00",60,
"2019-12-13 00:00:00",121,-2
"2019-12-14 00:00:00",84,-5
"2019-12-15 00:00:00",69,
"2019-12-16 00:00:00",41,-2
"2019-12-17 00:00:00",62,
"2019-12-18 00:00:00",63,
"2019-12-19 00:00:00",50,-3
"2019-12-20 00:00:00",75,-2
"2019-12-21 00:00:00",83,-1
"2019-12-22 00:00:00",84,
"2019-12-23 00:00:00",85,-3
"2019-12-24 00:00:00",75,-4
"2019-12-25 00:00:00",71,-1
"2019-12-26 00:00:00",185,-13
"2019-12-27 00:00:00",94,-8
"2019-12-28 00:00:00",86,-4
"2019-12-29 00:00:00",99,-3
"2019-12-30 00:00:00",118,-9
"2019-12-31 00:00:00",100,
"2020-01-01 00:00:00",,
"2020-01-02 00:00:00",223,
"2020-01-03 00:00:00",93,-4
"2020-01-04 00:00:00",90,-7
"2020-01-05 00:00:00",102,-6
"2020-01-06 00:00:00",93,-14
"2020-01-07 00:00:00",69,-15
"2020-01-08 00:00:00",76,-2
"2020-01-09 00:00:00",65,
"2020-01-10 00:00:00",72,-7
"2020-01-11 00:00:00",68,-1
"2020-01-12 00:00:00",76,-4
"2020-01-13 00:00:00",89,
"2020-01-14 00:00:00",53,-4
"2020-01-15 00:00:00",51,
"2020-01-16 00:00:00",,
"2020-01-17 00:00:00",128,-8
"2020-01-18 00:00:00",72,
"2020-01-19 00:00:00",86,-1
"2020-01-20 00:00:00",84,-4
"2020-01-21 00:00:00",61,
"2020-01-22 00:00:00",56,-1
"2020-01-23 00:00:00",48,-2
"2020-01-24 00:00:00",86,-12
"2020-01-25 00:00:00",99,-6
"2020-01-26 00:00:00",98,-4
"2020-01-27 00:00:00",85,-9
"2020-01-28 00:00:00",78,-6
"2020-01-29 00:00:00",92,
"2020-01-30 00:00:00",64,-4
"2020-01-31 00:00:00",70,-6
"2020-02-01 00:00:00",84,-5
"2020-02-02 00:00:00",88,
"2020-02-03 00:00:00",64,-1
"2020-02-04 00:00:00",69,-5
"2020-02-05 00:00:00",54,
"2020-02-06 00:00:00",58,
"2020-02-07 00:00:00",38,
"2020-02-08 00:00:00",45,
"2020-02-09 00:00:00",130,-6
"2020-02-10 00:00:00",68,-9
"2020-02-11 00:00:00",45,
"2020-02-12 00:00:00",46,-1
"2020-02-13 00:00:00",54,-3
"2020-02-14 00:00:00",99,-8
"2020-02-15 00:00:00",42,
"2020-02-16 00:00:00",65,-2
"2020-02-17 00:00:00",76,-7
"2020-02-18 00:00:00",57,-2
"2020-02-19 00:00:00",57,-4
"2020-02-20 00:00:00",81,-1
"2020-02-21 00:00:00",56,
"2020-02-22 00:00:00",65,-3
"2020-02-23 00:00:00",54,-3
"2020-02-24 00:00:00",73,-1
"2020-02-25 00:00:00",59,
"2020-02-26 00:00:00",109,-5
"2020-02-27 00:00:00",61,
"2020-02-28 00:00:00",59,-1
"2020-02-29 00:00:00",78,-6
"2020-03-01 00:00:00",90,
"2020-03-02 00:00:00",84,-5
"2020-03-03 00:00:00",66,-4
"2020-03-04 00:00:00",43,
"2020-03-05 00:00:00",50,
"2020-03-06 00:00:00",97,
"2020-03-07 00:00:00",48,-6
"2020-03-08 00:00:00",49,-9
"2020-03-09 00:00:00",60,
"2020-03-10 00:00:00",59,
"2020-03-11 00:00:00",58,
"2020-03-12 00:00:00",52,
"2020-03-13 00:00:00",57,
"2020-03-14 00:00:00",57,-4
"2020-03-15 00:00:00",148,-13
"2020-03-16 00:00:00",105,
"2020-03-17 00:00:00",198,
"2020-03-18 00:00:00",267,-8
"2020-03-19 00:00:00",289,-26
"2020-03-20 00:00:00",280,-10
"2020-03-21 00:00:00",234,-20
"2020-03-22 00:00:00",246,-20
"2020-03-23 00:00:00",253,-6
"2020-03-24 00:00:00",207,-12
"2020-03-25 00:00:00",211,-17
"2020-03-26 00:00:00",,
"2020-03-27 00:00:00",377,-29
"2020-03-28 00:00:00",138,-12
"2020-03-29 00:00:00",140,-2
"2020-03-30 00:00:00",283,-14
"2020-03-31 00:00:00",134,-14
"2020-04-01 00:00:00",89,-4
"2020-04-02 00:00:00",105,
"2020-04-03 00:00:00",95,-9
"2020-04-04 00:00:00",94,-10
"2020-04-05 00:00:00",101,-1
"2020-04-06 00:00:00",84,-6
"2020-04-07 00:00:00",73,-14
"2020-04-08 00:00:00",82,
"2020-04-09 00:00:00",77,-1
"2020-04-10 00:00:00",82,-9
"2020-04-11 00:00:00",84,
"2020-04-12 00:00:00",95,-6
"2020-04-13 00:00:00",97,-11
"2020-04-14 00:00:00",89,-2
"2020-04-15 00:00:00",72,-7
"2020-04-16 00:00:00",71,-11
"2020-04-17 00:00:00",54,-1
"2020-04-18 00:00:00",67,
"2020-04-19 00:00:00",82,-14
"2020-04-20 00:00:00",142,-3
"2020-04-21 00:00:00",,
"2020-04-22 00:00:00",83,-2
"2020-04-23 00:00:00",70,-9
"2020-04-24 00:00:00",,
"2020-04-25 00:00:00",108,-13
"2020-04-26 00:00:00",104,-4
"2020-04-27 00:00:00",61,
"2020-04-28 00:00:00",,
"2020-04-29 00:00:00",131,-3
"2020-04-30 00:00:00",50,
"2020-05-01 00:00:00",39,-3
"2020-05-02 00:00:00",46,
"2020-05-03 00:00:00",63,-5
"2020-05-04 00:00:00",67,
"2020-05-05 00:00:00",46,-4
"2020-05-06 00:00:00",65,-2
"2020-05-07 00:00:00",52,-3
"2020-05-08 00:00:00",52,-1
"2020-05-09 00:00:00",51,-1
"2020-05-10 00:00:00",105,
"2020-05-11 00:00:00",65,-1
"2020-05-12 00:00:00",187,-4
"2020-05-13 00:00:00",239,-58
"2020-05-14 00:00:00",213,-25
"2020-05-15 00:00:00",269,-34
"2020-05-16 00:00:00",245,-28
"2020-05-17 00:00:00",266,-25
"2020-05-18 00:00:00",429,-45
"2020-05-19 00:00:00",143,-18
"2020-05-20 00:00:00",159,-5
"2020-05-21 00:00:00",153,-3
"2020-05-22 00:00:00",121,-10
"2020-05-23 00:00:00",108,-1
"2020-05-24 00:00:00",163,-16
"2020-05-25 00:00:00",,
"2020-05-26 00:00:00",179,-11
"2020-05-27 00:00:00",148,-1
"2020-05-28 00:00:00",85,-5
"2020-05-29 00:00:00",91,-4
"2020-05-30 00:00:00",67,
"2020-05-31 00:00:00",77,-1
"2020-06-01 00:00:00",61,-9
"2020-06-02 00:00:00",45,-2
"2020-06-03 00:00:00",51,-2
"2020-06-04 00:00:00",55,-2
"2020-06-05 00:00:00",40,-2
"2020-06-06 00:00:00",70,
"2020-06-07 00:00:00",78,
"2020-06-08 00:00:00",61,
"2020-06-09 00:00:00",51,
"2020-06-10 00:00:00",55,-3
"2020-06-11 00:00:00",62,
"2020-06-12 00:00:00",57,-2
"2020-06-13 00:00:00",64,-6
"2020-06-14 00:00:00",57,-4
"2020-06-15 00:00:00",62,-3
"2020-06-16 00:00:00",41,-1
"2020-06-17 00:00:00",45,
"2020-06-18 00:00:00",50,-1
"2020-06-19 00:00:00",32,-3
"2020-06-20 00:00:00",35,-1
"2020-06-21 00:00:00",57,-4
"2020-06-22 00:00:00",,
"2020-06-23 00:00:00",43,-2
"2020-06-24 00:00:00",55,
"2020-06-25 00:00:00",36,
"2020-06-26 00:00:00",57,-2
"2020-06-27 00:00:00",187,-4
"2020-06-28 00:00:00",82,-3
"2020-06-29 00:00:00",122,
"2020-06-30 00:00:00",94,-6
"2020-07-01 00:00:00",79,
"2020-07-02 00:00:00",94,-7
"2020-07-03 00:00:00",85,-1
"2020-07-04 00:00:00",81,-6
"2020-07-05 00:00:00",77,-9
"2020-07-06 00:00:00",96,-10
"2020-07-07 00:00:00",87,
"2020-07-08 00:00:00",83,
"2020-07-09 00:00:00",73,-5
"2020-07-10 00:00:00",72,-8
"2020-07-11 00:00:00",78,-5
"2020-07-12 00:00:00",153,-13
"2020-07-13 00:00:00",,
"2020-07-14 00:00:00",85,-6
"2020-07-15 00:00:00",87,-3
"2020-07-16 00:00:00",60,-6
"2020-07-17 00:00:00",59,-2
"2020-07-18 00:00:00",71,-5
"2020-07-19 00:00:00",115,-1
"2020-07-20 00:00:00",,
"2020-07-21 00:00:00",78,-9
"2020-07-22 00:00:00",48,
"2020-07-23 00:00:00",54,-1
"2020-07-24 00:00:00",53,-3
"2020-07-25 00:00:00",,
"2020-07-26 00:00:00",100,-9
"2020-07-27 00:00:00",76,
"2020-07-28 00:00:00",53,-3
"2020-07-29 00:00:00",51,-3
"2020-07-30 00:00:00",59,-1
"2020-07-31 00:00:00",52,-1
"2020-08-01 00:00:00",44,
"2020-08-02 00:00:00",50,-5
"2020-08-03 00:00:00",69,-3
"2020-08-04 00:00:00",45,-1
"2020-08-05 00:00:00",67,
"2020-08-06 00:00:00",43,-1
"2020-08-07 00:00:00",39,-4
"2020-08-08 00:00:00",48,-4
"2020-08-09 00:00:00",50,
"2020-08-10 00:00:00",50,-1
"2020-08-11 00:00:00",46,-2
"2020-08-12 00:00:00",45,
"2020-08-13 00:00:00",39,-3
"2020-08-14 00:00:00",77,-5
"2020-08-15 00:00:00",,
"2020-08-16 00:00:00",106,-14
"2020-08-17 00:00:00",,
"2020-08-18 00:00:00",80,
"2020-08-19 00:00:00",45,
"2020-08-20 00:00:00",50,
"2020-08-21 00:00:00",43,-4
"2020-08-22 00:00:00",30,-3
"2020-08-23 00:00:00",46,-6
"2020-08-24 00:00:00",50,-5
"2020-08-25 00:00:00",55,-7
"2020-08-26 00:00:00",39,
"2020-08-27 00:00:00",32,
"2020-08-28 00:00:00",45,-4
"2020-08-29 00:00:00",39,
"2020-08-30 00:00:00",62,-3
"2020-08-31 00:00:00",55,-5
"2020-09-01 00:00:00",42,
"2020-09-02 00:00:00",33,-1
"2020-09-03 00:00:00",37,
"2020-09-04 00:00:00",34,-5
"2020-09-05 00:00:00",33,-4
"2020-09-06 00:00:00",42,-2
"2020-09-07 00:00:00",39,-6
"2020-09-08 00:00:00",42,
"2020-09-09 00:00:00",46,-2
"2020-09-10 00:00:00",35,
"2020-09-11 00:00:00",45,-2
"2020-09-12 00:00:00",29,-2
"2020-09-13 00:00:00",43,-7
"2020-09-14 00:00:00",,
"2020-09-15 00:00:00",80,
"2020-09-16 00:00:00",55,
"2020-09-17 00:00:00",31,
"2020-09-18 00:00:00",40,
"2020-09-19 00:00:00",33,-5
"2020-09-20 00:00:00",48,-5
"2020-09-21 00:00:00",53,-3
"2020-09-22 00:00:00",39,
"2020-09-23 00:00:00",31,-1
"2020-09-24 00:00:00",26,-1
"2020-09-25 00:00:00",43,-5
"2020-09-26 00:00:00",58,-14
"2020-09-27 00:00:00",74,-5
"2020-09-28 00:00:00",93,-12
"2020-09-29 00:00:00",67,-7
"2020-09-30 00:00:00",52,-1
"2020-10-01 00:00:00",52,-5
"2020-10-02 00:00:00",64,-1
"2020-10-03 00:00:00",132,-8
"2020-10-04 00:00:00",59,-1
"2020-10-05 00:00:00",,
"2020-10-06 00:00:00",60,-4
"2020-10-07 00:00:00",55,-4
"2020-10-08 00:00:00",49,
"2020-10-09 00:00:00",100,-3
"2020-10-10 00:00:00",,
"2020-10-11 00:00:00",74,-16
"2020-10-12 00:00:00",54,
"2020-10-13 00:00:00",28,-6
"2020-10-14 00:00:00",37,
"2020-10-15 00:00:00",34,
"2020-10-16 00:00:00",29,-3
"2020-10-17 00:00:00",47,-2
"2020-10-18 00:00:00",33,-5
"2020-10-19 00:00:00",,
"2020-10-20 00:00:00",46,-1
"2020-10-21 00:00:00",33,-8
"2020-10-22 00:00:00",38,-6
"2020-10-23 00:00:00",40,
"2020-10-24 00:00:00",31,-3
"2020-10-25 00:00:00",49,
"2020-10-26 00:00:00",55,-5
"2020-10-27 00:00:00",39,
"2020-10-28 00:00:00",51,-3
"2020-10-29 00:00:00",32,
"2020-10-30 00:00:00",97,
"2020-10-31 00:00:00",102,-4
"2020-11-01 00:00:00",80,-15
"2020-11-02 00:00:00",89,-19
"2020-11-03 00:00:00",101,-2
"2020-11-04 00:00:00",71,-8
"2020-11-05 00:00:00",57,-6
"2020-11-06 00:00:00",76,-6
"2020-11-07 00:00:00",81,-4
"2020-11-08 00:00:00",51,-4
"2020-11-09 00:00:00",69,-5
"2020-11-10 00:00:00",73,-2
"2020-11-11 00:00:00",62,-5
"2020-11-12 00:00:00",64,-4
"2020-11-13 00:00:00",64,-4
"2020-11-14 00:00:00",44,-4
"2020-11-15 00:00:00",59,-3
"2020-11-16 00:00:00",40,-4
"2020-11-17 00:00:00",30,-5
"2020-11-18 00:00:00",43,-2
"2020-11-19 00:00:00",32,-4
"2020-11-20 00:00:00",44,
"2020-11-21 00:00:00",40,-1
"2020-11-22 00:00:00",48,
"2020-11-23 00:00:00",92,-1
"2020-11-24 00:00:00",31,-3
"2020-11-25 00:00:00",30,
"2020-11-26 00:00:00",288,
"2020-11-27 00:00:00",270,-3
"2020-11-28 00:00:00",207,-1
"2020-11-29 00:00:00",300,-13
"2020-11-30 00:00:00",159,-4
"2020-12-01 00:00:00",127,-1
"2020-12-02 00:00:00",97,-1
"2020-12-03 00:00:00",48,-1
"2020-12-04 00:00:00",50,-4
"2020-12-05 00:00:00",51,-4
"2020-12-06 00:00:00",101,-7
"2020-12-07 00:00:00",40,-5
"2020-12-08 00:00:00",43,-4
"2020-12-09 00:00:00",42,
"2020-12-10 00:00:00",38,-1
"2020-12-11 00:00:00",46,-2
"2020-12-12 00:00:00",38,-3
"2020-12-13 00:00:00",63,-5
"2020-12-14 00:00:00",46,
"2020-12-15 00:00:00",29,-2
"2020-12-16 00:00:00",23,
"2020-12-17 00:00:00",38,-5
"2020-12-18 00:00:00",33,-5
"2020-12-19 00:00:00",35,-1
"2020-12-20 00:00:00",45,-5
"2020-12-21 00:00:00",61,
"2020-12-22 00:00:00",43,-5
"2020-12-23 00:00:00",45,-3
"2020-12-24 00:00:00",67,-3
"2020-12-25 00:00:00",53,-1
"2020-12-26 00:00:00",93,-4
"2020-12-27 00:00:00",95,-1
"2020-12-28 00:00:00",92,-11
"2020-12-29 00:00:00",104,-3
"2020-12-30 00:00:00",90,-5
"2020-12-31 00:00:00",70,-8
"2021-01-01 00:00:00",,
"2021-01-02 00:00:00",168,-14
"2021-01-03 00:00:00",92,-12
"2021-01-04 00:00:00",84,-5
"2021-01-05 00:00:00",107,-3
"2021-01-06 00:00:00",89,-7
"2021-01-07 00:00:00",65,-9
"2021-01-08 00:00:00",117,-14
"2021-01-09 00:00:00",64,
"2021-01-10 00:00:00",45,-2
"2021-01-11 00:00:00",63,
"2021-01-12 00:00:00",51,-2
"2021-01-13 00:00:00",48,-1
"2021-01-14 00:00:00",57,
"2021-01-15 00:00:00",42,-5
"2021-01-16 00:00:00",87,-4
"2021-01-17 00:00:00",41,-1
"2021-01-18 00:00:00",74,-1
"2021-01-19 00:00:00",49,
"2021-01-20 00:00:00",42,-7
"2021-01-21 00:00:00",61,
"2021-01-22 00:00:00",54,
"2021-01-23 00:00:00",60,-1
"2021-01-24 00:00:00",52,-6
"2021-01-25 00:00:00",66,
"2021-01-26 00:00:00",74,-4
"2021-01-27 00:00:00",46,-3
"2021-01-28 00:00:00",58,-5
"2021-01-29 00:00:00",47,-3
"2021-01-30 00:00:00",48,
"2021-01-31 00:00:00",106,-3
"2021-02-01 00:00:00",46,-3
"2021-02-02 00:00:00",57,
"2021-02-03 00:00:00",47,
"2021-02-04 00:00:00",53,-3
"2021-02-05 00:00:00",109,-12
"2021-02-06 00:00:00",141,-10
"2021-02-07 00:00:00",149,-2
"2021-02-08 00:00:00",162,-8
"2021-02-09 00:00:00",137,-6
"2021-02-10 00:00:00",131,
"2021-02-11 00:00:00",94,-3
"2021-02-12 00:00:00",,
"2021-02-13 00:00:00",286,-13
"2021-02-14 00:00:00",,
"2021-02-15 00:00:00",291,-21
"2021-02-16 00:00:00",,
"2021-02-17 00:00:00",,
"2021-02-18 00:00:00",,
"2021-02-19 00:00:00",,
"2021-02-20 00:00:00",462,-32
"2021-02-21 00:00:00",,
"2021-02-22 00:00:00",125,-5
"2021-02-23 00:00:00",80,-12
"2021-02-24 00:00:00",52,-6
"2021-02-25 00:00:00",54,-2
"2021-02-26 00:00:00",57,-1
"2021-02-27 00:00:00",101,-6
"2021-02-28 00:00:00",59,-14
"2021-03-01 00:00:00",55,
"2021-03-02 00:00:00",38,
"2021-03-03 00:00:00",51,-5
"2021-03-04 00:00:00",50,-4
"2021-03-05 00:00:00",52,-2
"2021-03-06 00:00:00",89,-7
"2021-03-07 00:00:00",49,-8
"2021-03-08 00:00:00",60,
"2021-03-09 00:00:00",50,-3
"2021-03-10 00:00:00",,
"2021-03-11 00:00:00",60,-1
"2021-03-12 00:00:00",96,-4
"2021-03-13 00:00:00",58,-2
"2021-03-14 00:00:00",115,-5
"2021-03-15 00:00:00",66,-6
"2021-03-16 00:00:00",64,
"2021-03-17 00:00:00",108,-15
"2021-03-18 00:00:00",54,
"2021-03-19 00:00:00",93,-4
"2021-03-20 00:00:00",31,-3
"2021-03-21 00:00:00",118,-10
"2021-03-22 00:00:00",69,
"2021-03-23 00:00:00",57,-1
"2021-03-24 00:00:00",75,-1
"2021-03-25 00:00:00",60,-1
"2021-03-26 00:00:00",79,
"2021-03-27 00:00:00",58,-2
"2021-03-28 00:00:00",98,-6
"2021-03-29 00:00:00",61,
"2021-03-30 00:00:00",67,-2
"2021-03-31 00:00:00",43,
"2021-04-01 00:00:00",83,-2
"2021-04-02 00:00:00",45,-1
"2021-04-03 00:00:00",89,-9
"2021-04-04 00:00:00",48,
"2021-04-05 00:00:00",77,-5
"2021-04-06 00:00:00",35,-3
"2021-04-07 00:00:00",49,
"2021-04-08 00:00:00",57,-3
"2021-04-09 00:00:00",41,-2
"2021-04-10 00:00:00",70,-2
"2021-04-11 00:00:00",52,-7
"2021-04-12 00:00:00",83,-8
"2021-04-13 00:00:00",42,
"2021-04-14 00:00:00",85,-1
"2021-04-15 00:00:00",67,
"2021-04-16 00:00:00",309,-59
"2021-04-17 00:00:00",117,-53
"2021-04-18 00:00:00",108,-63
"2021-04-19 00:00:00",220,-117
"2021-04-20 00:00:00",103,-34
"2021-04-21 00:00:00",196,-29
"2021-04-22 00:00:00",74,-7
"2021-04-23 00:00:00",58,-38
"2021-04-24 00:00:00",138,-73
"2021-04-25 00:00:00",80,-17
"2021-04-26 00:00:00",90,-22
"2021-04-27 00:00:00",99,-25
"2021-04-28 00:00:00",46,-20
"2021-04-29 00:00:00",96,-18
"2021-04-30 00:00:00",53,
"2021-05-01 00:00:00",102,-25
"2021-05-02 00:00:00",63,-12
"2021-05-03 00:00:00",78,-16
"2021-05-04 00:00:00",106,-18
"2021-05-05 00:00:00",46,-8
"2021-05-06 00:00:00",74,-26
"2021-05-07 00:00:00",53,-2
"2021-05-08 00:00:00",77,
"2021-05-09 00:00:00",56,-6
"2021-05-10 00:00:00",65,-7
"2021-05-11 00:00:00",42,-9
"2021-05-12 00:00:00",69,
"2021-05-13 00:00:00",42,
"2021-05-14 00:00:00",33,-11
"2021-05-15 00:00:00",61,-6
"2021-05-16 00:00:00",44,
"2021-05-17 00:00:00",71,-8
"2021-05-18 00:00:00",33,-4
"2021-05-19 00:00:00",53,-4
"2021-05-20 00:00:00",33,-1
"2021-05-21 00:00:00",99,-9
"2021-05-22 00:00:00",63,-11
"2021-05-23 00:00:00",137,-25
"2021-05-24 00:00:00",69,-24
"2021-05-25 00:00:00",181,-22
"2021-05-26 00:00:00",63,
"2021-05-27 00:00:00",62,
"2021-05-28 00:00:00",87,
"2021-05-29 00:00:00",47,-7
"2021-05-30 00:00:00",88,-4
"2021-05-31 00:00:00",41,-3
"2021-06-01 00:00:00",43,-1
"2021-06-02 00:00:00",70,-4
"2021-06-03 00:00:00",36,-6
"2021-06-04 00:00:00",64,-6
"2021-06-05 00:00:00",37,-1
"2021-06-06 00:00:00",98,-11
"2021-06-07 00:00:00",37,
"2021-06-08 00:00:00",30,-7
"2021-06-09 00:00:00",65,
"2021-06-10 00:00:00",24,-6
"2021-06-11 00:00:00",37,
"2021-06-12 00:00:00",48,
"2021-06-13 00:00:00",33,
"2021-06-14 00:00:00",54,-8
"2021-06-15 00:00:00",39,-3
"2021-06-16 00:00:00",29,-4
"2021-06-17 00:00:00",61,-2
"2021-06-18 00:00:00",34,
"2021-06-19 00:00:00",62,-4
"2021-06-20 00:00:00",33,-3
"2021-06-21 00:00:00",85,-1
"2021-06-22 00:00:00",32,
"2021-06-23 00:00:00",39,-1
"2021-06-24 00:00:00",55,-1
"2021-06-25 00:00:00",45,-1
"2021-06-26 00:00:00",49,-2
"2021-06-27 00:00:00",113,-10
"2021-06-28 00:00:00",63,-5
"2021-06-29 00:00:00",101,-11
"2021-06-30 00:00:00",50,-7
"2021-07-01 00:00:00",46,-4
"2021-07-02 00:00:00",89,-7
"2021-07-03 00:00:00",55,-4
"2021-07-04 00:00:00",115,
"2021-07-05 00:00:00",47,-10
"2021-07-06 00:00:00",48,
"2021-07-07 00:00:00",131,-16
"2021-07-08 00:00:00",49,-6
"2021-07-09 00:00:00",98,-6
"2021-07-10 00:00:00",35,-4
"2021-07-11 00:00:00",56,-1
"2021-07-12 00:00:00",90,-12
"2021-07-13 00:00:00",32,-1
"2021-07-14 00:00:00",83,-8
"2021-07-15 00:00:00",29,
"2021-07-16 00:00:00",38,-1
"2021-07-17 00:00:00",86,-1
"2021-07-18 00:00:00",47,-2
"2021-07-19 00:00:00",85,-5
"2021-07-20 00:00:00",45,-2
"2021-07-21 00:00:00",83,-3
"2021-07-22 00:00:00",39,-2
"2021-07-23 00:00:00",62,-11
"2021-07-24 00:00:00",30,-2
"2021-07-25 00:00:00",69,-3
"2021-07-26 00:00:00",32,-5
"2021-07-27 00:00:00",31,-2
"2021-07-28 00:00:00",85,
"2021-07-29 00:00:00",26,-2
"2021-07-30 00:00:00",65,-10
"2021-07-31 00:00:00",29,-3
"2021-08-01 00:00:00",71,-3
"2021-08-02 00:00:00",29,-3
"2021-08-03 00:00:00",32,-10
"2021-08-04 00:00:00",68,
"2021-08-05 00:00:00",24,
"2021-08-06 00:00:00",52,-6
"2021-08-07 00:00:00",31,
"2021-08-08 00:00:00",34,-2
"2021-08-09 00:00:00",53,
"2021-08-10 00:00:00",38,-2
"2021-08-11 00:00:00",45,-7
"2021-08-12 00:00:00",66,
"2021-08-13 00:00:00",37,
"2021-08-14 00:00:00",59,-4
"2021-08-15 00:00:00",45,
"2021-08-16 00:00:00",42,-2
"2021-08-17 00:00:00",67,
"2021-08-18 00:00:00",31,-3
"2021-08-19 00:00:00",24,-2
"2021-08-20 00:00:00",39,
"2021-08-21 00:00:00",94,-14
"2021-08-22 00:00:00",36,
"2021-08-23 00:00:00",30,
"2021-08-24 00:00:00",42,
"2021-08-25 00:00:00",37,-3
"2021-08-26 00:00:00",56,-8
"2021-08-27 00:00:00",36,-1
"2021-08-28 00:00:00",36,
"2021-08-29 00:00:00",37,-5
"2021-08-30 00:00:00",59,-4
"2021-08-31 00:00:00",45,-7
"2021-09-01 00:00:00",36,-1
"2021-09-02 00:00:00",38,
"2021-09-03 00:00:00",66,-3
"2021-09-04 00:00:00",33,-6
"2021-09-05 00:00:00",25,-3
"2021-09-06 00:00:00",40,-4
"2021-09-07 00:00:00",28,-6
"2021-09-08 00:00:00",32,-1
"2021-09-09 00:00:00",75,-1
"2021-09-10 00:00:00",37,
"2021-09-11 00:00:00",30,-1
"2021-09-12 00:00:00",36,-2
"2021-09-13 00:00:00",54,
"2021-09-14 00:00:00",49,
"2021-09-15 00:00:00",102,
"2021-09-16 00:00:00",103,-5
"2021-09-17 00:00:00",163,-13
"2021-09-18 00:00:00",113,-15
"2021-09-19 00:00:00",111,-15
"2021-09-20 00:00:00",129,-10
"2021-09-21 00:00:00",131,-8
"2021-09-22 00:00:00",87,-1
"2021-09-23 00:00:00",47,-6
"2021-09-24 00:00:00",55,-3
"2021-09-25 00:00:00",55,-1
"2021-09-26 00:00:00",113,-3
"2021-09-27 00:00:00",30,-4
"2021-09-28 00:00:00",45,
"2021-09-29 00:00:00",48,-7
"2021-09-30 00:00:00",50,-3
"2021-10-01 00:00:00",45,-1
"2021-10-02 00:00:00",45,
"2021-10-03 00:00:00",70,-3
"2021-10-04 00:00:00",112,-4
"2021-10-05 00:00:00",35,-4
"2021-10-06 00:00:00",38,-8
"2021-10-07 00:00:00",52,-1
"2021-10-08 00:00:00",34,-4
"2021-10-09 00:00:00",45,-4
"2021-10-10 00:00:00",40,-4
"2021-10-11 00:00:00",80,-1
"2021-10-12 00:00:00",26,-1
"2021-10-13 00:00:00",34,-1
"2021-10-14 00:00:00",59,
"2021-10-15 00:00:00",44,-1
"2021-10-16 00:00:00",33,-2
"2021-10-17 00:00:00",49,-4
"2021-10-18 00:00:00",57,-5
"2021-10-19 00:00:00",38,
"2021-10-20 00:00:00",14,
"2021-10-21 00:00:00",88,
"2021-10-22 00:00:00",29,
"2021-10-23 00:00:00",52,
"2021-10-24 00:00:00",58,-5
"2021-10-25 00:00:00",58,
"2021-10-26 00:00:00",48,
"2021-10-27 00:00:00",72,-9
"2021-10-28 00:00:00",27,
"2021-10-29 00:00:00",41,
"2021-10-30 00:00:00",55,-4
"2021-10-31 00:00:00",68,-2
"2021-11-01 00:00:00",80,-6
"2021-11-02 00:00:00",55,-2
"2021-11-03 00:00:00",37,-6
"2021-11-04 00:00:00",45,-9
"2021-11-05 00:00:00",86,-3
"2021-11-06 00:00:00",53,-8
"2021-11-07 00:00:00",50,-7
"2021-11-08 00:00:00",36,-7
"2021-11-09 00:00:00",54,
"2021-11-10 00:00:00",31,-5
"2021-11-11 00:00:00",39,-3
"2021-11-12 00:00:00",42,
"2021-11-13 00:00:00",96,-1
"2021-11-14 00:00:00",52,-3
"2021-11-15 00:00:00",37,-3
"2021-11-16 00:00:00",41,-1
"2021-11-17 00:00:00",30,-4
"2021-11-18 00:00:00",31,
"2021-11-19 00:00:00",76,-2
"2021-11-20 00:00:00",50,
"2021-11-21 00:00:00",62,-1
"2021-11-22 00:00:00",67,-1
"2021-11-23 00:00:00",157,-1
"2021-11-24 00:00:00",97,-3
"2021-11-25 00:00:00",359,-9
"2021-11-26 00:00:00",330,-2
"2021-11-27 00:00:00",291,-4
"2021-11-28 00:00:00",517,
"2021-11-29 00:00:00",186,-4
"2021-11-30 00:00:00",155,-3
"2021-12-01 00:00:00",153,-2
"2021-12-02 00:00:00",74,-7
"2021-12-03 00:00:00",73,-3
"2021-12-04 00:00:00",76,
"2021-12-05 00:00:00",81,-2
"2021-12-06 00:00:00",68,-6
"2021-12-07 00:00:00",115,
"2021-12-08 00:00:00",46,-2
"2021-12-09 00:00:00",33,-2
"2021-12-10 00:00:00",32,
"2021-12-11 00:00:00",57,-1
"2021-12-12 00:00:00",65,-6
"2021-12-13 00:00:00",57,-2
"2021-12-14 00:00:00",97,-3
"2021-12-15 00:00:00",30,
"2021-12-16 00:00:00",66,
"2021-12-17 00:00:00",38,-3
"2021-12-18 00:00:00",43,-4
"2021-12-19 00:00:00",42,-3
"2021-12-20 00:00:00",37,-2
"2021-12-21 00:00:00",43,-5
"2021-12-22 00:00:00",37,
"2021-12-23 00:00:00",46,
"2021-12-24 00:00:00",133,
"2021-12-25 00:00:00",60,
"2021-12-26 00:00:00",94,-7
"2021-12-27 00:00:00",87,-6
"2021-12-28 00:00:00",74,-4
"2021-12-29 00:00:00",,
"2021-12-30 00:00:00",78,-5
"2021-12-31 00:00:00",77,-5
"2022-01-01 00:00:00",,
"2022-01-02 00:00:00",176,-5
"2022-01-03 00:00:00",92,-5
"2022-01-04 00:00:00",65,-6
"2022-01-05 00:00:00",59,-2
"2022-01-06 00:00:00",71,-2
"2022-01-07 00:00:00",68,-2
"2022-01-08 00:00:00",111,-3
"2022-01-09 00:00:00",61,-5
"2022-01-10 00:00:00",38,-7
"2022-01-11 00:00:00",46,-1
"2022-01-12 00:00:00",45,-3
"2022-01-13 00:00:00",45,-1
"2022-01-14 00:00:00",51,-4
"2022-01-15 00:00:00",53,
"2022-01-16 00:00:00",56,-7
"2022-01-17 00:00:00",47,-9
"2022-01-18 00:00:00",43,-5
"2022-01-19 00:00:00",51,
"2022-01-20 00:00:00",70,-11
"2022-01-21 00:00:00",40,-7
"2022-01-22 00:00:00",53,-7
"2022-01-23 00:00:00",53,-2
"2022-01-24 00:00:00",62,-4
"2022-01-25 00:00:00",48,-4
"2022-01-26 00:00:00",45,-4
"2022-01-27 00:00:00",40,-2
"2022-01-28 00:00:00",74,-5
"2022-01-29 00:00:00",67,-3
"2022-01-30 00:00:00",81,-11
"2022-01-31 00:00:00",,
"2022-02-01 00:00:00",98,-6
"2022-02-02 00:00:00",144,-5
"2022-02-03 00:00:00",58,-5
"2022-02-04 00:00:00",76,-6
"2022-02-05 00:00:00",59,-7
"2022-02-06 00:00:00",73,-1
"2022-02-07 00:00:00",62,-2
"2022-02-08 00:00:00",43,-8
"2022-02-09 00:00:00",46,-9
"2022-02-10 00:00:00",49,
"2022-02-11 00:00:00",37,-1
"2022-02-12 00:00:00",51,-3
"2022-02-13 00:00:00",67,-2
"2022-02-14 00:00:00",50,-4
"2022-02-15 00:00:00",30,
"2022-02-16 00:00:00",44,-5
"2022-02-17 00:00:00",47,-1
"2022-02-18 00:00:00",89,-3
"2022-02-19 00:00:00",54,-3
"2022-02-20 00:00:00",41,-2
"2022-02-21 00:00:00",45,
"2022-02-22 00:00:00",45,-2
"2022-02-23 00:00:00",,
"2022-02-24 00:00:00",61,-34
"2022-02-25 00:00:00",47,-43
"2022-02-26 00:00:00",81,-70
"2022-02-27 00:00:00",59,-14
"2022-02-28 00:00:00",34,-11
"2022-03-01 00:00:00",36,-13
"2022-03-02 00:00:00",40,-12
"2022-03-03 00:00:00",39,-3
"2022-03-04 00:00:00",26,-3
"2022-03-05 00:00:00",40,-7
"2022-03-06 00:00:00",46,-9
"2022-03-07 00:00:00",60,-10
"2022-03-08 00:00:00",14,-6
"2022-03-09 00:00:00",29,-5
"2022-03-10 00:00:00",31,-5
"2022-03-11 00:00:00",23,-5
"2022-03-12 00:00:00",77,-13
"2022-03-13 00:00:00",50,-12
"2022-03-14 00:00:00",34,-2
"2022-03-15 00:00:00",51,-4
"2022-03-16 00:00:00",39,-8
"2022-03-17 00:00:00",50,-8
"2022-03-18 00:00:00",58,-1
"2022-03-19 00:00:00",66,-5
"2022-03-20 00:00:00",61,-8
"2022-03-21 00:00:00",33,-9
"2022-03-22 00:00:00",48,-11
"2022-03-23 00:00:00",43,-9
"2022-03-24 00:00:00",23,-4
"2022-03-25 00:00:00",47,-7
"2022-03-26 00:00:00",45,-1
"2022-03-27 00:00:00",54,-3
"2022-03-28 00:00:00",41,-8
"2022-03-29 00:00:00",47,-4
"2022-03-30 00:00:00",68,-4
"2022-03-31 00:00:00",54,-5
"2022-04-01 00:00:00",28,-8
"2022-04-02 00:00:00",54,-5
"2022-04-03 00:00:00",56,-8
"2022-04-04 00:00:00",45,-10
"2022-04-05 00:00:00",40,-6
"2022-04-06 00:00:00",30,-10
"2022-04-07 00:00:00",38,-10
"2022-04-08 00:00:00",33,-2
"2022-04-09 00:00:00",42,-1
"2022-04-10 00:00:00",63,-4
"2022-04-11 00:00:00",41,-2
"2022-04-12 00:00:00",36,-5
"2022-04-13 00:00:00",41,-5
"2022-04-14 00:00:00",83,-6
"2022-04-15 00:00:00",40,-7
"2022-04-16 00:00:00",39,-7
"2022-04-17 00:00:00",52,-7
"2022-04-18 00:00:00",51,
"2022-04-19 00:00:00",44,
"2022-04-20 00:00:00",33,-2
"2022-04-21 00:00:00",37,-6
"2022-04-22 00:00:00",35,
"2022-04-23 00:00:00",39,-3
"2022-04-24 00:00:00",46,-3
"2022-04-25 00:00:00",53,-6
"2022-04-26 00:00:00",45,-5
"2022-04-27 00:00:00",72,-9
"2022-04-28 00:00:00",32,-3
"2022-04-29 00:00:00",36,-6
"2022-04-30 00:00:00",49,
"2022-05-01 00:00:00",53,-8
"2022-05-02 00:00:00",52,-2
"2022-05-03 00:00:00",43,-2
"2022-05-04 00:00:00",41,
"2022-05-05 00:00:00",34,-4
"2022-05-06 00:00:00",31,-3
"2022-05-07 00:00:00",97,-8
"2022-05-08 00:00:00",59,
"2022-05-09 00:00:00",58,
"2022-05-10 00:00:00",41,-4
"2022-05-11 00:00:00",48,-4
"2022-05-12 00:00:00",68,
"2022-05-13 00:00:00",154,-69
"2022-05-14 00:00:00",118,-56
"2022-05-15 00:00:00",147,-35
"2022-05-16 00:00:00",112,-32
"2022-05-17 00:00:00",102,-22
"2022-05-18 00:00:00",104,-12
"2022-05-19 00:00:00",96,-20
"2022-05-20 00:00:00",112,-23
"2022-05-21 00:00:00",136,-43
"2022-05-22 00:00:00",223,-35
"2022-05-23 00:00:00",205,-40
"2022-05-24 00:00:00",263,-52
"2022-05-25 00:00:00",144,-42
"2022-05-26 00:00:00",90,-14
"2022-05-27 00:00:00",82,-5
"2022-05-28 00:00:00",88,-9
"2022-05-29 00:00:00",149,-27
"2022-05-30 00:00:00",70,-8
"2022-05-31 00:00:00",61,-9
"2022-06-01 00:00:00",51,-14
"2022-06-02 00:00:00",57,-2
"2022-06-03 00:00:00",66,-9
"2022-06-04 00:00:00",50,-3
"2022-06-05 00:00:00",67,-1
"2022-06-06 00:00:00",47,-7
"2022-06-07 00:00:00",44,-4
"2022-06-08 00:00:00",42,-3
"2022-06-09 00:00:00",43,-3
"2022-06-10 00:00:00",52,-6
"2022-06-11 00:00:00",48,-6
"2022-06-12 00:00:00",39,-7
"2022-06-13 00:00:00",47,-4
"2022-06-14 00:00:00",51,-1
"2022-06-15 00:00:00",33,-6
"2022-06-16 00:00:00",70,-22
"2022-06-17 00:00:00",25,-3
"2022-06-18 00:00:00",51,-6
"2022-06-19 00:00:00",43,-1
"2022-06-20 00:00:00",49,-2
"2022-06-21 00:00:00",49,-11
"2022-06-22 00:00:00",38,-3
"2022-06-23 00:00:00",37,-3
"2022-06-24 00:00:00",51,-10
"2022-06-25 00:00:00",56,-10
"2022-06-26 00:00:00",67,-1
"2022-06-27 00:00:00",57,-3
"2022-06-28 00:00:00",40,-10
"2022-06-29 00:00:00",55,-3
"2022-06-30 00:00:00",53,-1
"2022-07-01 00:00:00",48,-5
"2022-07-02 00:00:00",50,-6
"2022-07-03 00:00:00",64,-14
"2022-07-04 00:00:00",53,-10
"2022-07-05 00:00:00",58,-6
"2022-07-06 00:00:00",54,-13
"2022-07-07 00:00:00",64,
"2022-07-08 00:00:00",48,
"2022-07-09 00:00:00",44,-8
"2022-07-10 00:00:00",45,-7
"2022-07-11 00:00:00",51,-2
"2022-07-12 00:00:00",37,-7
"2022-07-13 00:00:00",48,-1
"2022-07-14 00:00:00",43,-5
"2022-07-15 00:00:00",46,-1
"2022-07-16 00:00:00",40,-6
"2022-07-17 00:00:00",44,-12
"2022-07-18 00:00:00",42,-1
"2022-07-19 00:00:00",34,
"2022-07-20 00:00:00",32,-3
"2022-07-21 00:00:00",32,-1
"2022-07-22 00:00:00",34,-1
"2022-07-23 00:00:00",43,-8
"2022-07-24 00:00:00",40,-2
"2022-07-25 00:00:00",43,-5
"2022-07-26 00:00:00",43,-9
"2022-07-27 00:00:00",38,-1
"2022-07-28 00:00:00",56,-1
"2022-07-29 00:00:00",50,
"2022-07-30 00:00:00",45,
"2022-07-31 00:00:00",33,-3
"2022-08-01 00:00:00",32,-8
"2022-08-02 00:00:00",28,
"2022-08-03 00:00:00",26,-3
"2022-08-04 00:00:00",42,-1
"2022-08-05 00:00:00",30,-3
"2022-08-06 00:00:00",32,-2
"2022-08-07 00:00:00",31,-1
"2022-08-08 00:00:00",32,
"2022-08-09 00:00:00",30,-2
"2022-08-10 00:00:00",19,
"2022-08-11 00:00:00",25,-6
"2022-08-12 00:00:00",21,-4
"2022-08-13 00:00:00",41,
"2022-08-14 00:00:00",31,-5
"2022-08-15 00:00:00",34,-2
"2022-08-16 00:00:00",38,-4
"2022-08-17 00:00:00",33,-8
"2022-08-18 00:00:00",50,-3
"2022-08-19 00:00:00",39,-2
"2022-08-20 00:00:00",28,-3
"2022-08-21 00:00:00",40,
"2022-08-22 00:00:00",41,-2
"2022-08-23 00:00:00",33,-4
"2022-08-24 00:00:00",42,-1
"2022-08-25 00:00:00",32,-1
"2022-08-26 00:00:00",32,-4
"2022-08-27 00:00:00",34,-3
"2022-08-28 00:00:00",37,-1
"2022-08-29 00:00:00",45,-10
"2022-08-30 00:00:00",20,
"2022-08-31 00:00:00",31,-4
"2022-09-01 00:00:00",36,
"2022-09-02 00:00:00",,
"2022-09-03 00:00:00",46,-1
"2022-09-04 00:00:00",49,-7
"2022-09-05 00:00:00",,
"2022-09-06 00:00:00",90,
"2022-09-07 00:00:00",27,
"2022-09-08 00:00:00",28,-2
"2022-09-09 00:00:00",37,-1
"2022-09-10 00:00:00",44,-2
"2022-09-11 00:00:00",31,-8
"2022-09-12 00:00:00",44,
"2022-09-13 00:00:00",37,
"2022-09-14 00:00:00",24,
"2022-09-15 00:00:00",31,
"2022-09-16 00:00:00",28,-3
"2022-09-17 00:00:00",37,-2
"2022-09-18 00:00:00",44,
"2022-09-19 00:00:00",45,-1
"2022-09-20 00:00:00",52,-4
"2022-09-21 00:00:00",88,-11
"2022-09-22 00:00:00",59,-10
"2022-09-23 00:00:00",55,-2
"2022-09-24 00:00:00",66,-7
"2022-09-25 00:00:00",52,-1
"2022-09-26 00:00:00",69,-6
"2022-09-27 00:00:00",41,-7
"2022-09-28 00:00:00",35,
"2022-09-29 00:00:00",32,-2
"2022-09-30 00:00:00",28,-2
"2022-10-01 00:00:00",58,
"2022-10-02 00:00:00",52,
"2022-10-03 00:00:00",45,-1
"2022-10-04 00:00:00",31,-2
"2022-10-05 00:00:00",42,-4
"2022-10-06 00:00:00",44,-5
"2022-10-07 00:00:00",42,
"2022-10-08 00:00:00",44,
"2022-10-09 00:00:00",,
"2022-10-10 00:00:00",43,
"2022-10-11 00:00:00",39,
"2022-10-12 00:00:00",49,-1
"2022-10-13 00:00:00",26,-2
"2022-10-14 00:00:00",42,-3
"2022-10-15 00:00:00",39,-4
"2022-10-16 00:00:00",54,
"2022-10-17 00:00:00",53,-2
"2022-10-18 00:00:00",43,-1
"2022-10-19 00:00:00",44,-2
"2022-10-20 00:00:00",37,-4
"2022-10-21 00:00:00",23,
"2022-10-22 00:00:00",43,-2
"2022-10-23 00:00:00",,
"2022-10-24 00:00:00",42,
"2022-10-25 00:00:00",30,
"2022-10-26 00:00:00",41,-2
"2022-10-27 00:00:00",44,-5
"2022-10-28 00:00:00",47,-5
"2022-10-29 00:00:00",58,-9
"2022-10-30 00:00:00",47,-4
"2022-10-31 00:00:00",41,-5
"2022-11-01 00:00:00",41,-1
"2022-11-02 00:00:00",41,
"2022-11-03 00:00:00",42,-3
"2022-11-04 00:00:00",46,-2
"2022-11-05 00:00:00",,
"2022-11-06 00:00:00",53,-4
"2022-11-07 00:00:00",49,-5
"2022-11-08 00:00:00",47,-1
"2022-11-09 00:00:00",29,-1
"2022-11-10 00:00:00",34,-4
"2022-11-11 00:00:00",33,-2
"2022-11-12 00:00:00",53,-1
"2022-11-13 00:00:00",45,
"2022-11-14 00:00:00",,
"2022-11-15 00:00:00",,
"2022-11-16 00:00:00",68,
"2022-11-17 00:00:00",23,-1
"2022-11-18 00:00:00",24,-6
"2022-11-19 00:00:00",28,
"2022-11-20 00:00:00",28,-4
"2022-11-21 00:00:00",44,
"2022-11-22 00:00:00",30,-1
"2022-11-23 00:00:00",150,-2
"2022-11-24 00:00:00",208,
"2022-11-25 00:00:00",158,-6
"2022-11-26 00:00:00",122,-8
"2022-11-27 00:00:00",131,-2
"2022-11-28 00:00:00",118,
"2022-11-29 00:00:00",169,-4
"2022-11-30 00:00:00",91,-10
"2022-12-01 00:00:00",62,-5
"2022-12-02 00:00:00",57,-9
"2022-12-03 00:00:00",63,-6
"2022-12-04 00:00:00",65,-7
"2022-12-05 00:00:00",38,-3
"2022-12-06 00:00:00",60,-4
"2022-12-07 00:00:00",40,-2
"2022-12-08 00:00:00",,
"2022-12-09 00:00:00",34,-5
"2022-12-10 00:00:00",39,-2
"2022-12-11 00:00:00",60,-5
"2022-12-12 00:00:00",45,-5
"2022-12-13 00:00:00",36,-2
"2022-12-14 00:00:00",49,-2
"2022-12-15 00:00:00",44,-4
"2022-12-16 00:00:00",26,
"2022-12-17 00:00:00",45,-6
"2022-12-18 00:00:00",,
"2022-12-19 00:00:00",49,-7
"2022-12-20 00:00:00",38,-3
"2022-12-21 00:00:00",52,-1
"2022-12-22 00:00:00",35,-2
"2022-12-23 00:00:00",61,-4
"2022-12-24 00:00:00",67,-6
"2022-12-25 00:00:00",77,-5
"2022-12-26 00:00:00",71,-7
"2022-12-27 00:00:00",,
"2022-12-28 00:00:00",77,-7
"2022-12-29 00:00:00",72,-4
"2022-12-30 00:00:00",81,-5
"2022-12-31 00:00:00",69,-11
"2023-01-01 00:00:00",,
"2023-01-02 00:00:00",168,-13
"2023-01-03 00:00:00",,
"2023-01-04 00:00:00",71,
"2023-01-05 00:00:00",76,-9
"2023-01-06 00:00:00",82,-8
"2023-01-07 00:00:00",70,-6
"2023-01-08 00:00:00",66,
"2023-01-09 00:00:00",67,
"2023-01-10 00:00:00",58,-8
"2023-01-11 00:00:00",51,-5
"2023-01-12 00:00:00",,
"2023-01-13 00:00:00",,
"2023-01-14 00:00:00",96,-5
"2023-01-15 00:00:00",67,
"2023-01-16 00:00:00",60,-5
"2023-01-17 00:00:00",49,-5
"2023-01-18 00:00:00",51,
"2023-01-19 00:00:00",48,-7
"2023-01-20 00:00:00",48,-2
"2023-01-21 00:00:00",43,-6
"2023-01-22 00:00:00",49,-2
"2023-01-23 00:00:00",,
"2023-01-24 00:00:00",,
"2023-01-25 00:00:00",106,-10
"2023-01-26 00:00:00",57,-2
"2023-01-27 00:00:00",,
"2023-01-28 00:00:00",60,-2
"2023-01-29 00:00:00",67,-10
"2023-01-30 00:00:00",43,
"2023-01-31 00:00:00",52,
"2023-02-01 00:00:00",51,-9
"2023-02-02 00:00:00",,
"2023-02-03 00:00:00",39,-9
"2023-02-04 00:00:00",40,-15
"2023-02-05 00:00:00",51,-1
"2023-02-06 00:00:00",40,-6
"2023-02-07 00:00:00",39,-8
"2023-02-08 00:00:00",40,-3
"2023-02-09 00:00:00",38,-1
"2023-02-10 00:00:00",40,-2
"2023-02-11 00:00:00",,
"2023-02-12 00:00:00",46,-6
"2023-02-13 00:00:00",59,-2
"2023-02-14 00:00:00",49,-6
"2023-02-15 00:00:00",32,-1
"2023-02-16 00:00:00",43,-6
"2023-02-17 00:00:00",,
"2023-02-18 00:00:00",,
"2023-02-19 00:00:00",96,-7
"2023-02-20 00:00:00",66,-9
"2023-02-21 00:00:00",,
"2023-02-22 00:00:00",31,
"2023-02-23 00:00:00",43,
"2023-02-24 00:00:00",36,
"2023-02-25 00:00:00",49,-2
"2023-02-26 00:00:00",54,-4
"2023-02-27 00:00:00",21,-9
"2023-02-28 00:00:00",34,-7
"2023-03-01 00:00:00",,
"2023-03-02 00:00:00",43,-3
"2023-03-03 00:00:00",33,-4
"2023-03-04 00:00:00",56,-4
"2023-03-05 00:00:00",55,-1
"2023-03-06 00:00:00",45,-4
"2023-03-07 00:00:00",34,-1
"2023-03-08 00:00:00",32,
"2023-03-09 00:00:00",44,
"2023-03-10 00:00:00",,
"2023-03-11 00:00:00",34,-3
"2023-03-12 00:00:00",60,-5
"2023-03-13 00:00:00",46,
"2023-03-14 00:00:00",53,-3
"2023-03-15 00:00:00",96,-4
"2023-03-16 00:00:00",105,-20
"2023-03-17 00:00:00",79,-18
"2023-03-18 00:00:00",,
"2023-03-19 00:00:00",98,-21
"2023-03-20 00:00:00",94,-5
"2023-03-21 00:00:00",70,-5
"2023-03-22 00:00:00",91,-9
"2023-03-23 00:00:00",73,-6
"2023-03-24 00:00:00",,
"2023-03-25 00:00:00",68,-5
"2023-03-26 00:00:00",89,-7
"2023-03-27 00:00:00",56,-1
"2023-03-28 00:00:00",48,-4
"2023-03-29 00:00:00",38,-7
"2023-03-30 00:00:00",,
"2023-03-31 00:00:00",,
"2023-04-01 00:00:00",102,-7
"2023-04-02 00:00:00",64,-2
"2023-04-03 00:00:00",41,-6
"2023-04-04 00:00:00",33,-7
"2023-04-05 00:00:00",,
"2023-04-06 00:00:00",,
"2023-04-07 00:00:00",102,-9
"2023-04-08 00:00:00",30,-3
"2023-04-09 00:00:00",48,-5
"2023-04-10 00:00:00",41,-3
"2023-04-11 00:00:00",40,
"2023-04-12 00:00:00",,
"2023-04-13 00:00:00",44,-5
"2023-04-14 00:00:00",37,-5
"2023-04-15 00:00:00",31,
"2023-04-16 00:00:00",42,
"2023-04-17 00:00:00",44,
"2023-04-18 00:00:00",,
"2023-04-19 00:00:00",,
"2023-04-20 00:00:00",62,-4
"2023-04-21 00:00:00",42,
"2023-04-22 00:00:00",48,-1
"2023-04-23 00:00:00",48,-3
"2023-04-24 00:00:00",42,
"2023-04-25 00:00:00",,
"2023-04-26 00:00:00",36,
"2023-04-27 00:00:00",45,
"2023-04-28 00:00:00",33,
"2023-04-29 00:00:00",52,-2
"2023-04-30 00:00:00",47,-6
"2023-05-01 00:00:00",33,
"2023-05-02 00:00:00",,
"2023-05-03 00:00:00",35,
"2023-05-04 00:00:00",40,-1
"2023-05-05 00:00:00",41,-1
"2023-05-06 00:00:00",47,-6
"2023-05-07 00:00:00",59,-2
"2023-05-08 00:00:00",,
"2023-05-09 00:00:00",41,
"2023-05-10 00:00:00",99,-35
"2023-05-11 00:00:00",84,-18
"2023-05-12 00:00:00",83,-23
"2023-05-13 00:00:00",99,-25
"2023-05-14 00:00:00",,
"2023-05-15 00:00:00",117,-15
"2023-05-16 00:00:00",67,-2
"2023-05-17 00:00:00",64,-9
"2023-05-18 00:00:00",60,-17
"2023-05-19 00:00:00",86,-9
"2023-05-20 00:00:00",,
"2023-05-21 00:00:00",89,-9
"2023-05-22 00:00:00",68,-10
"2023-05-23 00:00:00",47,-7
"2023-05-24 00:00:00",50,-13
"2023-05-25 00:00:00",40,-2
"2023-05-26 00:00:00",59,-2
"2023-05-27 00:00:00",,
"2023-05-28 00:00:00",73,-9
"2023-05-29 00:00:00",62,-2
"2023-05-30 00:00:00",58,-4
"2023-05-31 00:00:00",58,-1
"2023-06-01 00:00:00",,
"2023-06-02 00:00:00",45,-8
"2023-06-03 00:00:00",49,-8
"2023-06-04 00:00:00",41,-4
"2023-06-05 00:00:00",48,-3
"2023-06-06 00:00:00",48,-8
"2023-06-07 00:00:00",,
"2023-06-08 00:00:00",,
"2023-06-09 00:00:00",61,-13
"2023-06-10 00:00:00",28,-1
"2023-06-11 00:00:00",50,-7
"2023-06-12 00:00:00",24,-7
"2023-06-13 00:00:00",,
"2023-06-14 00:00:00",45,-1
"2023-06-15 00:00:00",31,-10
"2023-06-16 00:00:00",46,-2
"2023-06-17 00:00:00",52,-11
"2023-06-18 00:00:00",42,-5
"2023-06-19 00:00:00",,
"2023-06-20 00:00:00",33,-7
"2023-06-21 00:00:00",35,-3
"2023-06-22 00:00:00",35,-6
"2023-06-23 00:00:00",83,-20
"2023-06-24 00:00:00",,
"2023-06-25 00:00:00",133,-32
"2023-06-26 00:00:00",131,-33
"2023-06-27 00:00:00",148,-23
"2023-06-28 00:00:00",81,-9
"2023-06-29 00:00:00",,
"2023-06-30 00:00:00",68,-5
"2023-07-01 00:00:00",90,-7
"2023-07-02 00:00:00",115,-16
"2023-07-03 00:00:00",,
"2023-07-04 00:00:00",69,-3
"2023-07-05 00:00:00",89,-6
"2023-07-06 00:00:00",,
"2023-07-07 00:00:00",,
"2023-07-08 00:00:00",,
"2023-07-09 00:00:00",262,-10
"2023-07-10 00:00:00",,
"2023-07-11 00:00:00",,
"2023-07-12 00:00:00",185,-12
"2023-07-13 00:00:00",74,-8
"2023-07-14 00:00:00",66,-8
"2023-07-15 00:00:00",,
"2023-07-16 00:00:00",60,-15
"2023-07-17 00:00:00",48,-4
"2023-07-18 00:00:00",58,-4
"2023-07-19 00:00:00",,
"2023-07-20 00:00:00",36,-4
"2023-07-21 00:00:00",38,-6
"2023-07-22 00:00:00",52,-6
"2023-07-23 00:00:00",,
"2023-07-24 00:00:00",43,-4
"2023-07-25 00:00:00",41,-9
"2023-07-26 00:00:00",43,-5
"2023-07-27 00:00:00",50,-7
"2023-07-28 00:00:00",,
"2023-07-29 00:00:00",50,-4
"2023-07-30 00:00:00",48,-7
"2023-07-31 00:00:00",,
"2023-08-01 00:00:00",,
"2023-08-02 00:00:00",89,-3
"2023-08-03 00:00:00",31,-2
"2023-08-04 00:00:00",44,-5
"2023-08-05 00:00:00",35,-2
"2023-08-06 00:00:00",,
"2023-08-07 00:00:00",43,
"2023-08-08 00:00:00",32,-2
"2023-08-09 00:00:00",50,-7
"2023-08-10 00:00:00",,
"2023-08-11 00:00:00",45,-1
"2023-08-12 00:00:00",31,-3
"2023-08-13 00:00:00",49,-2
"2023-08-14 00:00:00",,
"2023-08-15 00:00:00",41,-3
"2023-08-16 00:00:00",40,-4
"2023-08-17 00:00:00",41,-9
"2023-08-18 00:00:00",,
"2023-08-19 00:00:00",36,
"2023-08-20 00:00:00",40,-3
"2023-08-21 00:00:00",55,-1
"2023-08-22 00:00:00",,
"2023-08-23 00:00:00",43,
"2023-08-24 00:00:00",37,
"2023-08-25 00:00:00",47,-4
"2023-08-26 00:00:00",,
"2023-08-27 00:00:00",44,
"2023-08-28 00:00:00",32,-7
"2023-08-29 00:00:00",61,-8
"2023-08-30 00:00:00",,
"2023-08-31 00:00:00",55,-9
"2023-09-01 00:00:00",50,-9
"2023-09-02 00:00:00",,
"2023-09-03 00:00:00",,
"2023-09-04 00:00:00",102,-7
"2023-09-05 00:00:00",40,-6
"2023-09-06 00:00:00",40,
"2023-09-07 00:00:00",37,
"2023-09-08 00:00:00",,
"2023-09-09 00:00:00",43,-6
"2023-09-10 00:00:00",50,-2
"2023-09-11 00:00:00",39,-7
"2023-09-12 00:00:00",,
"2023-09-13 00:00:00",38,-8
"2023-09-14 00:00:00",40,-5
"2023-09-15 00:00:00",39,-7
"2023-09-16 00:00:00",,
"2023-09-17 00:00:00",44,-7
"2023-09-18 00:00:00",44,-4
"2023-09-19 00:00:00",40,-10
"2023-09-20 00:00:00",,
"2023-09-21 00:00:00",35,
"2023-09-22 00:00:00",29,-1
"2023-09-23 00:00:00",,
"2023-09-24 00:00:00",,
"2023-09-25 00:00:00",77,-14
"2023-09-26 00:00:00",27,-5
"2023-09-27 00:00:00",34,-5
"2023-09-28 00:00:00",,
"2023-09-29 00:00:00",34,-7
"2023-09-30 00:00:00",19,-8
"2023-10-01 00:00:00",50,-3
"2023-10-02 00:00:00",,
"2023-10-03 00:00:00",35,-5
"2023-10-04 00:00:00",37,-4
"2023-10-05 00:00:00",38,-10
"2023-10-06 00:00:00",,
"2023-10-07 00:00:00",39,-11
"2023-10-08 00:00:00",33,-5
"2023-10-09 00:00:00",36,-1
"2023-10-10 00:00:00",,
"2023-10-11 00:00:00",27,-7
"2023-10-12 00:00:00",35,-8
"2023-10-13 00:00:00",38,
"2023-10-14 00:00:00",,
"2023-10-15 00:00:00",53,-1
"2023-10-16 00:00:00",42,-9
"2023-10-17 00:00:00",,
"2023-10-18 00:00:00",32,-2
"2023-10-19 00:00:00",27,-5
"2023-10-20 00:00:00",,
"2023-10-21 00:00:00",,
"2023-10-22 00:00:00",95,-4
"2023-10-23 00:00:00",33,-2
"2023-10-24 00:00:00",41,
"2023-10-25 00:00:00",,
"2023-10-26 00:00:00",37,
"2023-10-27 00:00:00",20,-1
"2023-10-28 00:00:00",26,-4
"2023-10-29 00:00:00",66,
"2023-10-30 00:00:00",,
"2023-10-31 00:00:00",32,-2
"2023-11-01 00:00:00",42,-3
"2023-11-02 00:00:00",39,
"2023-11-03 00:00:00",,
"2023-11-04 00:00:00",24,
"2023-11-05 00:00:00",53,-4
"2023-11-06 00:00:00",,
"2023-11-07 00:00:00",32,-7
"2023-11-08 00:00:00",30,-4
"2023-11-09 00:00:00",29,-7
"2023-11-10 00:00:00",,
"2023-11-11 00:00:00",28,-4
"2023-11-12 00:00:00",45,-3
"2023-11-13 00:00:00",,
"2023-11-14 00:00:00",42,-7
"2023-11-15 00:00:00",15,-3
"2023-11-16 00:00:00",,
"2023-11-17 00:00:00",81,-9
"2023-11-18 00:00:00",77,-40
"2023-11-19 00:00:00",,
"2023-11-20 00:00:00",85,-46
"2023-11-21 00:00:00",99,-30
"2023-11-22 00:00:00",,
"2023-11-23 00:00:00",599,-17
"2023-11-24 00:00:00",323,-13
"2023-11-25 00:00:00",,
"2023-11-26 00:00:00",277,-22
"2023-11-27 00:00:00",224,-28
"2023-11-28 00:00:00",,
"2023-11-29 00:00:00",132,-18
"2023-11-30 00:00:00",64,-18
"2023-12-01 00:00:00",,
"2023-12-02 00:00:00",54,-12
"2023-12-03 00:00:00",,
"2023-12-04 00:00:00",,
"2023-12-05 00:00:00",125,-15
"2023-12-06 00:00:00",29,-6
"2023-12-07 00:00:00",,
"2023-12-08 00:00:00",44,-11
"2023-12-09 00:00:00",51,-6
"2023-12-10 00:00:00",,
"2023-12-11 00:00:00",33,-7
"2023-12-12 00:00:00",50,-3
"2023-12-13 00:00:00",,
"2023-12-14 00:00:00",32,-5
"2023-12-15 00:00:00",48,
"2023-12-16 00:00:00",,
"2023-12-17 00:00:00",30,-14
"2023-12-18 00:00:00",34,-11
"2023-12-19 00:00:00",,
"2023-12-20 00:00:00",48,-7
"2023-12-21 00:00:00",41,-1
"2023-12-22 00:00:00",,
"2023-12-23 00:00:00",50,-9
"2023-12-24 00:00:00",61,-15
"2023-12-25 00:00:00",,
"2023-12-26 00:00:00",64,-5
"2023-12-27 00:00:00",62,-16
"2023-12-28 00:00:00",,
"2023-12-29 00:00:00",58,-8
"2023-12-30 00:00:00",,
"2023-12-31 00:00:00",85,-10
"2024-01-01 00:00:00",58,-12
"2024-01-02 00:00:00",,
"2024-01-03 00:00:00",85,-9
"2024-01-04 00:00:00",66,-10
"2024-01-05 00:00:00",,
"2024-01-06 00:00:00",72,-6
"2024-01-07 00:00:00",57,-10
"2024-01-08 00:00:00",,
"2024-01-09 00:00:00",49,-15
"2024-01-10 00:00:00",38,-13
"2024-01-11 00:00:00",,
"2024-01-12 00:00:00",33,-10
"2024-01-13 00:00:00",41,-5
"2024-01-14 00:00:00",,
"2024-01-15 00:00:00",59,-14
"2024-01-16 00:00:00",54,-3
"2024-01-17 00:00:00",,
"2024-01-18 00:00:00",44,-5
"2024-01-19 00:00:00",48,-19
"2024-01-20 00:00:00",,
"2024-01-21 00:00:00",58,-25
"2024-01-22 00:00:00",,
"2024-01-23 00:00:00",41,-15
"2024-01-24 00:00:00",47,
"2024-01-25 00:00:00",,
"2024-01-26 00:00:00",33,-17
"2024-01-27 00:00:00",42,-12
"2024-01-28 00:00:00",,
"2024-01-29 00:00:00",63,-7
"2024-01-30 00:00:00",,
"2024-01-31 00:00:00",31,-16
"2024-02-01 00:00:00",32,-12
"2024-02-02 00:00:00",,
"2024-02-03 00:00:00",44,-1
"2024-02-04 00:00:00",48,-7
"2024-02-05 00:00:00",,
"2024-02-06 00:00:00",42,-5
"2024-02-07 00:00:00",34,-9
"2024-02-08 00:00:00",,
"2024-02-09 00:00:00",38,-9
"2024-02-10 00:00:00",46,-7
"2024-02-11 00:00:00",,
"2024-02-12 00:00:00",34,-12
"2024-02-13 00:00:00",,
"2024-02-14 00:00:00",49,-11
"2024-02-15 00:00:00",,
"2024-02-16 00:00:00",31,-3
"2024-02-17 00:00:00",40,-15
"2024-02-18 00:00:00",,
"2024-02-19 00:00:00",54,-10
"2024-02-20 00:00:00",22,-9
"2024-02-21 00:00:00",,
"2024-02-22 00:00:00",28,-9
"2024-02-23 00:00:00",,
"2024-02-24 00:00:00",49,-8
"2024-02-25 00:00:00",44,-17
"2024-02-26 00:00:00",,
"2024-02-27 00:00:00",29,-10
"2024-02-28 00:00:00",,
"2024-02-29 00:00:00",7,-167
"2024-03-01 00:00:00",17,-108
"2024-03-02 00:00:00",,
"2024-03-03 00:00:00",40,-96
"2024-03-04 00:00:00",,
"2024-03-05 00:00:00",43,-57
"2024-03-06 00:00:00",,
"2024-03-07 00:00:00",16,-27
"2024-03-08 00:00:00",,
"2024-03-09 00:00:00",40,-26
"2024-03-10 00:00:00",,
"2024-03-11 00:00:00",51,-32
"2024-03-12 00:00:00",,
"2024-03-13 00:00:00",36,-30
"2024-03-14 00:00:00",28,-14
"2024-03-15 00:00:00",,
"2024-03-16 00:00:00",57,-45
"2024-03-17 00:00:00",,
"2024-03-18 00:00:00",76,-48
"2024-03-19 00:00:00",66,-37
"2024-03-20 00:00:00",,
"2024-03-21 00:00:00",53,-29
"2024-03-22 00:00:00",52,-18
"2024-03-23 00:00:00",,
"2024-03-24 00:00:00",66,-18
"2024-03-25 00:00:00",43,-26
"2024-03-26 00:00:00",,
"2024-03-27 00:00:00",39,-16
"2024-03-28 00:00:00",,
"2024-03-29 00:00:00",46,-22
"2024-03-30 00:00:00",57,-11
"2024-03-31 00:00:00",,
"2024-04-01 00:00:00",47,-21
"2024-04-02 00:00:00",36,-24
"2024-04-03 00:00:00",23,-2
"2024-04-04 00:00:00",,
"2024-04-05 00:00:00",55,-20
"2024-04-06 00:00:00",,
"2024-04-07 00:00:00",56,-12
"2024-04-08 00:00:00",33,-9
"2024-04-09 00:00:00",23,-14
"2024-04-10 00:00:00",12,-7
"2024-04-11 00:00:00",22,-7
"2024-04-12 00:00:00",17,-16
"2024-04-13 00:00:00",26,-32
"2024-04-14 00:00:00",28,-16
"2024-04-15 00:00:00",16,-14
"2024-04-16 00:00:00",29,-4
"2024-04-17 00:00:00",12,-4
"2024-04-18 00:00:00",29,-14
"2024-04-19 00:00:00",19,-4
"2024-04-20 00:00:00",13,-4
"2024-04-21 00:00:00",32,-6
"2024-04-22 00:00:00",25,-4
"2024-04-23 00:00:00",13,-3
"2024-04-24 00:00:00",14,-7
"2024-04-25 00:00:00",26,-10
"2024-04-26 00:00:00",15,-1
"2024-04-27 00:00:00",17,-6
"2024-04-28 00:00:00",20,-8
"2024-04-29 00:00:00",19,-1
"2024-04-30 00:00:00",13,-2
"2024-05-01 00:00:00",31,-9
"2024-05-02 00:00:00",27,-6
"2024-05-03 00:00:00",22,-8
"2024-05-04 00:00:00",24,-12
"2024-05-05 00:00:00",28,-9
"2024-05-06 00:00:00",34,
"2024-05-07 00:00:00",74,-1
"2024-05-08 00:00:00",67,-34
"2024-05-09 00:00:00",87,-31
"2024-05-10 00:00:00",65,-33
"2024-05-11 00:00:00",65,-169
"2024-05-12 00:00:00",80,-71
"2024-05-13 00:00:00",134,-46
"2024-05-14 00:00:00",49,-12
"2024-05-15 00:00:00",44,-8
"2024-05-16 00:00:00",55,-15
"2024-05-17 00:00:00",77,-9
"2024-05-18 00:00:00",32,-7
"2024-05-19 00:00:00",78,-4
"2024-05-20 00:00:00",75,-16
"2024-05-21 00:00:00",24,-9
"2024-05-22 00:00:00",41,
"2024-05-23 00:00:00",45,-6
"2024-05-24 00:00:00",32,-3
"2024-05-25 00:00:00",31,
"2024-05-26 00:00:00",51,-11
"2024-05-27 00:00:00",44,-10
"2024-05-28 00:00:00",42,-4
"2024-05-29 00:00:00",20,-3
"2024-05-30 00:00:00",51,-9
"2024-05-31 00:00:00",22,
"2024-06-01 00:00:00",32,-9
"2024-06-02 00:00:00",33,-4
"2024-06-03 00:00:00",35,-7
"2024-06-04 00:00:00",25,-3
"2024-06-05 00:00:00",21,-3
"2024-06-06 00:00:00",25,-6
"2024-06-07 00:00:00",28,-3
"2024-06-08 00:00:00",40,-4
"2024-06-09 00:00:00",36,-7
"2024-06-10 00:00:00",41,-3
"2024-06-11 00:00:00",27,-4
"2024-06-12 00:00:00",27,-2
"2024-06-13 00:00:00",34,-3
"2024-06-14 00:00:00",15,-5
"2024-06-15 00:00:00",22,
"2024-06-16 00:00:00",42,-9
"2024-06-17 00:00:00",46,-7
"2024-06-18 00:00:00",27,-8
"2024-06-19 00:00:00",24,-6
"2024-06-20 00:00:00",27,-3
"2024-06-21 00:00:00",28,-15
"2024-06-22 00:00:00",68,-26
"2024-06-23 00:00:00",96,-29
"2024-06-24 00:00:00",128,-42
"2024-06-25 00:00:00",66,-11
"2024-06-26 00:00:00",58,-12
"2024-06-27 00:00:00",57,-7
"2024-06-28 00:00:00",46,-9
"2024-06-29 00:00:00",38,-4
"2024-06-30 00:00:00",56,-9
"2024-07-01 00:00:00",48,-6
"2024-07-02 00:00:00",42,-5
"2024-07-03 00:00:00",40,-4
"2024-07-04 00:00:00",41,-2
"2024-07-05 00:00:00",39,-4
"2024-07-06 00:00:00",53,-2
"2024-07-07 00:00:00",36,-2
"2024-07-08 00:00:00",53,-2
"2024-07-09 00:00:00",49,-7
"2024-07-10 00:00:00",31,-6
"2024-07-11 00:00:00",48,-3
"2024-07-12 00:00:00",22,-2
"2024-07-13 00:00:00",27,-4
"2024-07-14 00:00:00",44,-2
"2024-07-15 00:00:00",39,-2
"2024-07-16 00:00:00",40,-2
"2024-07-17 00:00:00",33,-4
"2024-07-18 00:00:00",29,-5
"2024-07-19 00:00:00",26,-2
"2024-07-20 00:00:00",26,-3
"2024-07-21 00:00:00",32,-5
"2024-07-22 00:00:00",17,-7
"2024-07-23 00:00:00",29,-5
"2024-07-24 00:00:00",37,-7
"2024-07-25 00:00:00",33,-4
"2024-07-26 00:00:00",10,-4
"2024-07-27 00:00:00",13,-4
"2024-07-28 00:00:00",22,
"2024-07-29 00:00:00",18,-4
"2024-07-30 00:00:00",19,
"2024-07-31 00:00:00",21,
"2024-08-01 00:00:00",16,-3
"2024-08-02 00:00:00",19,-5
"2024-08-03 00:00:00",27,-3
"2024-08-04 00:00:00",17,-5
"2024-08-05 00:00:00",15,
"2024-08-06 00:00:00",23,-3
"2024-08-07 00:00:00",29,-5
"2024-08-08 00:00:00",21,
"2024-08-09 00:00:00",20,
"2024-08-10 00:00:00",22,
"2024-08-11 00:00:00",33,
"2024-08-12 00:00:00",21,-1
"2024-08-13 00:00:00",29,-3
"2024-08-14 00:00:00",25,-3
"2024-08-15 00:00:00",35,-4
"2024-08-16 00:00:00",24,-2
"2024-08-17 00:00:00",33,-7
"2024-08-18 00:00:00",25,
"2024-08-19 00:00:00",18,-3
"2024-08-20 00:00:00",14,-5
"2024-08-21 00:00:00",30,
"2024-08-22 00:00:00",31,
"2024-08-23 00:00:00",33,-3
"2024-08-24 00:00:00",17,
"2024-08-25 00:00:00",31,-3
"2024-08-26 00:00:00",32,-3
"2024-08-27 00:00:00",35,-2
"2024-08-28 00:00:00",29,-1
"2024-08-29 00:00:00",17,-1
"2024-08-30 00:00:00",31,-2
"2024-08-31 00:00:00",23,-4
"2024-09-01 00:00:00",29,-2
"2024-09-02 00:00:00",29,-4
"2024-09-03 00:00:00",26,-9
"2024-09-04 00:00:00",25,-1
"2024-09-05 00:00:00",25,-1
"2024-09-06 00:00:00",,
"2024-09-07 00:00:00",76,
"2024-09-08 00:00:00",43,-3
"2024-09-09 00:00:00",62,-8
"2024-09-10 00:00:00",30,-6
"2024-09-11 00:00:00",45,-5
"2024-09-12 00:00:00",26,-13
"2024-09-13 00:00:00",26,-4
"2024-09-14 00:00:00",46,-6
"2024-09-15 00:00:00",58,
"2024-09-16 00:00:00",79,-4
"2024-09-17 00:00:00",30,-7
"2024-09-18 00:00:00",33,-4
"2024-09-19 00:00:00",28,-2
"2024-09-20 00:00:00",31,-4
"2024-09-21 00:00:00",47,-4
"2024-09-22 00:00:00",43,-3
"2024-09-23 00:00:00",39,-3
"2024-09-24 00:00:00",41,-3
"2024-09-25 00:00:00",17,-1
"2024-09-26 00:00:00",44,-6
"2024-09-27 00:00:00",20,-3
"2024-09-28 00:00:00",15,-8
"2024-09-29 00:00:00",37,-4
"2024-09-30 00:00:00",32,-7
"2024-10-01 00:00:00",29,-1
"2024-10-02 00:00:00",32,-6
"2024-10-03 00:00:00",20,-4
"2024-10-04 00:00:00",34,-8
"2024-10-05 00:00:00",37,-1
"2024-10-06 00:00:00",24,
"2024-10-07 00:00:00",32,-3
"2024-10-08 00:00:00",18,-5
"2024-10-09 00:00:00",27,-4
"2024-10-10 00:00:00",18,-5
"2024-10-11 00:00:00",18,
"2024-10-12 00:00:00",23,
"2024-10-13 00:00:00",29,-3
"2024-10-14 00:00:00",21,-3
"2024-10-15 00:00:00",35,-2
"2024-10-16 00:00:00",22,-3
"2024-10-17 00:00:00",24,-3
"2024-10-18 00:00:00",20,-5
"2024-10-19 00:00:00",22,-1
"2024-10-20 00:00:00",27,-6
"2024-10-21 00:00:00",22,-3
"2024-10-22 00:00:00",23,-1
"2024-10-23 00:00:00",13,
"2024-10-24 00:00:00",14,-1
"2024-10-25 00:00:00",13,-4
"2024-10-26 00:00:00",19,-1
"2024-10-27 00:00:00",31,-1
"2024-10-28 00:00:00",23,-1
"2024-10-29 00:00:00",41,-4
"2024-10-30 00:00:00",41,-5
"2024-10-31 00:00:00",30,-5
"2024-11-01 00:00:00",39,-3
"2024-11-02 00:00:00",37,
"2024-11-03 00:00:00",51,-13
"2024-11-04 00:00:00",38,
"2024-11-05 00:00:00",38,-2
"2024-11-06 00:00:00",30,-5
"2024-11-07 00:00:00",54,-7
"2024-11-08 00:00:00",32,-6
"2024-11-09 00:00:00",44,
"2024-11-10 00:00:00",48,-6
"2024-11-11 00:00:00",42,-2
"2024-11-12 00:00:00",34,-2
"2024-11-13 00:00:00",22,-4
"2024-11-14 00:00:00",27,-4
"2024-11-15 00:00:00",37,-4
"2024-11-16 00:00:00",18,-1
"2024-11-17 00:00:00",38,-2
"2024-11-18 00:00:00",34,-4
"2024-11-19 00:00:00",8,
"2024-11-20 00:00:00",15,-1
"2024-11-21 00:00:00",29,-4
"2024-11-22 00:00:00",23,-3
"2024-11-23 00:00:00",35,
"2024-11-24 00:00:00",19,
"2024-11-25 00:00:00",37,-1
"2024-11-26 00:00:00",24,-3
"2024-11-27 00:00:00",71,-3
"2024-11-28 00:00:00",400,-4
"2024-11-29 00:00:00",220,-1
"2024-11-30 00:00:00",212,-3
"2024-12-01 00:00:00",189,-8
"2024-12-02 00:00:00",175,-3
"2024-12-03 00:00:00",107,-6
"2024-12-04 00:00:00",183,-7
"2024-12-05 00:00:00",26,
"2024-12-06 00:00:00",34,
"2024-12-07 00:00:00",42,-2
"2024-12-08 00:00:00",31,-2
"2024-12-09 00:00:00",22,-7
"2024-12-10 00:00:00",13,
"2024-12-11 00:00:00",32,-4
"2024-12-12 00:00:00",20,
"2024-12-13 00:00:00",15,-2
"2024-12-14 00:00:00",28,-2
"2024-12-15 00:00:00",33,-2
"2024-12-16 00:00:00",21,-2
"2024-12-17 00:00:00",22,-1
"2024-12-18 00:00:00",26,-3
"2024-12-19 00:00:00",40,-5
"2024-12-20 00:00:00",45,-6
"2024-12-21 00:00:00",61,-1
"2024-12-22 00:00:00",68,-8
"2024-12-23 00:00:00",87,-12
"2024-12-24 00:00:00",85,-5
"2024-12-25 00:00:00",71,-7
"2024-12-26 00:00:00",71,-5
"2024-12-27 00:00:00",73,-9
"2024-12-28 00:00:00",102,-7
"2024-12-29 00:00:00",86,-16
"2024-12-30 00:00:00",165,-11
"2024-12-31 00:00:00",37,-10
"2025-01-01 00:00:00",95,-5
"2025-01-02 00:00:00",120,-11
"2025-01-03 00:00:00",39,-9
"2025-01-04 00:00:00",69,-16
"2025-01-05 00:00:00",80,-5
"2025-01-06 00:00:00",49,-11
"2025-01-07 00:00:00",46,-3
"2025-01-08 00:00:00",36,-8
"2025-01-09 00:00:00",39,-8
"2025-01-10 00:00:00",58,-15
"2025-01-11 00:00:00",32,-5
"2025-01-12 00:00:00",41,-9
"2025-01-13 00:00:00",65,-2
"2025-01-14 00:00:00",42,
"2025-01-15 00:00:00",40,-5
"2025-01-16 00:00:00",20,-1
"2025-01-17 00:00:00",30,-5
"2025-01-18 00:00:00",35,-6
"2025-01-19 00:00:00",50,
"2025-01-20 00:00:00",61,-3
"2025-01-21 00:00:00",38,-4
"2025-01-22 00:00:00",47,-7
"2025-01-23 00:00:00",45,-2
"2025-01-24 00:00:00",60,-3
"2025-01-25 00:00:00",38,-15
"2025-01-26 00:00:00",53,-19
"2025-01-27 00:00:00",73,-7
"2025-01-28 00:00:00",23,
"2025-01-29 00:00:00",41,
"2025-01-30 00:00:00",34,-4
"2025-01-31 00:00:00",47,-5
"2025-02-01 00:00:00",40,-2
"2025-02-02 00:00:00",41,-1
"2025-02-03 00:00:00",31,-7
"2025-02-04 00:00:00",40,-3
"2025-02-05 00:00:00",22,-3
"2025-02-06 00:00:00",32,-9
"2025-02-07 00:00:00",29,-3
"2025-02-08 00:00:00",37,
"2025-02-09 00:00:00",29,-1
"2025-02-10 00:00:00",32,
"2025-02-11 00:00:00",27,-4
"2025-02-12 00:00:00",14,-1
"2025-02-13 00:00:00",28,-1
"2025-02-14 00:00:00",18,-27
"2025-02-15 00:00:00",21,-63
"2025-02-16 00:00:00",21,-71
"2025-02-17 00:00:00",38,-57
"2025-02-18 00:00:00",103,-125
"2025-02-19 00:00:00",33,-154
"2025-02-20 00:00:00",22,-156
"2025-02-21 00:00:00",50,-124
"2025-02-22 00:00:00",15,-24
"2025-02-23 00:00:00",34,-25
"2025-02-24 00:00:00",17,-209
"2025-02-25 00:00:00",19,-149
"2025-02-26 00:00:00",9,-86
"2025-02-27 00:00:00",7,-175
"2025-02-28 00:00:00",,-280
"2025-03-01 00:00:00",11,-231
"2025-03-02 00:00:00",3,-90
"2025-03-03 00:00:00",31,-129
"2025-03-04 00:00:00",5,-45
"2025-03-05 00:00:00",22,-51
"2025-03-06 00:00:00",10,-57
"2025-03-07 00:00:00",18,-63
"2025-03-08 00:00:00",32,-28
"2025-03-09 00:00:00",15,-17
"2025-03-10 00:00:00",31,-31
"2025-03-11 00:00:00",34,-28
"2025-03-12 00:00:00",26,-18
"2025-03-13 00:00:00",30,-45
"2025-03-14 00:00:00",33,-15
"2025-03-15 00:00:00",35,-35
"2025-03-16 00:00:00",47,-22
"2025-03-17 00:00:00",44,-11
"2025-03-18 00:00:00",25,-7
"2025-03-19 00:00:00",29,-15
"2025-03-20 00:00:00",45,-11
"2025-03-21 00:00:00",23,-3
"2025-03-22 00:00:00",38,-12
"2025-03-23 00:00:00",37,-10
"2025-03-24 00:00:00",43,-9
"2025-03-25 00:00:00",37,-44
"2025-03-26 00:00:00",16,-35
"2025-03-27 00:00:00",28,-12
"2025-03-28 00:00:00",55,-15
"2025-03-29 00:00:00",39,
"2025-03-30 00:00:00",42,-1
"2025-03-31 00:00:00",48,-15
"2025-04-01 00:00:00",12,-5
"2025-04-02 00:00:00",21,-5
"2025-04-03 00:00:00",32,-2
"2025-04-04 00:00:00",41,-8
"2025-04-05 00:00:00",37,-5
"2025-04-06 00:00:00",39,-4
"2025-04-07 00:00:00",27,-5
"2025-04-08 00:00:00",20,-4
"2025-04-09 00:00:00",29,
"2025-04-10 00:00:00",26,-4
"2025-04-11 00:00:00",18,-6
"2025-04-12 00:00:00",29,-3
"2025-04-13 00:00:00",41,-5
"2025-04-14 00:00:00",30,-1
"2025-04-15 00:00:00",26,
"2025-04-16 00:00:00",19,-4
"2025-04-17 00:00:00",20,
"2025-04-18 00:00:00",25,-1
"2025-04-19 00:00:00",27,-7
"2025-04-20 00:00:00",30,-5
"2025-04-21 00:00:00",29,-6
"2025-04-22 00:00:00",26,-3
"2025-04-23 00:00:00",25,-6
"2025-04-24 00:00:00",12,
"2025-04-25 00:00:00",26,-6
"2025-04-26 00:00:00",15,-4
"2025-04-27 00:00:00",25,-8
"2025-04-28 00:00:00",32,-5
"2025-04-29 00:00:00",12,-3
"2025-04-30 00:00:00",13,-1
"2025-05-01 00:00:00",42,-3
"2025-05-02 00:00:00",30,-1
"2025-05-03 00:00:00",34,-5
"2025-05-04 00:00:00",28,-6
"2025-05-05 00:00:00",90,-108
"2025-05-06 00:00:00",,-189
"2025-05-07 00:00:00",13,-220
"2025-05-08 00:00:00",30,-55
"2025-05-09 00:00:00",78,-85
"2025-05-10 00:00:00",64,-83
"2025-05-11 00:00:00",122,-131
"2025-05-12 00:00:00",46,-65
"2025-05-13 00:00:00",57,-54
"2025-05-14 00:00:00",55,-49
"2025-05-15 00:00:00",31,-27
"2025-05-16 00:00:00",65,-29
"2025-05-17 00:00:00",38,-23
"2025-05-18 00:00:00",48,-40
"2025-05-19 00:00:00",84,-34
"2025-05-20 00:00:00",45,-27
"2025-05-21 00:00:00",42,-16
"2025-05-22 00:00:00",29,-17
"2025-05-23 00:00:00",41,-32
"2025-05-24 00:00:00",38,-15
"2025-05-25 00:00:00",40,-26
"2025-05-26 00:00:00",54,-40
"2025-05-27 00:00:00",14,-10
"2025-05-28 00:00:00",30,-19
"2025-05-29 00:00:00",27,-21
"2025-05-30 00:00:00",17,-20
"2025-05-31 00:00:00",37,-19
"2025-06-01 00:00:00",26,-16
"2025-06-02 00:00:00",40,-15
"2025-06-03 00:00:00",43,-9
"2025-06-04 00:00:00",6,-49
"2025-06-05 00:00:00",9,-89
"2025-06-06 00:00:00",11,-33
"2025-06-07 00:00:00",10,-44
"2025-06-08 00:00:00",33,-30
"2025-06-09 00:00:00",34,-41
"2025-06-10 00:00:00",24,-16
"2025-06-11 00:00:00",13,-11
"2025-06-12 00:00:00",22,-25
"2025-06-13 00:00:00",16,-17
"2025-06-14 00:00:00",29,-10
"2025-06-15 00:00:00",39,-19
"2025-06-16 00:00:00",39,-10
"2025-06-17 00:00:00",10,-10
"2025-06-18 00:00:00",20,-15
"2025-06-19 00:00:00",10,-5
"2025-06-20 00:00:00",17,-21
"2025-06-21 00:00:00",26,-20
"2025-06-22 00:00:00",20,-19
"2025-06-23 00:00:00",16,-16
"2025-06-24 00:00:00",18,-18
"2025-06-25 00:00:00",18,-16
"2025-06-26 00:00:00",29,-20
"2025-06-27 00:00:00",7,-7
"2025-06-28 00:00:00",53,-2
"2025-06-29 00:00:00",31,-5
"2025-06-30 00:00:00",24,-16
"2025-07-01 00:00:00",28,-23
"2025-07-02 00:00:00",32,-13
"2025-07-03 00:00:00",15,-9
"2025-07-04 00:00:00",29,-8
"2025-07-05 00:00:00",29,
"2025-07-06 00:00:00",30,-17
"2025-07-07 00:00:00",30,-13
"2025-07-08 00:00:00",22,-9
"2025-07-09 00:00:00",21,-13
"2025-07-10 00:00:00",41,-22
"2025-07-11 00:00:00",18,
"2025-07-12 00:00:00",35,-1
"2025-07-13 00:00:00",25,-7
"2025-07-14 00:00:00",26,-9
"2025-07-15 00:00:00",16,-12
"2025-07-16 00:00:00",7,-6
"2025-07-17 00:00:00",25,-8
"2025-07-18 00:00:00",28,-15
"2025-07-19 00:00:00",13,-2
"2025-07-20 00:00:00",19,-11
"2025-07-21 00:00:00",31,-4
"2025-07-22 00:00:00",36,-6
"2025-07-23 00:00:00",15,-3
"2025-07-24 00:00:00",18,-9
"2025-07-25 00:00:00",14,-11
"2025-07-26 00:00:00",20,-4
"2025-07-27 00:00:00",36,-4
"2025-07-28 00:00:00",21,-6
"2025-07-29 00:00:00",20,-13
"2025-07-30 00:00:00",24,-7
"2025-07-31 00:00:00",17,-5
"2025-08-01 00:00:00",13,-13
"2025-08-02 00:00:00",18,-7
"2025-08-03 00:00:00",16,-7
"2025-08-04 00:00:00",25,-12
"2025-08-05 00:00:00",26,-8
"2025-08-06 00:00:00",28,
"2025-08-07 00:00:00",15,
"2025-08-08 00:00:00",12,-11
"2025-08-09 00:00:00",19,-10
"2025-08-10 00:00:00",32,
"2025-08-11 00:00:00",20,-15
"2025-08-12 00:00:00",34,-1
"2025-08-13 00:00:00",16,-8
"2025-08-14 00:00:00",31,-14
"2025-08-15 00:00:00",24,-4
"2025-08-16 00:00:00",26,-3
"2025-08-17 00:00:00",32,-4
"2025-08-18 00:00:00",45,-7
"2025-08-19 00:00:00",20,-1
"2025-08-20 00:00:00",33,-4
"2025-08-21 00:00:00",34,-3
"2025-08-22 00:00:00",30,-8
"2025-08-23 00:00:00",34,-11
"2025-08-24 00:00:00",24,-8
"2025-08-25 00:00:00",32,-11
"2025-08-26 00:00:00",18,-4
"2025-08-27 00:00:00",29,-8
"2025-08-28 00:00:00",11,-4
"2025-08-29 00:00:00",19,-3
"2025-08-30 00:00:00",29,-10
"2025-08-31 00:00:00",23,
"2025-09-01 00:00:00",13,-10
"2025-09-02 00:00:00",25,-3
"2025-09-03 00:00:00",14,-13
"2025-09-04 00:00:00",21,-4
"2025-09-05 00:00:00",13,-7
"2025-09-06 00:00:00",25,
"2025-09-07 00:00:00",19,-8
"2025-09-08 00:00:00",16,-5
"2025-09-09 00:00:00",17,-6
"2025-09-10 00:00:00",21,-4
"2025-09-11 00:00:00",15,-4
"2025-09-12 00:00:00",3,-3
"2025-09-13 00:00:00",,
"2025-09-14 00:00:00",46,-13
"2025-09-15 00:00:00",15,-1
"2025-09-16 00:00:00",18,
"2025-09-17 00:00:00",23,-3
"2025-09-18 00:00:00",21,-2
"2025-09-19 00:00:00",19,-4
"2025-09-20 00:00:00",24,-2
"2025-09-21 00:00:00",29,-3
"2025-09-22 00:00:00",53,-11
"2025-09-23 00:00:00",31,-47
"2025-09-24 00:00:00",40,-22
"2025-09-25 00:00:00",26,-8
"2025-09-26 00:00:00",24,-6
"2025-09-27 00:00:00",46,-35
"2025-09-28 00:00:00",33,-30
"2025-09-29 00:00:00",36,-30
"2025-09-30 00:00:00",41,-41
"2025-10-01 00:00:00",16,-17
"2025-10-02 00:00:00",59,-23
"2025-10-03 00:00:00",30,-11
"2025-10-04 00:00:00",29,-26
"2025-10-05 00:00:00",32,-26
"2025-10-06 00:00:00",60,-30
"2025-10-07 00:00:00",20,-21
"2025-10-08 00:00:00",26,-19
"2025-10-09 00:00:00",34,-19
"2025-10-10 00:00:00",18,-9
"2025-10-11 00:00:00",14,-8
"2025-10-12 00:00:00",37,
"2025-10-13 00:00:00",33,-10
"2025-10-14 00:00:00",17,-5
"2025-10-15 00:00:00",25,-8
"2025-10-16 00:00:00",6,-6
"2025-10-17 00:00:00",22,-5
"2025-10-18 00:00:00",24,-8
"2025-10-19 00:00:00",20,-12
"2025-10-20 00:00:00",25,-9
"2025-10-21 00:00:00",26,-10
"2025-10-22 00:00:00",19,-1
"2025-10-23 00:00:00",13,-13
"2025-10-24 00:00:00",19,-9
"2025-10-25 00:00:00",29,-6
"2025-10-26 00:00:00",25,-9
"2025-10-27 00:00:00",14,-4
"2025-10-28 00:00:00",17,-2
"2025-10-29 00:00:00",14,-10
"2025-10-30 00:00:00",17,-4
"2025-10-31 00:00:00",22,
"2025-11-01 00:00:00",25,
"2025-11-02 00:00:00",22,-6
"2025-11-03 00:00:00",23,-17
"2025-11-04 00:00:00",5,-9
"2025-11-05 00:00:00",23,-1
"2025-11-06 00:00:00",12,-8
"2025-11-07 00:00:00",15,-6
"2025-11-08 00:00:00",21,-10
"2025-11-09 00:00:00",21,
"2025-11-10 00:00:00",19,-13
"2025-11-11 00:00:00",12,-3
"2025-11-12 00:00:00",10,-6
"2025-11-13 00:00:00",22,
"2025-11-14 00:00:00",4,-12
"2025-11-15 00:00:00",20,-7
"2025-11-16 00:00:00",18,-3
"2025-11-17 00:00:00",23,-3
"2025-11-18 00:00:00",9,-2
"2025-11-19 00:00:00",15,-1
"2025-11-20 00:00:00",8,-8
"2025-11-21 00:00:00",14,-9
"2025-11-22 00:00:00",19,-1
"2025-11-23 00:00:00",27,-14
"2025-11-24 00:00:00",20,-8
"2025-11-25 00:00:00",272,-3
"2025-11-26 00:00:00",128,-11
"2025-11-27 00:00:00",152,-14
"2025-11-28 00:00:00",189,-9
"2025-11-29 00:00:00",123,-22
"2025-11-30 00:00:00",131,-15
"2025-12-01 00:00:00",93,-10
"2025-12-02 00:00:00",54,-8
"2025-12-03 00:00:00",30,-6
"2025-12-04 00:00:00",14,-12
"2025-12-05 00:00:00",36,-8
"2025-12-06 00:00:00",30,-2
"2025-12-07 00:00:00",42,
"2025-12-08 00:00:00",35,-5
"2025-12-09 00:00:00",38,-3
"2025-12-10 00:00:00",17,-7
"2025-12-11 00:00:00",22,-7
"2025-12-12 00:00:00",16,-30
"2025-12-13 00:00:00",18,-10
"2025-12-14 00:00:00",24,-5
"2025-12-15 00:00:00",21,-2
"2025-12-16 00:00:00",16,-9
"2025-12-17 00:00:00",19,-19
"2025-12-18 00:00:00",20,-10
"2025-12-19 00:00:00",16,-11
"2025-12-20 00:00:00",15,-3
"2025-12-21 00:00:00",35,-8
"2025-12-22 00:00:00",34,-5
"2025-12-23 00:00:00",32,-3
"2025-12-24 00:00:00",28,-8
"2025-12-25 00:00:00",27,-3
"2025-12-26 00:00:00",33,-6
"2025-12-27 00:00:00",27,-4
"2025-12-28 00:00:00",38,-14
"2025-12-29 00:00:00",27,-3
"2025-12-30 00:00:00",32,-5
"2025-12-31 00:00:00",24,-8
"2026-01-01 00:00:00",27,-8
"2026-01-02 00:00:00",42,-9
"2026-01-03 00:00:00",31,-9
"2026-01-04 00:00:00",38,-6
"2026-01-05 00:00:00",40,-15
"2026-01-06 00:00:00",18,-4
"2026-01-07 00:00:00",29,-3
"2026-01-08 00:00:00",21,
"2026-01-09 00:00:00",16,-4
"2026-01-10 00:00:00",33,-8
"2026-01-11 00:00:00",27,-6
"2026-01-12 00:00:00",24,-4
"2026-01-13 00:00:00",12,
"2026-01-14 00:00:00",21,-5
"2026-01-15 00:00:00",19,-7
"2026-01-16 00:00:00",16,-6
"2026-01-17 00:00:00",11,-9
"2026-01-18 00:00:00",16,-2
"2026-01-19 00:00:00",21,-10
"2026-01-20 00:00:00",19,-2
"2026-01-21 00:00:00",9,-4
"2026-01-22 00:00:00",17,-9
"2026-01-23 00:00:00",22,-2
"2026-01-24 00:00:00",30,-2
"2026-01-25 00:00:00",52,-6
"2026-01-26 00:00:00",38,-6
"2026-01-27 00:00:00",34,
"2026-01-28 00:00:00",24,-3
"2026-01-29 00:00:00",32,
"2026-01-30 00:00:00",33,-2
"2026-01-31 00:00:00",20,-10
"2026-02-01 00:00:00",29,-7
"2026-02-02 00:00:00",30,-2
"2026-02-03 00:00:00",21,-3
"2026-02-04 00:00:00",27,-4
"2026-02-05 00:00:00",24,-9
"2026-02-06 00:00:00",14,-2
"2026-02-07 00:00:00",24,-5
"2026-02-08 00:00:00",15,-11
"2026-02-09 00:00:00",13,
"2026-02-10 00:00:00",10,-5
"2026-02-11 00:00:00",31,-1
"2026-02-12 00:00:00",21,
"2026-02-13 00:00:00",27,-2
"2026-02-14 00:00:00",14,-4
"2026-02-15 00:00:00",24,-1
"2026-02-16 00:00:00",14,-6
"2026-02-17 00:00:00",28,
"2026-02-18 00:00:00",22,
"2026-02-19 00:00:00",20,-2
"2026-02-20 00:00:00",15,
"2026-02-21 00:00:00",23,-1
"2026-02-22 00:00:00",20,-12
"2026-02-23 00:00:00",24,-3
"2026-02-24 00:00:00",15,-7
"2026-02-25 00:00:00",13,-6
"2026-02-26 00:00:00",29,-3
"2026-02-27 00:00:00",14,-3
"2026-02-28 00:00:00",15,-1
"2026-03-01 00:00:00",28,-3
"2026-03-02 00:00:00",18,-1
"2026-03-03 00:00:00",23,-3
"2026-03-04 00:00:00",18,
"2026-03-05 00:00:00",13,-2
"2026-03-06 00:00:00",19,
"2026-03-07 00:00:00",21,-2
"2026-03-08 00:00:00",13,-6
"2026-03-09 00:00:00",14,-2
"2026-03-10 00:00:00",17,
"2026-03-11 00:00:00",14,-3
"2026-03-12 00:00:00",13,
"2026-03-13 00:00:00",17,-2
"2026-03-14 00:00:00",22,-8
"2026-03-15 00:00:00",17,-2
"2026-03-16 00:00:00",7,-7
"2026-03-17 00:00:00",19,-7
"2026-03-18 00:00:00",16,-131
"2026-03-19 00:00:00",2,-138
"2026-03-20 00:00:00",15,-61
"2026-03-21 00:00:00",15,-57
"2026-03-22 00:00:00",24,-65
"2026-03-23 00:00:00",13,-67
"2026-03-24 00:00:00",21,-50
"2026-03-25 00:00:00",19,-63
"2026-03-26 00:00:00",11,-26
"2026-03-27 00:00:00",13,-25
"2026-03-28 00:00:00",24,-21
"2026-03-29 00:00:00",30,-34
"2026-03-30 00:00:00",12,-65
"2026-03-31 00:00:00",24,-35
"2026-04-01 00:00:00",14,-43
"2026-04-02 00:00:00",20,-31
"2026-04-03 00:00:00",11,-21
"2026-04-04 00:00:00",11,-36
"2026-04-05 00:00:00",25,-28
"2026-04-06 00:00:00",18,-26
"2026-04-07 00:00:00",14,-15
"2026-04-08 00:00:00",18,-15
"2026-04-09 00:00:00",11,-24
"2026-04-10 00:00:00",10,-29
"2026-04-11 00:00:00",23,-14
"2026-04-12 00:00:00",29,-14
"2026-04-13 00:00:00",12,-11
"2026-04-14 00:00:00",12,-24
"2026-04-15 00:00:00",20,-9
"2026-04-16 00:00:00",12,-11
"2026-04-17 00:00:00",10,-14
"2026-04-18 00:00:00",21,-11
"2026-04-19 00:00:00",23,-13
"2026-04-20 00:00:00",16,-20
"2026-04-21 00:00:00",11,-10
"2026-04-22 00:00:00",19,-9
"2026-04-23 00:00:00",17,-11
"2026-04-24 00:00:00",3,-13
"2026-04-25 00:00:00",17,-1
"2026-04-26 00:00:00",21,-7
"2026-04-27 00:00:00",19,-15
"2026-04-28 00:00:00",17,-13
"2026-04-29 00:00:00",17,-19
"2026-04-30 00:00:00",21,-33
"2026-05-01 00:00:00",34,-14
"2026-05-02 00:00:00",33,-34
"2026-05-03 00:00:00",41,-27
"2026-05-04 00:00:00",33,-24
"2026-05-05 00:00:00",40,-16
"2026-05-06 00:00:00",34,-11
"2026-05-07 00:00:00",26,-14
"2026-05-08 00:00:00",33,-16
"2026-05-09 00:00:00",30,-16
"2026-05-10 00:00:00",53,-20
"2026-05-11 00:00:00",34,-18
"2026-05-12 00:00:00",32,-21
"2026-05-13 00:00:00",35,-7
"2026-05-14 00:00:00",26,-5
"2026-05-15 00:00:00",19,-3
"2026-05-16 00:00:00",17,-11
"2026-05-17 00:00:00",22,-14
"2026-05-18 00:00:00",32,-22
"2026-05-19 00:00:00",19,-4
"2026-05-20 00:00:00",18,-6
"2026-05-21 00:00:00",17,-12
"2026-05-22 00:00:00",23,-14
"2026-05-23 00:00:00",37,-8
"2026-05-24 00:00:00",23,-7
"2026-05-25 00:00:00",36,-5
"2026-05-26 00:00:00",21,-5
"2026-05-27 00:00:00",23,-7
"2026-05-28 00:00:00",21,-5
"2026-05-29 00:00:00",19,-7
"2026-05-30 00:00:00",18,
"2026-05-31 00:00:00",18,-9
"2026-06-01 00:00:00",24,-9
"2026-06-02 00:00:00",21,-2
"2026-06-03 00:00:00",16,
"2026-06-04 00:00:00",23,-2
"2026-06-05 00:00:00",21,-4
"2026-06-06 00:00:00",10,-7
"2026-06-07 00:00:00",22,-4
"2026-06-08 00:00:00",26,-7
"2026-06-09 00:00:00",6,-6
"2026-06-10 00:00:00",9,
"2026-06-11 00:00:00",21,-1
"2026-06-12 00:00:00",14,-7
"2026-06-13 00:00:00",25,-2
"2026-06-14 00:00:00",18,-3
"2026-06-15 00:00:00",55,-10
"2026-06-16 00:00:00",40,-39
"2026-06-17 00:00:00",33,-33
"2026-06-18 00:00:00",37,-16
"2026-06-19 00:00:00",22,-16
"2026-06-20 00:00:00",47,-31
"2026-06-21 00:00:00",64,-39
"2026-06-22 00:00:00",72,-37
"2026-06-23 00:00:00",33,-6
"2026-06-24 00:00:00",37,-12
"2026-06-25 00:00:00",43,-18
"2026-06-26 00:00:00",20,-8
"2026-06-27 00:00:00",40,-14
"2026-06-28 00:00:00",43,-15
"2026-06-29 00:00:00",41,-13
"2026-06-30 00:00:00",13,-5
"2026-07-01 00:00:00",38,-9
"2026-07-02 00:00:00",18,-14
"2026-07-03 00:00:00",28,-4
"2026-07-04 00:00:00",28,-1
"2026-07-05 00:00:00",29,-11
"2026-07-06 00:00:00",31,-19
"2026-07-07 00:00:00",36,-10
"2026-07-08 00:00:00",23,-10
"2026-07-09 00:00:00",38,-3
"2026-07-10 00:00:00",25,-4
"2026-07-11 00:00:00",29,-8
"2026-07-12 00:00:00",27,-9
"2026-07-13 00:00:00",29,-10
"2026-07-14 00:00:00",25,
"2026-07-15 00:00:00",16,-8
"2026-07-16 00:00:00",22,-1